"writer","date","comment"
"채희아비","2023.11.19","노년에 치매라른것이 너무 힘듬을 다시 일깨우게 하네요
치매는 죽음이다 ㅠ"
"ysoyso","2023.08.31","그대 어이가리 그대 어이가리"
"연꽃","2023.06.05","그대 어이가리
 재미 있었어요"
"호호 아저씨","2023.05.29","갈 때가 되면 누구나 간다지만..."
"aaaaann","2023.04.20","제발 우리 가족 치매에 걸리지 않게 해주세요. 치매 치료가 되면 좋겠어요."
"건상사랑","2023.04.17","재미있게 잘 보았습니다"
"작전본부장","2023.04.07","재미있었어요~!!!"
"레몬빛초아","2023.03.31","생각 보다 괜챃았어요~"
"ka**l3126","2023.03.30","감동적인 스토리와 연기"
"wh**ee0304","2023.03.30","흥미롭게 잘 보았습니다"
"to**2644","2023.03.25","재밌게 잘 봤어요~ㅎㅎ"
"me**eur","2023.03.24","의도는 있지만 어설프다"
"Justin","2023.03.24","생각이 많은 영화 ~~~"
"제임 스님","2023.03.22","세상에서 가장 슬픈 것중 하나!!"
"서울액터","2023.03.22","아픔만 남아. 이젠 흔한 소재. 잠시 돌아본다. 삶"
"윤거지","2023.03.21","구우웃구우웃구우우웃"
"마루","2023.03.21","영화의 맛은 어이가리?"
"소영사랑","2023.03.21","오랜만에 실컷 울면서 영화를 보았다  너무 좋고 너무 감동받고 너무 너무 가슴에 와 닿습니다."
"sh**yany","2023.03.21","좋은 작품 잘보았습니다"
"daily2024","2023.03.21","배우들의 연기 특히 엔딩에서 가슴을 울린 영화"
"sh**4260","2023.03.21","누구에게나 찾아올 수 있는 아픔을 어떻게 다스릴것인가"
"알리타22","2023.03.20","한국인에게 더 와닿는 연기와 연출."
"kt**27","2023.03.20","<그대 어이가리> 잘 봤습니다"
"속초사랑","2023.03.20","현재 벌어지고 있는 노인 치매문제를 너무 실감나게 다룬것 같습니다.
많이 공감합니다.  특히 안락사.."
"bo**ny511","2023.03.20","기억이 사라진다는 것은.."
"s9**3018","2023.03.20","너무 슬픈건 아무도 기억하지 못하는것 같아요."
"s9**2033","2023.03.20","눈물없이 볼수 없는 영화인것 같아요."
"bo**n0511","2023.03.20","연기가 스토리에 더 몰입하게 하네요"
"sk**iew48","2023.03.20","보면서 울컥했던 것 같아요"
"se**340","2023.03.20","너무 슬픈 영화에요~~ㅠ"
"ys**o799","2023.03.20","좋은 영화.. 잘 봤습니다.."
"겐시로","2023.03.20","그대 어이가리 소소한감동"
"아카시아","2023.03.20","많은 생각을 하게하는 영화입니다.
양쪽 다 공감이가니...."
"ho**l82","2023.03.20","흥미로운이야기! 기대중입니다!"
"ao**mdudghk4","2023.03.20","그럭저럭 볼만한거 같네요."
"fo**verruddl","2023.03.20","그대어이가리볼만합니다"
"sunny~~~~~~~~","2023.03.20","감동 감동
좋은영화입니다"
"k9**2033","2023.03.20","진짜 슬픈 영화네요~~"
"불주먹무비","2023.03.20","지극히 현실적이라 불쾌하기까지 했음
물론 영화 자체가 아니라 캐릭터들에 비춰지는 내 상황과 아직 오지 않은 미래에 대한 불쾌함...
진혼곡에 대해 산 사람을 위한 노래라는 장면도 좋았고, 연극같은 흐름과 연기도 좋았다"
"레민뇽","2023.03.19","abcdefghij"
"mo**egochoi","2023.03.19","생각이 많아지는 영화였어요.."
"ei**oz666","2023.03.19","보고 싶지 않아 서쿠도 버렸네요"
"_Holicholic","2023.03.19","영화를 보고나니 먹먹해진다"
"spin","2023.03.19","그냥 저냥 볼만했어요.."
"덴젤워싱턴","2023.03.19","나도 그리하리라,
내 모든 기억을 잃어갈때
나와 가족과 주변사람들을 위해서
기억없기 전에
예쁜 최후를 선택하리라."
"so**n12041","2023.03.19","재미있어용 재미있어요"
"so**n0620","2023.03.19","재미있어용 재미있어요"
"ek**nwkd609","2023.03.19","재미있어용 재미있어요"
"so**n0309","2023.03.19","재미있어용 재미있어요"
"홀드03","2023.03.19","잘 봤습니다. 추천하지는 않습니다."
"아수라02","2023.03.19","잘 봤습니다. 추천하지는 않습니다."
"밍티01","2023.03.19","잘 봤습니다. 추천하지는 않습니다."
"funnyturnip","2023.03.19","그대 어이가리  그대 어일가리  그대 어리가리"
"프로비아","2023.03.19","괘찮게봤습니다 생각할게좀 있는영화네요"
"순수이미지","2023.03.19","나쁘지 않았습니다 볼만합니다"
"si**aa1","2023.03.19","치매는 무서운 질병이에요"
"월하가인","2023.03.19","어려운 주제는 항상 보기힘들어요"
"happy","2023.03.19","치매라는게 너무 힘들다"
"나영공","2023.03.19","배우들의 연기는 인상적, 내러티브는 도식적"
"옴니시아","2023.03.19","치매는 결국 비극적인 현실로 끝나는 법인걸까..."
"팝콘의뢰","2023.03.19","나이듦이 나의 의지와는 상관없다는...ㅜ  ㅜ"
"cinemav","2023.03.19","그냥 그랬어요 별루..."
"양.","2023.03.19","그대어이가리 잘 봤습니다"
"yh**18","2023.03.19","우울하지만 리얼한현실"
"77**ffodil","2023.03.19","너무 슬프네여~ ㅠ.ㅠ ㅜ.ㅜ"
"ar**2778","2023.03.19","눈물이 눈물이 눈물이~"
"du**n5318","2023.03.19","너무나 슬픈 현실입니다."
"gn**235","2023.03.18","굿굿굿굿긋긋굿굿굿굿"
"eu**yun11","2023.03.18","넘 진부하지만 연기는 좋아요."
"ra**ok","2023.03.18","배우들의 연기는 좋았지만 진부함."
"sbsss222","2023.03.18","영화 잘보고 왔습니다."
"우분트","2023.03.18","인생이 너무 허무한것 같아요. 치매에 안 걸리도록 노력 해야 겠네요."
"pj522222","2023.03.18","영화 잘보고 왔습니다."
"hee4444","2023.03.18","영화 잘보고 왔습니다."
"dj**009","2023.03.18","가슴이 아픈 영화네요..,,"
"bo**kim25","2023.03.18","제목도 슬프고 내용도 슬프네요."
"purmeice","2023.03.18","영화 재밌게 잘 봤습니다."
"sy21cs","2023.03.18","영화 재밌게 잘 봤습니다."
"ji**3975","2023.03.18","오랜만의 극장나들이였음"
"초고니","2023.03.18","감동적인 영화였습니다."
"sa**185","2023.03.18","그대 어이가리.. 잘 보았습니다."
"sa**002","2023.03.18","가슴이 아픈 영화네요..."
"je**ral0","2023.03.18","딱 치매영화
그래도 마지막에서 의미를 찾았음"
"stardusttt","2023.03.18","슬픈 현대의 이야기 잘 봤어요"
"로잘린","2023.03.18","현실이 느껴져서 너무 슬펐습니다"
"타라이모","2023.03.18","수건없이 볼 수없는 영화. 카타르시스 대로하네요"
"밥팅","2023.03.18","치매소재의 영화중 가장 사실적인 느낌으로 다가왔어요 너무 우울하지만  남의
일이
아닌것 같아 몰입해서 봤습니다"
"nh**10","2023.03.18","슬픈 영화를 찾으시면 추천드립니다."
"poorthings","2023.03.18","눈물이 계속 나오는 먹먹한 영화"
"♥REJ♥","2023.03.18","치매만 걱정하고 있었는데, 외로움을 견디지 못하고 돌아가셨다.
그렇게 외롭게 가셨다..
나는 나를 용서하지 못할거야.."
"wo**s0319","2023.03.18","묘하게 연출이 어설프다느꼈어요"
"hoonee8480","2023.03.18","예매만하고 못봤어요 ㅠㅠ"
"요고조고","2023.03.18","그대어이가리 잘 봤어요"
"옴팽","2023.03.18","애달프고 슬픈 영화는 정말 잘 만들기 어렵다"
"su**ata77","2023.03.18","평론가들한테 낚였음."
"카이카이","2023.03.18","보는데 괴롭더라구요."
"ji**8905","2023.03.18","볼만해요볼만해요볼만해요"
"wh**h0","2023.03.18","볼만해요볼만해요볼만해요"
"콜라4eve","2023.03.18","재밌어요 재밌어요 재밌어요"
"콜라1995","2023.03.18","재밌어요 재밌어요 재밌어요"
"정수기러기","2023.03.18","뭉클한 영화였습니다."
"mi**mmaniya","2023.03.18","재미있게 잘 봤습니다!"
"작은소리.","2023.03.18","카시오베이도 추천하고요.  영화가  굿입니다요"
"er**amor3","2023.03.18","잘봤습니다 감사합니다."
"부하곰티","2023.03.18","좋았어요~^^!!!"
"vs**ycom3","2023.03.18","해당영화를관람하였습니다"
"fr**nea","2023.03.18","해당영화를관람하였습니다"
"fu**junho","2023.03.17","영화 좋네요 잘 봤습니다.."
"메에에에롱~","2023.03.17","캐릭터와 분위기가 전부 다 해버린"
"s9**4043","2023.03.17","치매환자와 그 가족에 대한 이야기 좋았어요."
"너와 나의 우정","2023.03.17","늙어 간다는건... 그렇게 천천히 병 들어간다는건... 인간 대부분의 겪을 수 밖에 없는 어렵고도 어려운 문제..."
"영원한","2023.03.17","영화는 좋았는데 웃으면서 평을 쓸만한 영화는 아닙니다"
"닉네임을설정해주세요","2023.03.17","영화는 좋았는데 웃으면서 평을 쓸만한 영화는 아닙니다"
"닉네임을입력해주세요","2023.03.17","영화는 좋았는데 웃으면서 평을 쓸만한 영화는 아닙니다"
"스비똥","2023.03.17","영화는 좋았는데 웃으면서 평을 쓸만한 영화는 아닙니다"
"pc**rot1","2023.03.17","영화는 좋았는데 웃으면서 평을 쓸만한 영화는 아닙니다"
"fa**book","2023.03.17","영화는 좋았는데 웃으면서 평을 쓸만한 영화는 아닙니다"
"돼뢍이","2023.03.17","영화는 좋았는데 웃으면서 평을 쓸만한 영화는 아닙니다"
"나이슈~","2023.03.17","좋았어요 골든에그 드립니다"
"ti**ory","2023.03.17","영화는 좋았는데 웃으면서 평을 쓸만한 영화는 아닙니다"
"BlackTiger007","2023.03.17","영화는 좋았는데 웃으면서 평을 쓸만한 영화는 아닙니다"
"restinpeace","2023.03.17","기억은 소리가 나지않을까"
"schizoidman","2023.03.17","dkswhkTrmqslek"
"타이꺼","2023.03.17","재미있게 봤습니다~ ㅎ"
"세인짱","2023.03.17","잘봤습니다 굳굳굳ㅎㅎ"
"Kyojuro Rengoku","2023.03.17","재미있게 잘 봤습니다."
"kkw2kky","2023.03.17","감동적이었습니다. 배우들 연기도 좋았고 어떻게 보면 뻔한 신파에 판소리를 더했네요."
"ya**dt","2023.03.17","그대 어이가리 잔잔하면서 깊은 감동"
"30**rry","2023.03.17","작지만 큰 울림이 있는 영화"
"샤인샤인샤인","2023.03.17","담담하게 받아들여야 할 우리의 미래일 수도...."
"김레전드","2023.03.17","치매 국가책임제 어찌 됐지?"
"ju**okbaba","2023.03.17","슬플까봐 엄마 보여드렸어요 ㅎ.ㅎ"
"si**er1233","2023.03.17","감사히 2ㅏㄹ 봤어용 ㅎㅎㅎ"
"쪼쪼제","2023.03.17","영화가 감동뭉클슬퍼요"
"wm**jf","2023.03.17","잔잔하고 다큐멘터리 같았어요"
"히히하하호호허허","2023.03.17","그대어이가리 슬펐어요"
"호랑이","2023.03.17","그대 어이가리 재밌게 잘 봤습니다"
"muraych","2023.03.17","사람 사는게 진짜 드라마다"
"ju**ice21h","2023.03.17","인생의 마지막에 어이하리"
"♥rose♥","2023.03.17","사람은 모두 시간이 흐르고 세월이 지나감에 따라 늙고 병들어 가기에 그게 자연의 섭리이므로 우리 모두에게 해당되는 이야기가 아닐까..앞으로 우리 부모님들과 우리들 또한 겪을지도 모를 일들..배우들 연기가 너무 좋았어요!"
"EMILIAJONES","2023.03.17","늙음과 병을 감당해야 하는 남은 자의 현실을 초점화 했다"
"JW_K","2023.03.17","생각보다 재미는 없었습니다"
"ji**036619","2023.03.17","그대.. 어이가리..."
"wj**oduq97","2023.03.16","Wnckabxjjab"
"엘리엇B","2023.03.16","아프고 실감나고 슬픈 이야기"
"sa**4814","2023.03.16","재미있게 관람했습니다."
"gk**7521","2023.03.16","잘봤습니다 고민해볼 주제입니다"
"봄x2","2023.03.16","내 취향은 아니였음..."
"hj**sh0325","2023.03.16","치매라는게... 주위에는 없었으면 좋겠네요"
"aroaro","2023.03.16","그대 어이가리
23.03.14 14:35~16:45
CGV인천 6관 4층 (Laser)"
"파르마","2023.03.16","그대 어이가리 배우들의 연기 볼만했어요"
"Fuff","2023.03.16","잘 봤습니다 잘 봤습니다"
"카르타","2023.03.16","그대 어이가리 재미있게 잘 봤어요"
"bl**ten63","2023.03.16","잔잔한 우리나라 드라마"
"Bizu","2023.03.16","그대. 어이가리. 안녕히."
"gm**nrtjr","2023.03.16","볼만합니다 볼만합니다"
"씨집고양이","2023.03.16","외화로는 더 파더가 한국영화중엔 오!문희가 있다
공통점은 치매를 어떻게 결합했느냐,인데
이 영화에서는 치매증상의 사례 나열이다

하지만 한의 정서와 소리꾼 역할로 남편을 설정해서 치매와 엮은것은 좋았다
소리로 기승전결을 풀어내는 식이었다면 더 좋았을 것"
"na**37","2023.03.16","이 소재는 언제나 슬프다. 그래서 보는내내 힘들다. 영화 자체는 SOSO 정도로 느껴진다."
"네버랜드","2023.03.16","이미 경험했거나 언젠가는 누구에게나 일어날 현실적인  이야기."
"bsh","2023.03.16","내 마음 깊은곳에 너무나 그 내용이 와닿네요"
"카사블랑카","2023.03.16","너무 마음이 아프네요 추천 합니다,"
"브리샤","2023.03.16","진심 많이 울었답니다, 너무나 가슴아픕니다,"
"주니","2023.03.16","누구에게나 일어날 수있는 일이라 많은생각이 나게하는 시간이었네요"
"sh**sdhr","2023.03.16","일반적인 TV 다큐보는거 같은 영화였습니다"
"qk**jdtjq9","2023.03.16","재미있었어요 신선하고"
"co**os535","2023.03.16","재미있고 신선했어요 정말"
"파파봉봉","2023.03.16","그대 어이가리 그대 어이가리"
"옥수수팡","2023.03.16","그대 어이가리 그대 어이가리"
"yo**mbo","2023.03.16","치매에 대해서 다시 한 번 생각해 보게 되네요."
"슈퍼녹차맨","2023.03.16","폭풍오열했네요.. 가슴먹먹해지는 이야기였습니다"
"js**rld0","2023.03.16","그대 어이가리

A Song for My Dear"
"ib**rld0","2023.03.16","그대 어이가리

A Song for My Dear"
"rk**s5502","2023.03.16","그대 어이가리

A Song for My Dear"
"mail","2023.03.16","그대 어이가리

A Song for My Dear"
"후회없는 영화관람 후회없는 굿즈사랑","2023.03.16","메세지는 알겠는데 다큐 어떡하리"
"yh**ik","2023.03.16","사회가 함께 고민해야할 문제, 알면서 외면하던 ..."
"un**s1","2023.03.16","그냥저냥 그럭저럭..,"
"so**gi38317","2023.03.16","현실적인 내용이라 복잡한 마음이 드는 영화네요"
"yo**iho123","2023.03.16","할아버지 할머니와 거의 유사한 사례라...정말 몰입해서 집중해서 감명깊게 잘 봤습니다."
"ji**w1004","2023.03.16","할아버지 할머니와 거의 유사한 사례라...정말 몰입해서 집중해서 감명깊게 잘 봤습니다."
"gk**jslrrj","2023.03.16","할아버지 할머니와 거의 유사한 사례라...정말 몰입해서 집중해서 감명깊게 잘 봤습니다."
"gk**kqjwlrrj","2023.03.16","할아버지 할머니와 거의 유사한 사례라...정말 몰입해서 집중해서 감명깊게 잘 봤습니다."
"je**nte2","2023.03.16","내용은 뻔하지만 배우들 연기 좋아요."
"08**08kjw","2023.03.16","너무도 슬프고도 현실적인이야기였네요"
"eu**ari815","2023.03.16","안타까운 두 어르신들의 이야기였어요"
"Gwynplaine","2023.03.16","내용은 너무나 가슴아픈 현실을 보여줘서 심금을 울리며 봤다. 스토리도 충분히 그럴만하다. 근데.. 연출이 좀 아쉽다. tv 재연 프로그램 같은 느낌. 영화를 보고나니 포스터가 너무나 아프고 무섭다."
"ziGy","2023.03.16","영화 그대 어이가리 재미있게 봤습니다"
"승상원","2023.03.16","눈물 엄청 났습니다. 지극히 현실적인 문제라서 더 슬픈 것"
"ja**s054","2023.03.16","볼만한 작품이었습니다."
"ca**tt82","2023.03.16","재미있게 잘 보았습니다."
"ca**tt80","2023.03.16","재미있게 잘 보았습니다."
"tp**s9295","2023.03.16","재미있게 잘 보았습니다."
"아게로스","2023.03.16","재미있게 잘 보았습니다."
"슈퍼에이트","2023.03.16","ㄱㄷㅇㅇㄱㄹㄱㄷㅇㅇㄱ리"
"do**8983","2023.03.16","메시지가 좋은영화 였습니다"
"마이클","2023.03.16","영화보다는 드라마 같다..."
"라이언1","2023.03.16","재밌게 잘 봤습니다 ㅎㅎㅎㅎ"
"su**oon555","2023.03.16","할아버지가 살아계실때 개봉 되었다면. 꼭 모시고 보고싶은.."
"돌비 시네마","2023.03.16","배우분들 연기가 너무 좋았습니다."
"미르5364","2023.03.15","배우들의 현실감 있는 연기가 돋보이는 영화!!"
"cc**na26","2023.03.15","나이가 들면 어떨까 잠깐씩 생각하게 됨"
"jo**321","2023.03.15","보기 잘했습니다. 뭔가 생각하게 하네요."
"da**321","2023.03.15","좋은 영화였어요!~ ㅅㅅㅅ"
"쏘쏘옵","2023.03.15","전세계를 울린 영화...
치매를 대하는 자세에 대해 가족과 본인이 얼마나 힘든지 알게 되었네요.."
"bl**9794","2023.03.15","그대 어이가리 이 영화 어이하리.."
"극장에서영화를","2023.03.15","이렇게 슬픈영화는 여운이 길게 갑니다"
"치치롱","2023.03.15","정말로 무서운 병..."
"청위","2023.03.15","치매는 더이상 가족이 책임지기에는 너무나 고통입니다.   국가에서 관리를 해줘야 해요. 
그래야 가족도 병들지 않습니다.
너무나 현실감  있게 잘봤습니다."
"데이미언셔젤","2023.03.15","그대 어이가리 영화 재밌게 잘 봤습니다."
"줄리아러브","2023.03.15","배우들의 연기가 따뜻한 여운을 준다"
"lu**ysunny21","2023.03.15","서쿠로 봤는데 좋았어요"
"삼","2023.03.15","워낙 많이 봐온 설정이라서 새롭게 만들지 못하면 좋은 연기도 무용지물."
"셔회장","2023.03.15","잔잔하고 재미있게  봤어여"
"al**n1","2023.03.15","생각했던 것보다 좋았어요"
"th**ovier","2023.03.15","치매를 바라보는 담담한 시선"
"캡틴","2023.03.15","영화 잘 봤습니다. 좋았습니다."
"byeol","2023.03.15","너무나도 현실적이어서 더 먹먹하다."
"아이언맨","2023.03.15","영화 잘 봤습니다. 좋았습니다."
"소천","2023.03.15","영화 잘 봤습니다. 좋았습니다."
"려","2023.03.15","영화 잘 봤습니다. 좋았습니다."
"맘마미아","2023.03.15","영화 잘 봤습니다. 좋았습니다."
"rebeca94","2023.03.15","모든사람의 생로병사를 어찌 알수있단말인가?!
내 나이도 어느덧 인생의 후반부에 정점에 이르러 마냥 안심할수있지않다는 생각에 영화를 보는내내 주인공도 넘 안타까웠고 마음이 영 편칠않았다."
"bijnvnwpdm","2023.03.15","재미또다른하나의의미"
"apjpemgmpe","2023.03.15","뜻깊은시간의미있는시간"
"뭉뭉이16","2023.03.15","현실감이
느껴지는 영화였습니다"
"스텔라","2023.03.15","치매로 인한 현실적 시련과 고통을 다룬 영화"
"Movegun","2023.03.15","지혜롭게 또 자유롭게 그리고 슬기롭게"
"TOM FORD","2023.03.15","노년분들이 보시기 괜찮은 영화"
"바비11","2023.03.15","재밌게 잘 봤어요…~!"
"뚜찌빠찌뽀찌","2023.03.15","예상했던 스토리였네요. 아쉬워요"
"re**fanmc","2023.03.15","현실적이여서 더 슬픈영화"
"an**aus","2023.03.15","현실적이여서 더 슬픈영화"
"sh**aus","2023.03.15","현실적이여서 더 슬픈영화"
"sa**sunu","2023.03.15","현실적이여서 더 슬픈영화"
"eu**teile","2023.03.15","현실적이여서 더 슬픈영화"
"둘째","2023.03.15","치매가 무섭고 현실감있네요 슬펐어요"
"wo**s18","2023.03.15","현실적이여서 더 슬픈영화"
"토토리7","2023.03.15","슬펐어요 안타깝네요 잘봤어요"
"cj**v9","2023.03.15","사는게 뭔지, 그런 생각이 듭니다"
"ELIZABETHOLSEN","2023.03.15","너무나 현실적인 문제를 다루었다"
"de**oners","2023.03.15","그대 어이가리… 슬퍼요"
"he**eny07","2023.03.15","감명깊게 잘 봤습니다."
"lo**joun18","2023.03.15","감명깊게 잘 봤습니다."
"아이엠그루트","2023.03.15","슬펐어요 
치매환자 가족분이 보시면 우실듯"
"무비스타K","2023.03.15","많은 것을 생각하게 합니다."
"canne2","2023.03.15","어이가리어이가리어이가리"
"밍구리 김민주","2023.03.15","너무 진부한 연출과 이야기"
"ps**nhee1","2023.03.15","참 안타까운 이야기네요"
"je**328","2023.03.15","감동적인 스토리의 영화"
"hy**seok45","2023.03.15","그대어이가리 그대 어이가리"
"so**yang49","2023.03.15","그대 어이가리 그대 어이가리"
"ca**ediemq","2023.03.15","그대~ 어이가리..."
"bi**uhyun","2023.03.15","잔잔하고 먹먹한 가족영화"
"tj**ls3268","2023.03.15","그대 어이가리 감동있고 좋은영화예요"
"Arrakeen","2023.03.15","잔잔하고 재밌습니다 ~~"
"은서sueun821/as02!","2023.03.15","인상깊어요 감사합니다"
"kmyoung907/나f9","2023.03.15","슬프네요 영화 잘봤습니다"
"gang9171/as02~!","2023.03.15","재미있어요 감사합니다"
"gang543/f9~","2023.03.15","잘봤습니다 감사합니다"
"onyang544","2023.03.15","잘봤습니다재미있어요"
"오땅오땅","2023.03.15","좋았습니다좋았습니다"
"cl**cks","2023.03.15","2023.03.10 (금) 18:25~20:35 관람"
"co**corn59","2023.03.15","감동적이에요 너무 재미있게봤습니다"
"Constantin2","2023.03.15","연기보다 뮤지컬 처럼 음악 위주로 진행되었다면 좋았을 것 같아요."
"jiji0603","2023.03.15","잘봤습니다 감사합니다"
"ra**k999","2023.03.15","그대어이가리 잘 봤습니다 ~~"
"co**uer79","2023.03.15","심각하지만 좋은영화.."
"dh**90","2023.03.15","재미나요.볼만 합니다."
"jd**609","2023.03.15","생각보다 볼만 했어요."
"ky**4404","2023.03.15","기대 했는데 볼만 했어요."
"구왕모","2023.03.15","우리네 이야기... 감동적이었습니다."
"대동진","2023.03.15","생각했던 것 보다 아쉬웠어요"
"la**thus","2023.03.15","마음이 먹먹한 뜨겁고잔잔한영화"
"Neitesy","2023.03.15","평범하지만 결말이 인상적이다"
"so**rh","2023.03.15","남 얘기같지 않아서 몰입이 됐어요"
"헌터","2023.03.15","마르지 않는 병 수발 고생담"
"밀라야란","2023.03.15","몰입감이 참 좋네요 독립영화"
"할수있다.","2023.03.15","삶의 정적인 모습을 보게 하는 영화이네요"
"희동이95!","2023.03.15","굿굿굿굿긋긋굿굿굿굿"
"인싸가되고싶은아싸","2023.03.15","잔잔한 감동이 있는 영화"
"소풀","2023.03.15","잘쉬다갑니다.,.,.,.,,.,"
"rjndxbs","2023.03.15","내용전개나 연출이 지루하고 별로예요."
"wo**s1146","2023.03.15","비추천 합니당 ㅜ  ㅠ ㅜ ㅠ"
"ha**enin","2023.03.15","치매가 너무 무섭다는 현실감"
"순둥이는고양이다","2023.03.15","치매환자와 그 가족들에 대해 깊이 생각해볼 수 있던 시간이었습니다"
"소처럼","2023.03.15","부모님이랑 함께 봤는데 함께 너무 감동적으로 봤어요"
"lo**9160","2023.03.15","인간이 태어나서 아들로써 남자로써아버지로써 남편으로써 살아가는건은힘들 고행길이 라는 생각이 드네요"
"is**emom51","2023.03.15","점점 노년을 향해 가고 있는 지금~많은 생각을 하게 되는 영화네요"
"iamissue","2023.03.15","감독님 이래가지고 어이하리?"
"lh**74","2023.03.15","치매를 너무 현실감있게 다뤄 보는 내도록 무거웠어요."
"흰둥이와나","2023.03.15","시간이아깝;;; 공짜니까뭐"
"rm**lr1146","2023.03.15","시간 아끼세호용 ! !ㅎㅎ"
"rj**f3740","2023.03.15","시간 이까웠어요 ㅠ ㅅ ㅠ"
"하자아도","2023.03.15","오로지 죽어야만 끝나는 말로를 다룬 건 가슴 아픈 일이지만 이게 해외에서 이런저런 상을 휩쓸 정도의 영화인가.. 싶다."
"so**hee608","2023.03.15","결말장면이 인상깊었다!"
"gi**h0","2023.03.15","화이트데이 특별포인트 때문에 보게된 한국영화. 주인공들의 연기가 훌륭해서 보는내내 마음이 불편했지만 국악과 엮어서 슬픔을 표현하는건 그다지 와닿진 않았다. 치매에 고생하는 가족을 보니 앞으로 닥칠지도 모르는 남일같지 않다는 생각도 드는데 치매여배우가 너무젊어서 비현실적으로 다가왔다"
"ko**mim","2023.03.15","너무 진짜 같아서 더 슬펐습니다."
"pa**51","2023.03.15","한편의 연극 같은.. 판소리가 구슬픕니다"
"봄봄봄23","2023.03.15","좀 뻔한 내용과 진행이긴하지만, 치매의 고통이 마음 아프게 잘 느껴졌다ㅠ 판소리가 더해져 더 구슬펐음ㅠ"
"mate","2023.03.15","그대 어이가리, A Song for My Dear, 2023"
"라이언사랑♥?","2023.03.15","건강을 중요시 생각하게 하는 영화"
"LINDA.K.","2023.03.15","제일 끝이 슬프고,충격적이었어요"
"ta**yu5425","2023.03.15","그대 어이가리~ 그대 어데로가이~"
"cj**enahyun","2023.03.15","그대여 내게서 가지마오"
"o희망의 빛 은o","2023.03.14","ㅇㅂㅈㄱㅅㄴ디ㅡㄱㄴㅂㅇㅂㄷㄱㄷㄱㅅㄱㅇ좋아"
"몽키222","2023.03.14","그대 어이가리 소소.."
"le**h0224","2023.03.14","그대 어이가리 재밌어요"
"BTOB","2023.03.14","건강조심 치매조심 또 조심!"
"진정으로사랑하기","2023.03.14","구슬프게 들리우는 이별의창가~"
"e열","2023.03.14","당신 정말로 고마웠어요"
"코지코지","2023.03.14","국제영화제 51관왕 수상의 위엄"
"hyun-♥","2023.03.14","스토리는 참...마음 아팠지만, 영화 자체는 조금 아쉽다"
"yy**017","2023.03.14","가긴 어딜 가겠어요ㅠㅠ"
"le**k01","2023.03.14","가슴 아프지만 감동적인 영화렸어요"
"ak**yi","2023.03.14","죽지도 못하고...!"
"uj**kh","2023.03.14","다큐멘터리! 다큐멘터~"
"jm**yung1","2023.03.14","남의 일같나 암보다 무서운게 치매인데"
"pj**014","2023.03.14","아프지말고 오래살자."
"파카알파카","2023.03.14","아쉬우면서도 먹먹한.."
"럭셜왕자","2023.03.14","어디로갔나 어디로갔나 어딜가"
"kk**gga1023","2023.03.14","조금만 더 편집했더라면 더 좋았을텐데요."
"bg**07","2023.03.14","그럭저럭 볼만했어요."
"tktk","2023.03.14","영화 좋네요 잘봤습니다"
"tk**sdls1","2023.03.14","전체적인 연출과 스토리가 좋았고 추천하고 싶은 영화였습니다♡"
"kickk","2023.03.14","그대어이가리 잘봤씁니다..."
"kk**in82","2023.03.14","치매환자를 둔 가족의 어려움을 그려낸 영화. 스토리는 좋으나 왠지 마음이 아파져서 보기 힘드네요."
"ko**i1212","2023.03.14","여운이 남는 영화네요!!"
"whalei","2023.03.14","그대 어이가리 그대 어이가리"
"헤비레인","2023.03.14","한편의 연극처럼 편안하게 잔잔하게 흘러가네요. 연인. 부부들 보기좋을듯해요"
"sooj5.","2023.03.14","그대 어이가리. 사랑이란."
"JAY.","2023.03.14","그대 어이가리. 그대."
"jayon","2023.03.14","그대 어이가리 잘봤어요"
"그린포그","2023.03.14","가슴먹먹한  느낌이듭니다 산다는게 뭔지~!!"
"Steady","2023.03.14","Ufovtfkbjc"
"mi**2249","2023.03.14","그대 어이가리 그대 어이"
"나는one","2023.03.14","감정이입돼서봤어요.나라면 어떻게했을까..."
"느렁태","2023.03.14","치매에 관해서 잘 다룬 감동적인 영화."
"gr**oi56","2023.03.14","재미있게 잘봤습니다."
"yu**kfox1","2023.03.14","재미있게 잘봤습니다."
"dpx","2023.03.14","재미있게 잘봤습니다."
"ss**ge7979","2023.03.14","좋았어요~^^V^^"
"st**per999","2023.03.14","☆☆
내점수는 별2개..."
"하츠바나","2023.03.14","그대 어이가리 잘 봤어요"
"mo**cho","2023.03.14","....,,,,gz"
"al**mee","2023.03.14","....,,,,gz"
"p4**924","2023.03.14","집에 환자가 있덥ㅎ니 너무도 공감이 됩니다"
"빅오쇼타임","2023.03.14","공감은 되지만 영화적 재미는 글쎄"
"or**7xx","2023.03.14","치매 관련하여 미리 생각해보는 시간"
"wo**d211","2023.03.14","접근하는 관점에따라 느낌이 다른데 잘풀어나가네요"
"카르페 디엠!","2023.03.14","정말 가슴 아픈 일입니다. 남의 일이 아니구요."
"ig**94","2023.03.14","치매와 치매환자와 같이 살아가는 가족에 대해 깊이 생각해볼 수 있는 시간이었습니다
너무 잘봤습니다 좋은 영화 감사합니다"
"re**v129","2023.03.14","층간소음이 사회적 문제로 공론화되듯이 알츠하이머 말기의 심각성에 대해 고민하게 된다"
"mi**1778","2023.03.14","지금 이 곳에서 언제나 최선을 다하여"
"sulike","2023.03.14","답답한 현실이라 맘이 아프네요.
답이 없는 일이라ㅡ
소리가 슬퍼요."
"na**r82","2023.03.14","재밌었어요 또 보고싶어요~"
"di**a2021","2023.03.14","치매가 개인이나 한가족의 문제가 아님을 보이려는 시도는 괜찮았으나, 감정이나 넋두리\(?\)가 과하게 느껴졌다."
"수련화0825","2023.03.14","아.. 뭔가 그냥 눈물이 난다 ㅠㅠ"
"p55","2023.03.14","정말 좋은 영화입니다 추천합니다"
"mj1","2023.03.14","그대 어이가리...~ ~~"
"hs**693","2023.03.14","치매라는 병의 무서움이 실감나게"
"kn2426","2023.03.14","감동적인 영화입니다.."
"hoon53","2023.03.14","정말 잘 봤습니다 그대 어이가리.."
"na**ho328","2023.03.14","그대어이가리 이창열 그대"
"그해여름121195786340","2023.03.14","감성이 메마른 것 까진 아닌데
조금 지루하게 느껴진...
분명 관람객 평이 좋았는데 내가 문제인가 ㅜㅜ"
"sy**y1218","2023.03.14","감동은 기본  영화적 공감 좋았어요"
"ga**enki4","2023.03.14","낯설지 않은 스토리라 괜시리 눈물만 납니다"
"qn**mrtjd232","2023.03.14","재밌게 잘 봤습니다~~~!"
"아프락사스","2023.03.14","그대 어이가리.. 그대 어이가리"
"pa**46","2023.03.14","뭐라 둘러대도 살인이다.
그리고 끝까지 살고봐야지 너무 꽃같이 강조하며
본인들이 힘들어서 손놓고 싶은걸 정당화하는 역겨움."
"kg**2330","2023.03.14","꼭 꽃처럼 사는거에 구애받을 필요가 어딨나? 
게다가 남자는 자식 죽었는데 불륜까지 최악"
"y0","2023.03.14","좋아요오오오오옹 재밌어요"
"k11","2023.03.14","재밌어요 좋아요오오오 옹옹"
"1","2023.03.14","재밌어요좋아좋아요오옹"
"작은것들을위한","2023.03.14","재미있게 잘 봤습니다~!!"
"allss","2023.03.14","치매 가족으로 경험이 있어 더 와 닿는 영화네요"
"쪼잉쪼잉","2023.03.14","치매에 관한 현실적인 사회문제를 다룸"
"74**sung","2023.03.14","★★
내점수는 별2개..."
"카골드","2023.03.14","이젠 남의 이야기같지않은 내용, 슬퍼요~"
"레오트랑","2023.03.14","잘 보았습니다 죽음에 대해 생각하게 돼요"
"흐림뒤맑음","2023.03.14","별로예요 별로예요 별로예요"
"je**44","2023.03.14","치매라는 불치병이 이젠 나와 무관하지 않고,
특별하지 않음에 다시 생각하게 하는 영화"
"sa**tpaul87","2023.03.14","사랑 앞에 무기력한 것보다 더 슬픈 일은 없다"
"ak**e1","2023.03.14","여운이 오래가는 영화…"
"영ㅇㅇ민","2023.03.14","신파라도 눈물이 나진 않는다"
"꽃미남만","2023.03.14","치매는 진짜 남은 가족을 힘들게 하는병. 잘보고 갑니다."
"아무것도 몰라요","2023.03.14","... 치매로 힘들어 하는 주변사람들의 아픔은 너무나 공감할수있는 그런 것이겠지만... 국악의 멋(?)을 보여주고 싶은 마음이 더 커보인달까? 그리고 왜이렇게 감정이 과잉되어있는것 처럼 느껴질까? 마치 ''지금은 슬퍼야할 타이밍이고 그 슬픔을 보여주겠어!'' 라는듯한??"
"과거2","2023.03.14","감동적인 이야기라 잔잔해요"
"세조","2023.03.14","재미있게 잘봤어요~~"
"sa**afecafe","2023.03.14","그대 어이가리 그대 어이가리"
"sun","2023.03.14","개인 뿐만 아닌 현실적인 사회문제."
"토글토글","2023.03.14","안녕하세요 그리고 카시오페아에 이은
아픔을 소재로 삼아서 더더욱 애잔한 영화"
"쓔비쓔바","2023.03.14","아주 현실적이라 슬프고 공감이 많이 되었습니다.."
"ki**in080792","2023.03.14","치매로 잃어가는건 우리의 존엄성이다."
"호랑이","2023.03.14","스크린 속의 정아미 배우님을 더더욱 만나고 싶네요. 좋은 시간이었습니다.."
"sp**wpwns","2023.03.14","치매라는 가족간의 사랑 아픔을 절절하게 표현했다"
"goldplum","2023.03.14","치매가 극복되는 날이 빨리 왔으면 좋겠어요."
"ChaDa","2023.03.14","그대 어이가리 그대 어이가리"
"wj**otlr38","2023.03.14","그대 어이가리 그대 어이가리"
"배숯잉","2023.03.14","막가리가리가리 그대 어이가리 막가리이이이"
"sookim00","2023.03.14","좋은 영화 잘 관람했습니다."
"ha**somin","2023.03.14","<그대 어이가리> 잘 봤습니다."
"si**u00","2023.03.14","좋은 영화 잘 관람했습니다."
"알리타21","2023.03.14","한국인에게 더 와닿는 연기와 연출."
"ko**sk","2023.03.14","배우들 연기가 인상적입니다"
"ll**ollz","2023.03.14","그대 어이가리 잘 봤습니다"
"ji**hs","2023.03.14","내용이 와닿았습니다."
"kk**s70","2023.03.14","배우들 연기는 좋았습니다"
"er**n83","2023.03.14","생각보다는 별로였네요"
"ra**ant24","2023.03.14","살아간다는건... !!"
"그리되었다","2023.03.14","내주위에서 일어나고 있고, 겪고 있는 이야기.."
"10**pgj","2023.03.14","보는 내내 연기에 감탄하고 눈물을 감출수가 없었어요 감동적이에요"
"sa**gi2000","2023.03.14","오랜만에 느껴보는 따뜻한 감동이 잇는 영화엿어요"
"꼭이긴다꼭","2023.03.13","그대어이가리 좋았습니다"
"로보캅21","2023.03.13","재미있게 잘 보았네요~~"
"ct**813","2023.03.13","영화 재미나게 잘 봤습니다"
"ki**827","2023.03.13","영화 재미나게 잘 봤습니다"
"pa**mija21","2023.03.13","사회의 어두운면을 진솔되게 표현되어 좋았어요~"
"mi**bizzz","2023.03.13","치매가 사실적으로 그려졌어요"
"두부두유","2023.03.13","나도 모르게 집중하면서 보게되는 영화"
"ba**valya","2023.03.13","괜찮습니다.
잘 봤어요."
"황금돌고래","2023.03.13","굳이 영화로 만들 이야기 인가 싶습니다"
"멍들","2023.03.13","스토리가 좋았어요.."
"pe**l00918","2023.03.13","서로에게 잘해줘야 하며 최대한 이해할 수 있게 해야한다"
"mo**ing4u","2023.03.13","생각보다 괜찮네요 볼만합니다"
"sspakc","2023.03.13","충격!! 인생말로가 이렇다면 속세의 지옥도가 따로없네요ㅡ 신앙에 의지하고픈 맘간절해지는 ?"
"깜찍이토끼","2023.03.13","세상에서 제일 무서운 병인거 같다.."
"쓰ss","2023.03.13","평범한듯한 전개지만 비범한 결말 , 굿소리는 보너스"
"llllllllllllll","2023.03.13","이벤트로 잘 봤습니다~!"
"pa**3355","2023.03.13","감동도 있고,
연기도 훌륭합니다.
좋습니다."
"60**mk","2023.03.13","두 어르신들의 이냐기가 슬프네요"
"mi**am","2023.03.13","3.5점/5.0점 볼만해요"
"kj**oki","2023.03.13","조그만 울림이 있는 영화였어요"
"뚜구니","2023.03.13","잘 보았습니다. .좋았어요"
"sjhwaltz","2023.03.13","많은 것을 생각하게 하는 영화예요
치매라는 질병이 본인도 가족도 힘들기에 국가가 적극적으로 강구책이 중요하다고 생각합니다
아무쪼록 좋은영화 잘 봤습니다"
"re**kk84","2023.03.13","좋았습니다. 잘 봤어요"
"깜씨공주","2023.03.13","인생을 다시 되돌아 보는 시간이였습니다"
"wi**ujg","2023.03.13","보고 있으면 눈물이 절로나는 영화, 꼭 보세요."
"트랭플린","2023.03.13","이젠 치매도 가족뿐만 아니라 다같이 고민하고 챙겨야 할 일이다."
"ms**612","2023.03.13","기대를 안했던 영화였는데 가족의 소중함을 다시금 느끼게하는 영화였어요"
"Min-seo","2023.03.13","이런저런 물흐르듯이 지나가는게 인생이라..."
"럭키가이","2023.03.13","이런류의 영화는 오랫동안"
"zp**s21","2023.03.13","스토리 진행이 다소 진부함"
"아슈르","2023.03.13","배우들의 연기가 훌륭한 영화."
"sa**elshin7","2023.03.13","기대안하고 보면 잼나여"
"tk**lfwnsgur","2023.03.13","그냥저냥 일럴수도 있구나"
"Sam1028","2023.03.13","그냥 많이 졸린 영화였어요"
"blanc75","2023.03.13","기대안하고 봐도 별로임"
"ga**un","2023.03.13","슬픈 현실은 이상과 다르다"
"ynhow","2023.03.13","기대ㅜ안하고 보면 그럭저럭"
"ij**ny4346","2023.03.13","삶이라는 건 우리 생각과 다루다"
"ch**00","2023.03.13","미관람이라 평가 못함 ㅎㅎㅎㅎ"
"he**nahee","2023.03.13","재미있게 잘봤습니다 감사합니다"
"치도오","2023.03.13","진부하고 같은 소재의 다른 영화들과 너무 비교됐어요.."
"시기누나","2023.03.13","청년들은 공감이 안되겠고 중년들은 생각이 많아지는 영화네요."
"ki**s0253","2023.03.13","그대 어이가리 좋았어요~^^"
"로엔","2023.03.13","주변에 아프신 분이 계시면 더 몰입될 듯 합니다"
"블루 그린","2023.03.13","좋은 영화 잘 봤습니다."
"ge**8081","2023.03.13","그대 어이가리 잘 봤어요."
"ji**08080","2023.03.13","재미있어요 재미있어요"
"cj**a777","2023.03.13","재미있어요 재미있어요"
"시공간을뛰어넘어","2023.03.13","그대어이가리 잘 봤어요"
"cy**05","2023.03.13","재미있어요 재미있어요"
"ko**1005","2023.03.13","재미있어요 재미있어요"
"cy**50","2023.03.13","재미있어요 재미있어요"
"baeum","2023.03.13","기대보단 못하지만 그런대로 잘보고갑니다.."
"마영달","2023.03.13","그럭저럭 무난하게 봤어요."
"칠성동CGV","2023.03.13","영화너무 잼있게 잘봤습니다"
"fo**verjhh","2023.03.13","영화 잘봤습니다~!!"
"wn**s89","2023.03.13","크게 와닿는 영화는 아니었겅 ㄴ것 같아요"
"brunowalter","2023.03.13","21세기에 이런 영화가 개봉할 수 있다는 게 그저 놀라울 뿐.. 감독님, 관객들 수준은 한참 올라가 있어요."
"스마트","2023.03.13","살아가며 누구나 맞닥뜨릴 수 있는 문제인데 관객이 나 포함 단 2명 뿐이었다는게 슬프다."
"pu**puku7","2023.03.13","감동의 스토리에 자연스러운 연기"
"cineholic","2023.03.13","인생이란 이런게 아닐까"
"영화마니아!!!","2023.03.13","영화 너무 잘 봤습니다 ㅎㅎ"
"77**ni","2023.03.13","나에게도, 우리 가족에게도 다가올 수 있는 이야기"
"ja**ng9845","2023.03.13","요즘이 어떤 세상인데 이런 영화를 굳이 극장에서.."
"aj**bz","2023.03.13","묵직한 울림을 주는 작품. 이런 영화 사람들이 많이 봐 줬으면 좋겠네요"
"sh**932","2023.03.13","저희 부모님도 나이들어가시며 여기저기 아프다 하시는데 남일 같지 않았습니다."
"nm**228","2023.03.13","그냥 저냥 그럭 저럭 그래요"
"올곧게","2023.03.13","좋은점과 나쁜점이 같이보이지만 그래도 괜찮다"
"색채의 마법사","2023.03.13","세상에서 가장 잔인한 병 치매"
"ko**miog","2023.03.13","그대.. 어이가리.."
"lsm2852","2023.03.13","치매 관련 영화라 그런지 너무 가슴이 아픈 결말이었어요😭 건강하게 늙는것도 정말 큰 복이란걸 깨우쳐준 영화👍"
"la**bos1","2023.03.13","영화 재미있네요..좋아요."
"kb**926kbl","2023.03.13","대사중꽃처럼아릅답게좋은모습으로
생을마감하고자하는정아미님의역과선동혁님의연기력이
선동혁남의창이어울려서한연기는
중년배우만이해낼수있는역활을감동깊게관람했으며
배우님연기모두좋았으며
많은분이사랑하는사람과가족과함
우리만족의국악에대해서도
좋은음악이란걸공감하시길적극추천합니다."
"te**ace","2023.03.13","그대 어이가리
A Song for My Dear"
"bbodol","2023.03.13","마음 아프고 감동적이네요"
"mo**era","2023.03.13","그대 어이가리
A Song for My Dear"
"븍산","2023.03.13","생각지 못한 조합과 스토리 여운이 남는 작품이었습니다"
"아자비이","2023.03.13","안타까운 현실을 먹먹하게 느껴지네요"
"kc**ng06","2023.03.13","현실적인 고통이 담겨 슬펐어요"
"슈오룽","2023.03.13","한번쯤 볼만한 영화입니다"
"me**soda","2023.03.13","두사람의 감동 이야기 웰다잉"
"kkk17","2023.03.13","너무 감동과 재미 다잡았어요"
"qu**nfanta","2023.03.13","최고입니다 가족이랑 보세요"
"de**jean","2023.03.13","가족간의 슬프고 아름다운 이야기..."
"na**gge","2023.03.13","감동이 있는영화..."
"테이크라이그","2023.03.13","어이가리어이이가리그대"
"매력보이","2023.03.13","여운이 많이 남는 영화네요 재밌었어요"
"yu**1018","2023.03.13","<그대 어이가리>..."
"go**y123","2023.03.13","영화가 좀 재미가 있더라구요"
"영화사랑철수","2023.03.13","연기가 너무 좋고 슬프지만 재밌었음"
"pj**ax1","2023.03.13","그대 어이가리 잘봤습니다."
"hk**31","2023.03.13","그대어이가리이어이가리"
"hk**25","2023.03.13","영화.잘.보고.옵니다."
"영화보는파코니","2023.03.13","어떤 상황에선 삶과 죽음의 무게가 다를 수도 있음"
"마이콜","2023.03.13","그_대_어_이_가_리"
"eg**opia","2023.03.13","영화적 완성도와 별개로 마음이 아프다."
"초대장","2023.03.13","영화 재미있게 봤어요~"
"필름좋아","2023.03.13","영화 잘 봤습니다~~~"
"dr**m99154","2023.03.13","재밌게 관람했습니다."
"너무","2023.03.13","알고보니까 다른사람이었넹"
"ka**ai22","2023.03.13","재밌게 관람했습니다."
"cloud9gs","2023.03.13","별로예요@★♥
$0"
"면벽수도","2023.03.13","재미있게 잘 보았습니다"
"robro","2023.03.13","재밌게 잘 봤습니다ㅎㅎ"
"개미™","2023.03.13","🎥🎞나한테는 당신 밖에 없잖어💭🧧🎞📽"
"Conai11","2023.03.13","영화   잘봤습니다..."
"va**a78","2023.03.13","좋습니다.
감동적이고 연기도 좋습니다."
"ymkwon","2023.03.13","조금 아쉬운 영상과 스토리 전개."
"소여이v","2023.03.13","재밌어요 볼만했습니다"
"ki**kijeon","2023.03.13","연기 너무 실감나네요!"
"rr**ny78","2023.03.13","몰입감있게 잘 봤습니다."
"ki**kido12","2023.03.13","가족내에서 감당하기에는.."
"tr**kers","2023.03.13","실감나는 연기 잘 봤습니다~"
"ki**kichoi12","2023.03.13","영화 재밌게 잘봤어요."
"ok**kok78","2023.03.13","배우분들 연기 좋았습니다!"
"se**320","2023.03.13","연기와 연출 모두 좋아요. 잘봤습니다."
"sk**337","2023.03.13","슬프고 안타깝지만  따뜻한 이야기네요..."
"nh**812","2023.03.13","안타깝고 슬프지만 엄연한 현실이네요"
"le**kwon","2023.03.13","영화내내 슬프고 아프네요"
"ma**o88","2023.03.13","그대 어이가리 어이가리"
"ik**dboy77","2023.03.13","재미있어요 강츄강츄.."
"ik**dgirl77","2023.03.13","재미있어요 강츄강츄..."
"=","2023.03.13","가슴이 먹먹해지는 현실과 선택!"
"ik**dgirl","2023.03.13","재미있어요 강츄강츄..."
"ki**un0033","2023.03.13","재밌게 잘 봤습니다..."
"na**1807","2023.03.13","배우분들의 연기가 너무 좋았습니다..."
"//","2023.03.13","재미있게 잘 봤습니다."
"popcorn105","2023.03.13","배우들의 연기가 좋아요."
"dana55","2023.03.13","영화 잘 봤습니다. 안타깝고 슬픈"
"붕괴","2023.03.13","영화 정말 잘 봤습니다."
"jmj","2023.03.13","현실적이어서 더 먹먹하고 슬픈 느낌이었습니다.."
"do**ga1004","2023.03.13","너무 루즈한 느낌이 있다"
"rh**ghalswjd","2023.03.13","앞으로 우리들에게 다가올  영화이다"
"co**ando5","2023.03.13","재미있게 잘봤습니다."
"cr**m59","2023.03.13","영화 좋네요 잘봤어요."
"초절정청순민정","2023.03.12","슬펐어요. 알츠하이머가 정말. 이렇게나 무섭고.  가족들이 얼마나 힘들지 보여지니깐.  너무 안타까웠어요"
"민슬아","2023.03.12","다큐와 영화 중간정도 되는 느낌에 스토리가 늘어져요"
"jw**r7","2023.03.12","[8] 치매라는 불행이 우리 가족에게 닥친다면 잘 해낼 수 있을까 생각해보게 되었고, 평소에 하고 싶은 것을 해야겠다는 평범한 깨달음을 다시 상기시켜준 영화"
"슈퍼루키 루카와","2023.03.12","뭔가 생각이 많아지는 현실감있는 영화"
"미스터빈","2023.03.12","<그내 어이가리, 2023>"
"em**30","2023.03.12","그대 어이가리 그대 어이가리"
"UneverKnow","2023.03.12","그대 어이가리 보고왔어요"
"푸우후","2023.03.12","좀...그냥 괜찮았습니다"
"seen:D","2023.03.12","치매환자의 가족들을 잘 보여줬다"
"skwan21","2023.03.12","재밌게 관람했습니다 볼만했어요"
"lj**28","2023.03.12","재미있어요 강츄강츄.."
"발해의꿈10229745836","2023.03.12","나도 모르게 눈물이 주르륵 ㅜㅜ"
"달","2023.03.12","남일 같지 않아 걱정입니다."
"so**8426","2023.03.12","결말 진짜 뭐임ㅡㅡ 별로에요"
"yy**8010","2023.03.12","마음이 너무 아픕니다."
"피트","2023.03.12","어쩌면 우리의 미래모습이 될지도! 살아있을때 잘하자"
"ks**842k","2023.03.12","밷..,,..,,.."
"아쿠아피쉬","2023.03.12","어디서 본 듯한 내용과 연출..."
"굿카마","2023.03.12","그리움은 점점 모여서 기억들은 너를 만들고"
"민트양이","2023.03.12","많은 생각을 하게 하는 영화네요"
"종룡","2023.03.12","치매가 주는 여러가지 고통들"
"hs**705","2023.03.12","너무나 가슴찡하고 여운이남는 영화~"
"ma**lesong","2023.03.12","영화 재미있네요..좋아요."
"네오룸펜","2023.03.12","치매라는 악마 앞에 선 단독자 ㅠ
내 일이 되기전에는 섣불리 장담 못하겠다 ㅠ"
"오드리헵번","2023.03.12","알츠하이머때문에 고통받는 환자와 가족들 슬프고 우울한 이야기였네요"
"새콤달콤해","2023.03.12","환자뿐 아니라 가족들까지 병들어가는 알츠하이머 슬픈이야기네요"
"박측천","2023.03.12","그냥 TV 단막극 느낌..."
"영화광","2023.03.12","어찌저찌 살아가는 그게 인생이다."
"셀파","2023.03.12","너무 슬프고 그리고 감동적"
"goenitz","2023.03.12","각 배우님들의 섬세하고 따스함이 느껴지는 연기가 너무 좋았고 더욱이 전 노인 주간시설 요양보호사라는 업으로
일을하는 입장에서 관람하니 더욱 몰입하며 관람한거 같습니다 덩료 직원분들에게도 추천하고 싶네요..."
"자원봉사 1","2023.03.12","보면서많이울었어요아빠가생각이났어요"
"삼일월","2023.03.12","다른 영화랑 겹쳐서 어이가리.. ㅠ"
"강구다","2023.03.12","재미있게 잘봤습니다."
"귀빈박스","2023.03.12","앞으로 늘어나는 노인인구 이에 대한 대비와 경각심 깨워야"
"민식이","2023.03.12","잘보고갑니다.
재미있게 보고가요."
"pa**line12","2023.03.12","영화 잘 봤어요 잘 봤어요"
"we**on21c","2023.03.12","그대를향한끊없는마음"
"옥MOM","2023.03.12","노년의 삶을 그리는 아름다움"
"k9**011","2023.03.12","앞으로 닥아올 우리들의 일."
"라일락민트","2023.03.12","영화 봤습니다.~.!"
"su**331","2023.03.12","잔잔하고 감동있는 영화입니다. 추천합니다."
"po**y096","2023.03.12","슬프지만 나름의 스토리가 좋아요"
"kc**294","2023.03.12","yvtcybubihi7"
"bs**2222","2023.03.12","fcgcrxhbjbjbu7"
"캪틴큐","2023.03.12","재미있게 잘 보았습니다"
"블루생명력","2023.03.12","갈수록 늘어가고 발생율이 젊어지는 치매에 대한 얘기라 공감을 많이 하게 되네요. 걸린 사람도 그렇지만 보호자의 힘든 생활면에서 더 많은 공감을 하게 되네요. 치매 연기를 현실감 있게 연기하셔서 놀라웠네요."
"1등","2023.03.12","배우분들의 연기도좋았고잘 봤습니다"
"3000 만큼 사랑해~♡","2023.03.12","치매에 대해서 다시한번 생각해보게 되었네요~"
"멜론","2023.03.12","끝날 것 같은 타이밍이 2~3번 있었는데 너무 끌고 가는 것 같은 기분이 들어서 답답했습니다 카메라 촬영 방법은 너무 좋았습니다"
"The Grape Gatsby","2023.03.12","쉽지 않은 영화였다. 흠"
"FRANK","2023.03.12","Too realistic story!"
"jw**m2004","2023.03.12","그대 어이가리, 현실, 정말 죄송합니다. 솔직히 다른 방법이 없습니다."
"sy**hony0","2023.03.12","두시간짜리 공익광고 같았지만 재미있었습니다"
"kl**as80","2023.03.12","재미있게 잘봤습니다 굿굿"
"pl**lzplzplz","2023.03.12","울림이 있는 좋은 영화였습니다"
"ja**o419","2023.03.12","재미있게 봤어요..ㅎㅎ"
"순례엠프","2023.03.12","잘봤습니다 굳굳굳ㅎㅎ"
"쿠엔란도","2023.03.12","치매의 고통을 잘 표현한 영화…"
"링고2019","2023.03.12","그대 어이가리 나중에 함 봐야겠네요"
"Hujitong","2023.03.12","공감은 많이 가나 연출과 연기 모두 아쉬웠던.."
"bl**s757","2023.03.12","연출, 연기 모두 별로였네요."
"yo**gyeshin","2023.03.12","여운이 많이 남는 영화였어요"
"수정마을0318","2023.03.12","치매란무서운병으로인해주변가족들의고통과인생의삶이란어떤것인가를보여주는영화..어릴적보았던꽃상여의등장은많은생각을만드네요..선동혁정아미두배우의혼신의열연에박수를보냅니다무형문화재우리것을잘보존하고잘지킵시다#/그대어이가리/!!~~~"
"에이비","2023.03.12","재미있게 잘 봤습니다~"
"여러분^^**","2023.03.12","아주재미있게봤습니다"
"sh**joohyun","2023.03.12","아주 좋아요 음악도 좋구요"
"정말천재","2023.03.12","치매 걸린 가족들이 겪어야 하는 리얼한 얘기였습니다."
"yyall","2023.03.12","10자를 꼭 채워야 한대"
"pj**5225","2023.03.12","정말 잘 봤습니다.
배우님들 연기 너무좋았고 수고하셨습니다.!"
"mo**lightoh","2023.03.12","감동적으로 잘봤습니다."
"xo**6890","2023.03.12","잘 봤습니다...!!"
"te**u318","2023.03.12","영화 좋네요. 잘봤습니다."
"동원이지","2023.03.12","넘 뻔한 스토리지만 배우들의 연기는 좋았음"
"RIN MATSUOKA","2023.03.12","치매 걸린 가족의 현실적인 이야기가 마음 아프고 슬펐습니다.."
"li**33","2023.03.12","그대 어이가리 재밌게 봤어요"
"ji**ermoor","2023.03.12","그대 어이가리 재밌게 봤어요"
"ci**rclub","2023.03.12","그냥저냥 볼 만해요. ㅎ"
"va**s9374","2023.03.12","좋은 영화 상영관이 많았으면 좋겠어요"
"lackee","2023.03.12","차라리 소리를 탐구하는 다큐였으면 더 좋았을 듯"
"영화사랑","2023.03.12","넘. 우울해요ㅠㅠ;,,"
"bh**adcj","2023.03.12","""사랑의 품격을 보여준 영화"""
"sj**ocj","2023.03.12","전 세계를 울린 사랑찬가"
"mo**djoo75","2023.03.12","영화보다는 연극 한편 본 느낌"
"FrancesHa","2023.03.12","슬펐다가 현실생각도 났다가ㅜㅜ"
"gold00","2023.03.12","가슴이 따뜻해지는 영화입니다"
"아미쿠스.","2023.03.12","그대 어이가리. 그대 어이가리"
"무비king","2023.03.11","참 애절하고 슬픈 영화네요!"
"서른부자","2023.03.11","고령화 사회에 남일같지 않은 게 가슴에 와닿네요. 잘봤습니다."
"su**joonkjh","2023.03.11","괜찮았어요. 추천합니다."
"나나나","2023.03.11","최근 본 한국영화 중 최고 명연기에 창이 어우러진 연출이 인상적이네요"
"ho**tar3","2023.03.11","영화 재밌게 잘 봤습니다."
"ho**tar1","2023.03.11","영화 재밌게 잘 봤습니다."
"da**jsm2","2023.03.11","재밌게 잘 봤습니다 ㅎㅎ"
"00**lee","2023.03.11","재밌게 잘 봤습니다 ㅎㅎ"
"jd**0040213","2023.03.11","영화잘보고나왔습니다"
"Batman7","2023.03.11","그대 어이가리 그대 어이"
"리조트","2023.03.11","마음아프고 슬퍼서
오랜만에  눈물을 흘렸네요
기억을 잃는다는것
주위에서 바라보는 가족들에게는
정말 힘든일이네요
정말 가슴아프네요"
"HYUN!!","2023.03.11","국악과 어우러지는 내용이 인상깊네요"
"시간은금","2023.03.11","알츠하이머에 대해서 여러가지 생각은 들게 하지만 내용은 너무 단순하다. 그리고 그렇게 하는게 법적으로는 문제가 없는건가?? 하는 의구심이 들었다. 노래부르느라 몰랐다고 하면 문제 없으려나?"
"ccgvll","2023.03.11","A Song for my Dear"
"03**afa","2023.03.11","너무나  가슴아프네요. 배우님  연기가 좋았네요"
"오이오이야","2023.03.11","..^^,,,음 뭐랄까"
"젤리폴리","2023.03.11","그대 어이가리 그대 어이가리"
"ns**oom","2023.03.11","진짜 꼭 보셔야 하는 영화입니다….."
"lucky^.,^","2023.03.11","연극배우가 나오는 영화라선가 연기에 오버가 있는 것과 국악이 너무 들어간것이 거슬리는 것 외엔 양호"
"ks**778","2023.03.11","영화 잘 봤습니다..."
"Daisy Buchanan","2023.03.11","좋은 죽음이란 가능한가. 잘 죽는다는 것에 대한 질문."
"빼쿠","2023.03.11","점점 남일같지않아 이런영화 보기 무섭다"
"d5**m2ki","2023.03.11","잊고 지냈던 가족의 소중함을 느끼게 해주는 감명깊은 영화였어요."
"amyZzang","2023.03.11","현실성이 느껴지는 영화..."
"ah**283","2023.03.11","좋네요. 정말 잘 봤습니다."
"영사인","2023.03.11","아름다운 사랑! 잔잔해요"
"tj**ls6209","2023.03.11","치매를 늦추는 방법이라도 있었으면 정말 좋겠습니다.."
"ghke","2023.03.11","치매와 가족에 대한 생각."
"JO D","2023.03.11","삶을 돌아보게 되네요!"
"qh**hk123","2023.03.11","감동으로 다가오는 가족애"
"sh**088708","2023.03.11","남의 일이 아닌 내일 내 이야기일수도 있다는게..
마음이 착잡하네요.
인생사 뜻데로 안되듯..
나는 내가 원하는 죽음을 맞을수 없겠지요?
절대?"
"ni**2316","2023.03.11","노년의 이야기를 아주 잘 풀어낸"
"영화를극장에서","2023.03.11","그대 이어가리 좋았어요"
"su**pa","2023.03.11","좋아요, 재밌게 잘 봤습니다"
"kimsy9508","2023.03.11","이 영화의 특징이라고 한다면 국악의 망가를 모티브로 해서 국악과 영화를 섞으려고 했다는 점이겠지만, 그 이외의 모든 영화의 요소들이 하나같이 오래되고 낡아서 국악이 세련된 것이 아닌 노땅들이나 듣는 것처럼 만들어버렸다."
"suwon love","2023.03.11","abcdefghijklmnopqrstuvwxyz"
"이명박","2023.03.11","알츠하이머와 죽음이 대한 성찰"
"aooa1014","2023.03.11","예상되는 슬픔이라 그런지 담담하게 봤네요."
"will","2023.03.11","영화 잘 보고 왔습니다."
"ha**imae","2023.03.11","제 점수는 10점입니다."
"두유냠","2023.03.11","제 점수는 10점입니다."
"dbstjdrlf","2023.03.11","단란한 가정에 치매의 가족의 폭풍전야~~"
"민트민트해","2023.03.11","많은게 발전하면서 인간의 삶도 길어지고 오래사는게 축복이고 행복은 아닌... 무병장수를 해야하는데 자연의 섭리는 모든게 그렇지 않다!"
"미소마녀","2023.03.11","치매가 이 세상에서 사라졌으면.좋겠다"
"헤이123","2023.03.11","무난하게 볼만한 영화였다"
"jm**yung","2023.03.11","오래산다는게 절대 축복이 아닌 시대"
"YD67","2023.03.11","잘 봤습니다~~~!!!!"
"ba**3031","2023.03.11","먹먹한 가슴입니다. 좌석엔 나이드신 분들이 많았습니다."
"지현~^^","2023.03.11","ㅠㅠ~
슬퍼지네요
내나이 예순하고도 넷~
남의 일 같지않아요
항상 나는 어떻게 마지막을 맞이할까?
적어도 
피해나 의지는 하기 싫은데
참 어려운 질문을 남겨주었어요
동감 합니다"
"rh**wptmsla","2023.03.11","연출이 너무 단편적이네"
"먼무이","2023.03.11","눈물이 날거라 예상했지만 어찌할수 없는 답답한 상황에 한숨이 절로 나네요"
"ki**inkid","2023.03.11","겪어본 사람만이 환자를 돌보는 고통을 이해한다"
"브라운팝콘","2023.03.11","좋은 영화인데 부모님은 안봤으면 하는 영화"
"뱌나냐냐","2023.03.11","좋았습니다좋았습니다"
"gk**fcjs2513","2023.03.11","오랫동안 살았던 부부의 마지막 페이지"
"세트","2023.03.11","알츠하이머 투병기에 더해진 국악의 한"
"느림보","2023.03.11","좋았어요 좋았어요 좋았어요"
"냠냠냠2","2023.03.11","인상적인 내용이었습니다"
"rh**tns0912","2023.03.11","좋은 영화같아요 잘봤어요"
"윰724","2023.03.11","영화 재미있게 잘봤습니다~"
"ly**aria","2023.03.11","치매를 넘어 안락사 논쟁까지 이것이 인생일진데"
"pmon","2023.03.11","소리하는 신들은 다 좋았는데"
"no**963","2023.03.11","인상적으로 잘 보았습니다."
"ss**34a","2023.03.11","닏ㅅㄷㄱ듸ㅢㅡㅡㅅ딛ㄱ"
"깔끔신사","2023.03.11","인생은 생로병사 인명은 재천"
"땀뽕이","2023.03.11","어머니께서 알츠하이머 병으로 죽으셨다니 불쌍해요 잘봤습니다"
"le**8015","2023.03.11","이시대의자화상 감명있게 보았습니다!!"
"dmov","2023.03.11","영화 재미있게 잘봤습니다"
"후라e","2023.03.11","이 영화 슬프다. 또 슬프다."
"nr**an01","2023.03.11","감동적으로 잘 봤어요 ㅎ"
"cestsibon","2023.03.11","누구나 공감할 현실적인 문제"
"개똥같은넘","2023.03.11","각본은 아쉽고 치매는 무섭고 국악은 멋지다."
"암ma","2023.03.11","가슴이 막막해지는 영화"
"yp**0503","2023.03.11","영화 잘 봤습니다~ㅎㅎ"
"하얀사냥꾼","2023.03.11","재미있게 보았습니다."
"ha**ysh52","2023.03.11","그대어이가리.그대여이"
"django d는묵음","2023.03.11","서프라이즈 쿠폰 감사합니다"
"서빈백사","2023.03.11","슬프네요~~^^  울엄마도 치매였는데 양호한건 같다.10년 넘었는데도 보고 싶다"
"hardlywait","2023.03.11","너무너무 재미있고 감동적입니다"
"EMILYJEANSTONE","2023.03.11","너무나 현실적이어서 싫었다"
"슬픈거짓말","2023.03.11","조심스럽게 사실적으로 그려낸 연극 같은 영화"
"코스모스","2023.03.11","슬프네요 우리 엄마는 착한 
치매였다는걸..."
"더즈원","2023.03.11","Tv문학관 뭐소쏘 하내요"
"bn**bfbc","2023.03.11","잘 봤습니다 재밌어요."
"lj**56","2023.03.11","슬프고 치매이야기가 다가와요"
"kirrr","2023.03.11","슬픈 현실을 마주했습니다."
"삶은 영화처럼","2023.03.11","다시 보고 싶은 영화네요."
"라무네스","2023.03.11","인상적이지만 힘들었어요 ㅠㅠ"
"ka**offel","2023.03.10","그대 어이가리 봤습니다."
"dixhwi12","2023.03.10","한번쯤은 봐줄만한 영화"
"gr**dy1024","2023.03.10","나라도 정신 말짱할때 안락사 요구 할 거 같아요"
"as**datsu","2023.03.10","그대 어이가리 그대 어이가리"
"별시계","2023.03.10","너무슬퍼요눈물났어요으아아아앙"
"vi**etnuage9","2023.03.10","휴지 준비해 가세요 ㅜ ㅜ"
"ch**sy11","2023.03.10","영화 잘관람했어요 ㆍ좋아요"
"후알로","2023.03.10","아주 의미있는 영화였네요"
"pd**46","2023.03.10","미흡한 점들이 있지만 심금을 울리네요."
"david h","2023.03.10","배우들의 연기가 인상적인 작품"
"만이","2023.03.10","죽음에 대해 생각해보게되는"
"프리미어","2023.03.10","보는 내내 마음이 너무 무거운, 끝내 눈물 흘러내려 먹먹함이."
"jg**d2002","2023.03.10","좋아요
좋아요
좋아요"
"go**lejang","2023.03.10","영화 재미있네요..좋아요."
"lo**ddalki7","2023.03.10","고결하게 아프지만 지독히 아름답다"
"유년시절","2023.03.10","부모님 모두 노령이시라 그런지 남 얘기 같지 않았다."
"Surt","2023.03.10","지옥에서 떠난 이를 위해, 지옥에 남을 이를 위해
노래를 불러주오, 나의 소중한 이여"
"아침에방긋","2023.03.10","내 속도 어리가리네 어우 노잼"
"무비홀릭","2023.03.10","평생을 국악인으로 떠돌던 남자가 고향에 정착한 뒤, 아내가 이상행동을 하면서 벌어지는 이야기를 다룬 영화.치매환자와 가족을 다룬 배우들의 연기는 좋았지만,전반적으로 너무 늘어지는 전개와 드라마 같은 느낌이 많이 아쉽네요."
"lo**lyvar","2023.03.10","은은하고 감동적입니다."
"lc**un3","2023.03.10","재미있게 잘 보았습니다."
"HELIOS1A","2023.03.10","내 가족이 겪게될지도 모를일이라 생각하니 가슴이 먹먹하네요"
"마늘코","2023.03.10","치매 가족은 그럼 어떻게 해야 하나요ㅜ
연기가 리얼합니다.새드엔딩이라 슬픈ㅜㅜ
해결방안이 없어 답답하네요"
"Kaizoku Banbaku","2023.03.10","알츠하이머, 파킨슨 등 앞으로 우리 주변에서 많이 나올 것이다 어떻게 대처할지 한 번씩 생각해 보면 좋겠다"
"ch**i76","2023.03.10","조연드라마 나오시는 주인공들"
"월하의마술사","2023.03.10","사랑하는이를 떠나보내야한다면?!!"
"딸기체리망고","2023.03.10","좋아요 슬퍼요 괜찮아요"
"초코시나몬","2023.03.10","현실적이고 슬펐다ㅜㅜ"
"록기9","2023.03.10","양보다 질이라는 말을 인생에도 쓸 수 있지 않을까 감히 생각해 봅니다."
"om**128","2023.03.10","누구에게나 일어날 수 있는일"
"wj**jsdk3461","2023.03.10","그대 어이가리 재밌었어요"
"bm**577","2023.03.10","잔잔하고 좋은 영화네요"
"hy**appy","2023.03.10","누구에게나 일어날 수 있는 질병, 나이듦에 대해 구지 우울하고 어둡게 그려갈 이유가 있을지~ 갠적으론 궁상무드 피곤해서 ㅠ"
"cineHolic♡","2023.03.10","펑펑 울라고 만든 영화같은데...  이상하게 눈물이 안 나오네... 살짝 눈가 젖을 정도?? ㅡㅡ"
"ILMM","2023.03.10","누구에게나 일어날 수 있는 현실. 공감된다."
"sh**22","2023.03.10","감동적이고 슬펐습니다"
"청춘82","2023.03.10","비극적이나 어디서 본거같은 스토리 영화나 드라마가 너무 많은거 같아요"
"영회광샘","2023.03.10","생생히와닺는영화다아마내나이때문일까
아니면돌아가신부모님에대한애환일까"
"왕꿈돌이","2023.03.10","현실로 와닿네요  노령인구의 증가로 남일아닙니다  건강하게  노년을"
"구들리","2023.03.10","인생의 아름다운 마무리를 느끼게 하는 시간"
"나른한새봄","2023.03.10","인간의 존엄성을 스스로 지킬 수 없을 때 자신을 포기할 방법도 법적으로 마련될 그 날을 기다려봅니다"
"띤기루앙마","2023.03.10","미안하다 까먹었다 ㅜㅠ"
"SHSS","2023.03.10","A SONG FOR MY DEAR.2023.0310"
"정처없이","2023.03.10","우리 주위에 많은분들이 고통받는~ 가슴 아픈 현실입니다."
"di**41digh","2023.03.10","너무 현실적이여서 웃음이나고
너무 현실적이여서 눈물이 나는 영화였습니다.
할머니 할아버지 생각에 눈물한번나고
엄마아빠생각에 걱정되고 마음이 아픈영화였습니다."
"미어캣♡","2023.03.10","상영관 없어서 관람을못함"
"abcd","2023.03.10","그냥 무표정으로 보다 나옴요"
"f.k.f","2023.03.10","별로 감동적이지 않음 ㅠㅠ"
"dn**3ng","2023.03.10","작지만 강인한 영화네요"
"ch**m3ng","2023.03.10","잔잔한 가슴속 큰 울림의 영화"
"ky**7young","2023.03.10","치매와 가족간의 사랑, 안타까웠다"
"em**lie","2023.03.10","너무 슬프고 감동적인 영화였어요."
"wn**ma07","2023.03.10","정말 잔잔하고 괜찮았어요."
"영세남","2023.03.10","감독님이 고민하셨겠지만 결론을 꼭 그렇게 내리셔야했나요?현실에서 힘든 돌봄을 하면서 하루하루 무너져가는 분들도 있고.그저 견디는게 할수 있는 전부인 치매가족들도 많을텐데.차라리 열린결말로 관객들이 알아서 해석하게 내버려두시지.두주연배우들은 너무 힘들지않았을까하는 마음이.."
"사오","2023.03.10","떠나보내는 가족의 구슬픈 소리"
"황해달","2023.03.10","별 기대없이 갔는데 볼만랬어요"
"ji**oy00","2023.03.10","볼만합니다.
기대안하고 봤는데 뭉클하네요"
"cj**0824","2023.03.10","지금 체감하고있는 삶의 이야기"
"jounkkh","2023.03.10","슬프지만 꽤 볼만했다.."
"선인장3","2023.03.10","그대 어이가리 그대 어이가리"
"go**yw","2023.03.10","A Song for My Dear"
"wu**01","2023.03.10","주인공 두 분의 목소리가 정말 좋았다"
"꼬부기","2023.03.10","남일같지 않은  영화네요.공감갑니다."
"한빛","2023.03.10","재밋게 잘 봤습니다 ~~~~"
"xxirot","2023.03.10","좋은 영화 잘 관람했습니다."
"츄우♥3♥","2023.03.10","평 안 좋아서 거름 ㅇㅇ,, 50포 개꿀딱 >_<b"
"jj**ghc","2023.03.10","일어나지 않았음 하는 현실이네요"
"yr**stiny","2023.03.10","우리나라 노인 간병의 현실을 적나라하게 드러내서 마음이 불편했다. 영화로 일으킨 문제의식이 실제 제도 개선으로 이어졌으면 좋겠다. 평소 접하기 힘들었던 민요와 전통 장례문화를 알게 된 것은 의미 있었다."
"제야아","2023.03.10","정말 정말 재미있게 봤어요"
"bs**041","2023.03.10","손수건없이 볼 수 없는 이야기"
"x1**011x","2023.03.10","그럭저럭 잘 봤어요 !!"
"Mr.한글","2023.03.10","예상가는 전개인데 뭔가 배우들로만 어찌어찌 끌고가려는게 안스러운느낌입니다."
"tkwlsdls3","2023.03.10","전체적인 연출과 스토리가 좋았고 추천하고 싶은 영화였습니다♡"
"tadjun","2023.03.10","전체적인 연출과 스토리가 좋았고 추천하고 싶은 영화였습니다♡"
"go**boonger","2023.03.09","정말 정말 재미있게 봤어요"
"xo**s121628","2023.03.09","재밌게 잘잤습니다..."
"gk**nrvks","2023.03.09","잔잔하게 잘봤습니다."
"wo**d3274","2023.03.09","잔잔하이 보기 좋은 영화"
"사람이되고싶은사람","2023.03.09","이창열 감독은 과연 최선을 다해서 작품에 임했는지 . .? 부족한 세팅과 사실성도 예술성도 조금씩 모자란다 . .게다가 . . 차선을 선택한 것도 아닌듯 -"
"산양","2023.03.09","그대 어이가리! 재밌습니다"
"애드 아스트라","2023.03.09","재밌게 잘봤습니다..."
"ki**mcalypse","2023.03.09","그대어이가리 ㄷ그대어리가라"
"ko**akd9","2023.03.09","재미있었어요101010"
"사눅","2023.03.09","결국 방법이 없는 건가… 제일 두려운 병이기도 하다"
"스마트인","2023.03.09","슬픈이야기넹노..!"
"na**ung13","2023.03.09","그대 어이하여 그리 가리니"
"ma**n932001","2023.03.09","나를 잃어 버리고 가족을 힘들게 하는 치매는 너무 무서운 병이네요"
"싼거","2023.03.09","굿굿 하고 싶은 마음이 있습니다"
"제이제이","2023.03.09","가족의 갈등이 시선을 사로잡는 영화"
"slamtaiji","2023.03.09","아리랑과 쓰리랑을 아라리가 낫는데, 그대가 어디가면 안돼지.. 쓰레기 수구2찍 국짐당이나 완전히 저세상으로 가버리고."
"go**yw13","2023.03.09","그대 어이가리 그대 어이가리"
"줄스","2023.03.09","'국악'이라는 가장 한국적인 음악을 활용해 '치매'라는 전 세계인들이 공감할 수 있는 소재를 애끓는 소리로 표현해낸다."
"ju**air","2023.03.09","그대 어이가리 나름 볼만한 영화같아요"
"영화사랑0711","2023.03.09","우리나라의 현실적인 문제인 치매에 대해서
그려진 영화
치매가족의 모습을 처절하게 보여주어서
지금 우리에게 생각하게 하는 영화"
"at**inable7","2023.03.09","부득이 못봤는데, 관람평을 보니 내용이 더 궁금하네요"
"까리깔롱상햐","2023.03.09","감동적인 영화였어요 ㅠㅠㅠㅠ"
"as**jinsun","2023.03.09","치매... 모두가 너무 아프고 힘든 병인 것 같아요ㅠ"
"시네레터","2023.03.09","내가 나를 잃어버린다는게 이토록 슬픈 일이구나 내가 사랑하는 사람들에게 그런 모습을 보여주는 것 또한"
"su**iseeh","2023.03.09","어머니께서 잘 보셨다고 하네요. 눈물이 나셨다고."
"물된동산","2023.03.09","네아주슬프고악몽이고의미도있냈요."
"강가딘","2023.03.09","가슴 먹먹한 가족애를 그린 영화였습니다."
"lshmovie","2023.03.09","그대 어이가리 그대 어이가리"
"한니임","2023.03.09","가슴 절절한 사랑 이야기"
"fo**628","2023.03.09","알츠하이머 내용인 보통 영화에 국악을 더한다. 현실적인 표현은 남긴한데 그뿐..."
"ha**21","2023.03.09","엔딩크레딧 올라갈 때 울었어요
연기도 내용도 슬프고 아프네요"
"me**l71","2023.03.09","펑펑 울었어요..엄마 생각나서..."
"mo**ee","2023.03.09","영화 그냥그냥 잘 보았습니다."
"11**cmy","2023.03.09","요즘 우리사회의 단면을 리얼하게 묘사했네요
저도 시부모님 일로 겪어본 사람으로써 가슴이 먹먹했어요"
"시린아","2023.03.09","너무 재미 있는 영화 입니다"
"re**slow09","2023.03.09","사랑의 가장 아름다운 쓸모"
"네이밍없다","2023.03.09","남일 같지 않네요ㅜㅜ 공감"
"gu**ggaji1","2023.03.09","그대 어이가리 잘 봤습니다"
"씨지비에서","2023.03.09","이미 안타까운데 국악까지 구슬프네"
"Doyoooung","2023.03.09","시종일관 과하기만 하다. 부담스럽다."
"별","2023.03.09","재미있게 잘 봤습니다!"
"yo**g2191996","2023.03.09","실제 치매가족이 있어서인지 너무 현실적으로 와닿아서 맘이 아팠네요.ㅠㅠ 꽃처럼살다가고 싶은 맘은 다 같을꺼라고 생각된다. 존엄사에 대해 한번 더 생각해보게 되고, 정부의 지원은 있지만, 가족이 떠 안고 가야돨 문제는 많은 것 같네요~"
"카이신","2023.03.09","써쿠로 잘봤네요~~ㅇ"
"이드니아","2023.03.09","한국판 <아무르>를 기대했다면 무리였을까?"
"Total Eclipse","2023.03.09","마음아파도 실제 곳곳에서 볼수 있는 현실일 것이다. 사회적으로 존엄사에 대해서도 생각해봐야 할 문제인듯."
"송강.","2023.03.09","뭉클했습니다ㅠㅜㅠㅜ"
"봉구♡","2023.03.09","너무 현실적이고 너무 슬퍼요ㅜㅜ"
"재드래공","2023.03.09","가슴 뭉클하네요..영화 재밌게 잘 봤습니다."
"wo**6028","2023.03.09","슬픈 이야기지만, 소리로 슬픔을 절제하는게 돋보이는 영화 입니다!"
"샤킹 올리","2023.03.09","치매를 겪으며 되돌아보게 되는 사랑과 인생의 의미"
"영화보는세상","2023.03.09","치매란 무서병으로 인해 주변 가족들의 고통과 인생의 삶이란 어떤것인지를 보여주는 영화 어릴적 보았던 꽃상여의 등장은 많은 생각을 하게 만드네요 선동혁 정아미 두배우의 혼신의 열연에 박수를 보냅니다.무형 문화재 우리것을 잘보존 하고 지킵시다~^"
"정준하김치전","2023.03.09","치매는ㅈ걸리면 안된다..ㄷ·"
"오드리천사","2023.03.09","누구나 피해갈 수 없는 나이듬과 설마 나에게 오리라고는 생각하지 못하고 무방비 상태에서 받아들이게 되는 치매의 아픔을 가슴절이는 창과 현대적 꽃상여로 녹여냈다. 나의 상황이였다면 어찌 했을까?"
"im**124","2023.03.09","감독의 욕심에 비해 뭔가 능력이 안 따라주는 느낌..."
"on**lbo","2023.03.09","이 영화를 어이하리..."
"do**g94","2023.03.09","인생을 다시 한 번 돌아보게 하네요."
"Romeo","2023.03.09","연기는 넘치고 연출은 모자라고… 
스틸 앨리스, 더 파더가 되고 싶었지만…"
"se**eonguk","2023.03.09","음... 조금 별로였어요"
"칼릴 지브란","2023.03.09","치매를 앓으면, 최근 기억부터 사라집니다. 어릴적 기억이 끝까지 남아, 어린애가 됩니다."
"cinemaparadisee","2023.03.09","지루하고 시간도 너무 길다"
"라땨뜌이","2023.03.09","그대 어이가리...."
"na**e999","2023.03.09","알츠하이머 아내를 지극정성 보살피는 남편이 
안쓰럽고 힘들어보였다"
"HappyDay^^","2023.03.09","이해하고 생각하면서 관람!"
"zestimo","2023.03.09","인간답게 살고 존엄을 지키며 죽는 것, 그것이 우리의 권리"
"ji**n803","2023.03.09","엄마가 잘봤다고 하시네요"
"dh**d204","2023.03.09","제목에서 느껴지는 고유의 풍이라고 할까 그런 필의 영화"
"버디/나비/러뷰/우린","2023.03.09","주연배우들의 연기가 좋았습니다"
"밀크티","2023.03.09","배우들 연기는 말할 것도 없이 좋았고 인생에 대해 돌아볼 수 있어 너무 슬프면서도 공감갔어요"
"셀레네","2023.03.09","치매는 너무 무서운 병이네요"
"태양08","2023.03.09","그대어이가리 잘봤습니다."
"릴리♡","2023.03.09","그대어이가리 못보러 갔습니다."
"alliotono","2023.03.09","잘 봤습니다. 슬프네요"
"Eoms","2023.03.09","영화 잘봤습니다 영화 잘봤습니다"
"*소리*","2023.03.09","볼만했습니다.볼만해요."
"ra**ag3322","2023.03.09","그대 어이가리. 그대 어이가리."
"dd**a603","2023.03.09","치매가 무엇인지 생각해보게 해준영화"
"mo**ky96","2023.03.09","님아.. 그 강을 건너지 마오.."
"bklove","2023.03.09","따뜻함과 잔잔함이 느껴지는 영화입니다."
"유리","2023.03.09","잘봤습니다.그대 어이가리"
"샤니마스","2023.03.09","포인트용 영혼 보냈다 보냈다"
"sa**ki0823","2023.03.09","잘 보았습니다 잘 보았습니다 잘 보았습니다"
"NH2","2023.03.09","먹먹함
따뜻함
~~~"
"qw**ty1785","2023.03.09","이 감정을 표현하는 것이 한이고 소리다."
"은빛민이","2023.03.09","훈훈 잘 보고 왔습니다. 쵝오"
"jys306","2023.03.09","치매 환자 가족의 고통. 치매의 끝"
"여름봄비","2023.03.09","잔잔하지만 많은 생각이 드는 파도같은 영화"
"as**momo","2023.03.09","잘 보았습니다 잘 보았습니다 잘 보았습니다"
"an**ngyong0","2023.03.09","아프지 않고 건강하게 사는게 최고"
"kk**7755","2023.03.09","재밌었어요 추천합니다 ㅎㅎ"
"kt**7755","2023.03.09","재밌었어요 추천합니다 ㅎㅎ"
"kk**27755","2023.03.09","재밌었어요 추천합니다 ㅎㅎ"
"Joseph6602","2023.03.09","정말로 감동적인 영화였습니다.
정말로 치매가 무섭네요."
"rp**g11","2023.03.09","남편의 소리로 아내는 편히 가리."
"st**gd","2023.03.09","슬프고 감동적이에요. 잘 봤습니다."
"아미사랑고","2023.03.09","슬프고 재미네요. 꼭보세요"
"스포는죄악","2023.03.09","병간호에 좋은 가족 될 수 없다. 
오히려 같이 죽어간다.
존엄사에 대해 진지한 사회적 담론이 오고가야한다."
"su**er27","2023.03.08","많은 생각이 들어요..."
"jc**rk1220","2023.03.08","슬프고 감동적인 가족영화"
"be**s52","2023.03.08","마지막장면보고 눈물이펑펑...ㅜㅜ"
"fo**ver9727","2023.03.08","건강이 정말 중요하다 진짜"
"pa**59","2023.03.08","감동적이고 슬픈영화였습니다"
"야구짱짱맨","2023.03.08","잔잔한 느낌으로 잘 감상했습니다"
"sy**71","2023.03.08","영화 잘 관람했습니다."
"영원한우상","2023.03.08","잘봤습니다. 사랑합니다"
"라프렐","2023.03.08","이창열 감독, 선동혁(극단 굿판 대표, KBS9기 특채 탤런트)의 소리는 가슴을 울렸습니다. 오열할 수 밖에 없는...국제영화제 51관왕 수상작의 위엄을 알게 해 줍니다. 가족 간의 사랑은 다른 무엇으로 대체불가한 것임을 새삼 깨닫게 해 줍니다."
"미링리","2023.03.08","잘 봤습니다 좋았어요 ㅋㅋ"
"다으니","2023.03.08","영화 그대 어이가리 잘봤네요"
"abis","2023.03.08","영화 그대 어이가리 
- 재미있게 잘 관람했습니다"
"똥홍똥홍","2023.03.08","재밌습니다 추천합니다"
"jm**o213","2023.03.08","취향에 맞지 않았던..."
"wl**k8892","2023.03.08","배우들의 연기가 돋보이는 영화였습니다"
"永野芽郁","2023.03.08","재미있게 잘 보았습니다"
"메로메로메롱","2023.03.08","좋은영화네요 잘봤습니다"
"wl**ud425","2023.03.08","좋아요 재밌게 잘 봤습니다"
"ju**hye1000","2023.03.08","영화 재미있게 잘 봤습니다..."
"ba**jjang","2023.03.08","나이 들어 인생이 참  ㅠㅠ"
"I am Groot!","2023.03.08","그대 어이가리 그래 아이가릿"
"ik**ght524","2023.03.08","잘 봣습니다 ㅎㅎㅋㅋㅎㅎㅋㅋ"
"깡쌍낑","2023.03.08","그대어이가리어이가리~"
"윤버리","2023.03.08","TV문학관의 영화버젼이군요 ㅡㅡ"
"그래비티캐논","2023.03.08","미관람. 단순 기록으로만 남겨둠"
"hu**233","2023.03.08","희망이 보이지 않는 삶을 끝까지 사는것과
다른선택을 하는것 중 과연 옳고 그른게 있을까?"
"sh**idid","2023.03.08","좋았어요 좋았어요 좋았어요"
"ee**76","2023.03.08","가족중에 한명만 아파도 삶이 얼마나 많은 것들이 달라지는 지를 겪어봤기에 정말 공감하며 아파하며 눈물흘리며 봤습니다. 모두 고생하셨어요"
"minima","2023.03.08","좋았어요ㅠㅠ 감동스럽게 잘봤어용"
"우야당","2023.03.08","못만든 드라마도 이것보다는 잘만들었다. 뻔하고도 예상대로 흘러가는 스토리에 실소만 나온다. 거기다가 신파를 국악과 연결해서 감정을 울릴려고 한 것 같은데, 전혀 아니올시다다."
"B60","2023.03.08","슬프지만 담담하게…치매도 극복되는 날이 오기를"
"큐빗","2023.03.08","눈물나네요. 영화 잘 봤습니다"
"바다사랑해","2023.03.08","소재가 특이하고 좋았습니다"
"S.칼엘","2023.03.08","눈물 없인 볼 수 없는 이야기"
"ABCDEFGHIJKLMNOPQRSTUVWXY","2023.03.08","명절 특선 TV 드라마를 영화관에서 보는 느낌."
"누동7","2023.03.08","그대어이가리그대어이가리"
"hw**apyonjak","2023.03.08","감동적인 영화입니다. 배우들의 연기가 좋았어요"
"박성부","2023.03.08","감동적입니다  만족하고  최고"
"애치","2023.03.08","끝까지 몰입하며 보게 되는 영화였습니다."
"형식없는 아이","2023.03.08","그런대로 볼 만 했어요."
"심슨바트","2023.03.08","배우들 연기도 잘하지만, 봐둘만한 현실적 내용. 모두의 바램. 예쁘게 살다가 곱게 죽는거ㅠ준비"
"허밍버드","2023.03.08","참 생각이 많아지는 작품입니다~ 산다는 것과 살아야 한다는 것의 경계를 생각해보네요"
"해밀처럼","2023.03.08","그대 어이가리 우리나라 어르신들의 치매를 앓고 있는 모습을 잘 보여준 영화 노인이 되지 않는 사람은 없으니 언젠가 누구에게도 일어날수 있는 일"
"그랜저IG","2023.03.08","두분 연기가 너무 실화적이라 추천을 안드릴수 없음"
"재","2023.03.08","완전 많이 재밌었어요!!"
"jh**gh2000","2023.03.08","치매는 걸리면 너무 주변인이 너무 고생이겠다 생각한 세삼 대단한 영화 잘 보았습니다."
"ch**1121","2023.03.08","너무나 공감되는 이야기 선동혁, 정아미 배우님 연기가 너무 리얼해서 정말 감동 깊게 봤어요"
"갓난이","2023.03.08","재미있게 봤습니다 ㅎㅎ"
"as**999","2023.03.08","그냥 보면 눈물나는 영화.."
"87**42lsm","2023.03.08","이런 영화를 젊은 사람들도 많이 보면 좋겠어요
지금까지 본영화 중에서 최고예요."
"God Field","2023.03.08","다시 봐야 쓸 수 있을듯..."
"#223","2023.03.08","병마와의 싸움을 그린다는건 정말 어려운 일"
"sb**309","2023.03.08","서프라이즈 쿠폰으로 예매함"
"단한번만","2023.03.08","사실적이라 더욱 슬픈 영화"
"쭈꿈까꿍","2023.03.08","행복한 전원 생활도 잠시,
‘동혁’은 ‘연희’의 행동이 이상하다는 걸 깨닫는다."
"아리양.","2023.03.08","나한테는 당신 밖에 없잖아. 약속해줘"
"dh**d65","2023.03.08","좋은 작품 극장에서 봤습니다"
"비밀친구1","2023.03.08","보진않았지만 좋다고들한다"
"Ameng","2023.03.08","무대인사때 또다시 뵐게요"
"나무와달","2023.03.08","재밌게 잘 봤어요~~!"
"아빠의 청춘","2023.03.08","재밌게 잘 봤어요~~!"
"씨네맨","2023.03.08","부모님과 함께 보기에 좋을듯.."
"so**ta27","2023.03.08","그대어이가리그대어이"
"sweetss2","2023.03.08","극중 가족은 최선을 다 한 것 같아요"
"Lemonmom","2023.03.08","짜임새 있는, 알토란 같은 영화였습니다 잘만들어진 단편소설 또는 한편의 연극을 감상하고난 후 영혼을 배부르게한 작품이었습니다 이렇게 좋은 작품이 수상을 하고 메이져 영화관에서 상영하고 관람할수 있어 참 좋습니다"
"천하삼분찌개","2023.03.08","상영관과 시간 맞추기가 어려웠지만 보고나니 보길 잘했다는 생각ㅎ"
"TB MKK","2023.03.08","포인트를먹읍시다열글자"
"SSS급 VIP","2023.03.08","명절 특집 TV 드라마를 영화관에서 보는 기분"
"cy**222","2023.03.08","재밌었습니다굿굿굿굿"
"Bluetooth","2023.03.08","가슴아픈 이야기 이것은 누구의 잘못도 아닌 받아들여야 하는 현실"
"ja**8282","2023.03.08","좋은 영화 잘봤습니다~"
"매튜 매커너히","2023.03.08","상실의 고통을 바라보는 
  성숙한 관점.   
감정을 사실적으로 다루는 노련한 솜씨.
아주 자연스럽게  공감에 젖어들게 한다."
"Rosa","2023.03.08","눈물이 계속나서 혼났다."
"슝슝","2023.03.08","너무 너무 재미있게 잘봤어요"
"못생긴나무","2023.03.07","꽃처럼 아름답게 살다가 죽고 싶다는 엄마...
""차조심하고, 나는 괜찮아""말을 달고 사는 아빠...
지치기 시작하는 딸과 사위... 
그대 어이 가리."
"나ㅋㅋ","2023.03.06","사랑하는 사람에 대한 어쩔수 없는 마음이 먹먹했다"
"dr**e444","2023.03.05","참 좋은 영화입니다. ㅜㅜ"
"5yh4hmom","2023.03.05","어떻게 하면 이런 사람을 만날까요?"
"rgheet1ken","2023.03.05","두 연기자의 모습이 실제 같네요."
"a9**9065","2023.03.05","인생이란 무엇인지 더 살아봐야겠습니다."
"r1easdong","2023.03.05","나는 이런 사랑을 할 수 있을 것인가?"
"멋진남자","2023.03.05","삶이란 무엇일까? 생각해 보게 됩니다."
"hy**17","2023.03.05","좋은 영화를 시사회로 먼저 보게 해줘서 고맙습니다."
"lo**des","2023.03.05","참 짠한 감동이 밀려왔습니다."
"zx**031","2023.03.05","이런 영화는 많이 봐야 합니다.ㅜㅜ"
"Sweetheart","2023.03.05","참 감동적인 영화입니다."
"gr**grigy1","2023.03.05","부모님도 생각나고 참 눈물나네요."
"나래와레나","2023.03.05","모든 인간의 두려움이기도 한 치매라는 병, 나의 마지막의 모습이게 될까봐 두려운 나약한 인간의 모습, 인생의 허무함을 느껴보는 시간이 됨. 다만 억지 감정이입을 유도하는 듯한 교육용 시청각자료의 느낌이 몰입에 방해가 됨."
"g8**4928g","2023.03.04","감동적이고 좋았어요 재밌네요"
"z8**4928z","2023.03.04","너무 괜찮았어요 좋았어요"
"로버트킴12","2023.03.03","삶과 죽음에 대하여 깊은 생각을 하게 하는 뜻깊은 시간 이였습니다."
"도련님짱짱","2023.03.03","인간의 존엄성이 훼손되는 상황에서 존엄사를 선택할 자유가 본인에게 부여되어야할것 같다. 그런데 악용될 위험부담때문에 실현되는것에는 걱정이 앞선다."
"김데레","2023.03.03","정말 죄송합니다. 다른 밥법이 없습니다."
"깨군","2023.03.03","치매에 대한 소재가 너무 좋았지만 선동혁 배우님 혼자 영화를 끌고 가는 느낌이고 다른 배우님들의 연기가 조금 부자연스러웠고 음향이 높았다 낮았다 하는 느낌이 있어서 조금 아쉬웠어요.
국악이 배경음악으로서 영화를 풍부하게 해주었고 치매환자에 대한 현실적인 고충을 느낄 수 있었어요."
"만군1","2023.03.03","치매에 대해 생각해보는 계기가 되었다."
"lovingyou","2023.03.03","치매와 우리 소리(국악)의 만남이 부자연스러웠던 건 나만의 느낌일까? 남편의 마지막 소리(다리 신)를 위한 스토리 같은...(+ <펜트하우스> 속 카리스마 회장님은 치매 연기도 강렬하다!)"
"Big frame","2023.03.03","치매에 대한 한 남편의 보고서 ~ 영화로서는 레포트외에 의미가 없다."
"sk**0111","2023.03.03","나는 어떻게 가게 될 것인가 생각하게 만드는 영화"
"마늘은못참지","2023.03.02","생각지도 않았는데 시사회 당첨되서 보게 되었습니다.^^
기존에도 비슷한 소재의 영화는 있었지만 좀 더 현실적이면서 과하게 자극적이지 않으면서 여러가지 생각을 하게 만드는 영화였네요.. 사랑하는 사람과의 삶에 대해 한번쯤 다시 생각을 하게 만드는 영화같습니다."
"즐거운","2023.03.02","기존 영화에서처럼 아름다운 치매는 없다는 걸 보여주는 영화~우리 소리가 찰떡 궁합!"
"라니아 연대기","2023.03.02","내뜻대로 되지않고...
누구에게나 올수있는...
나조차도 어쩔수없는..."
"xo**a80","2023.03.02","현실감 있게 다룬 사회적 문제와 전통 음악이 잘 어우러진 영화."
"말많은거복이","2023.03.02","뭔가 90년대 이전의 영화를 보는 것 같은. 연극적인 대사와 고정된 샷 중심의 구도가 불편함을 자극한다.
살해당하는 치매노인의 대다수는 여성. 남편이나 아들 손에 살해당한다. 어쩔 수 없는 선택인 것처럼 호도하지만 참 비겁하다. 지금은 사라진 꽃상여와 상여소리만 좋다"
"ne**1618","2023.03.02","시사회 보고 왔어요.
soso
치매란...
겪는자와 돌보는자의 아픔..ㅠ"
"샤이훌르드","2023.03.02","잘봤습니다. 감동적이었어요."
"지니 전","2023.03.02","배우들의 연기가 좀 매끄럽지않고 중간중간 어색합니다.
치매는 가족 모두가 병드는 질병입니다.
국악과 치매로 인한 고통을 잘 어우르긴했으나..좀~ㅠㅠ"
"ha**4180","2023.03.02","시사회에 다녀왔네요.슬프고 안타가운 현실이 우리세계에 공존하고 있는데 첨단기술이 그토록 발전함에도 왜 이병은 치료하기가 힘들까요? 왜 이토록 모질게 다가올까요? 배우님들의 연기에 박수를 보냅니다.ㅠㅠ 잘관람했어요."
"우리는 찐형제","2023.03.02","치매란 병은 본인뿐만 아니라 가족 전체를 병들게한다"
"냠냠씨","2023.03.02","참 많은 여운이 남는 영화네염? ㅠㅜ ㅎㅎㅋ"
"hc**54","2023.02.27","볼만했어요~~~^^"
"fl**er2316","2023.02.27","잼있어요잘봤습니다."
"jj**on0221","2023.02.27","잘봤습니다~~~~!"
"주황주황","2023.02.27","현실적이라 더 와닿네요"
"엣지","2023.02.27","늙어간다는 건 이렇듯..."
"신화창조","2023.02.27","슬프고 감동적이었어요"
"ho28","2023.02.27","그대어이가리 ...."
"피자러버밍밍","2023.02.27","엄마랑 함께 보러가서 많이 울었어요"
"su**2299","2023.02.26","sososo...."
"jawoo","2023.02.26","잼있어요잘봤습니다."
"dr**ming0816","2023.02.26","잘봤습니다~~~~!"
"al**804","2023.02.26","노령층이 증가하는 현재와 미래를 생각하면 결코 남의 이야기가 아니다."
"jo**316","2023.02.26","goodgoodgood"
"안녕슬픔","2023.02.26","연출력은 다소 미흡하지만 배우들의 좋은 연기와 이제는 남의 얘기같지않은 공감가는 이야기의 힘.."
"ㅁ35","2023.02.26","그대어이가리 ...."
"박군93","2023.02.26","노년의 삶과 사랑 이야기"
"ds**29","2023.02.26","평생을 함께하는 사랑과 반려자"
"고흐동생고갱","2023.02.25","그대 어이가리
A Song for My Dear"
"ja**14","2023.02.25","노부부의 애틋한 사랑 이야기"
"jk8","2023.02.25","그대  어이 가리  보고..."
"h420","2023.02.25","그대어이가리 ....^^"
"르네마그리뜨","2023.02.25","그대어이가리 재밌어요"
"m..","2023.02.25","그대어이가리...."
"pm**1128","2023.02.25","그대어이가리...."
"K.써니","2023.02.24","그대 어이가리 잘봤습니다"
"아라연이","2023.02.24","잘봤습니다.잘봤습니다."
"미르가람","2023.02.24","잘봤습니다.좋습니다."
"ㅅ ㆍㅡ","2023.02.24","그대어이가리^^..."
"570","2023.02.24","그대어이가리 재밌었어요"
"78e","2023.02.24","그대어이가리,,,.."
"ㅈㅣㄴ ㅣ","2023.02.24","그대어이가리...."
"ji19","2023.02.24","그대어이가리...ㆍ"
"si11","2023.02.24","그대어이가리 좋아요^^"
"a35","2023.02.24","그대어이가리 ...ㆍ"
"em**rosa","2023.02.24","잘 보고 왔습니다!!!!"
"진go","2023.02.23","죽음도 아름답기를.."
"sg15","2023.02.23","그대어이가리 좋아요,,"
"o2o0ry7","2023.02.23","잘 관람하고 왔습니다."
"hyacinth0","2023.02.23","좋은 연기와 무난한 연출."
"하늘색연두","2023.02.23","연기가 제일 좋았어요."
"미니인절미","2023.02.23","생각보다 괜찮았네요."
"pi**istqueen","2023.02.22","영상미가 최고!!!!"
"서연율맘","2023.02.22","내가 나이가 들면... 우리 부모님이라면...
여러가지 상황을 떠올리게 만드는, 현실감 있는 영화였어요..."
"코봉이코커","2023.02.22","치매 환자의 배우자,딸,사위로.가족들의 고통을 너무 신파적으로만 이끌지않고 잘 담아냈다.

눈물을 참을수 없는 장면들이 많아서 굿즈(손수건)를 꺼내 쓰고 싶었으나 겨우 참아내고 고이 간직하렵니다~^^*"
"드니빌뇌브1","2023.02.22","강한 콘셉트의 작품이라 조금 부담스럽네요"
"우디알렌1","2023.02.22","너무 강한 표현으로 오히려 불편한 감이 있네요"
"겨울빗방울","2023.02.21","잘봤습니다.잘봤습니다."
"아마존","2023.02.21","눈물 쏙 속에 현실을 들여다보다"
"자유시인","2023.02.21","치매 걸린 부인에 대한 슬픈 진혼곡"
"하늘천사이","2023.02.21","좋았어요 꼭보세요 ^^**~~"
"천국하늘","2023.02.21","추천해요 좋아요 ^^**+&&"
"스콜세지","2023.02.21","강한 자극만이 있어 아쉬워요"
"해밀☆","2023.02.21","그대 어이가리 그대 어이가리"
"해밀리나","2023.02.21","그대 어이가리 그대 어이가리"
"ag**hah1","2023.02.21","치매에 걸린 엄마와 그를 돌보는 남편과 딸의 이야기."
"여우곰","2023.02.21","사랑의 품격을 보여준 영화!"
"sungah22","2023.02.20","생각보다 괜찮은 영화였어요"
"우주비행사 어기","2023.02.19","마지막 이별을 앞둔 부부의 애틋한 사랑"
"zion.","2023.02.18","잘 봤습니다 감사합니다"
"현수기","2023.02.18","고령화사회 치매로인한 가족의 고통이 그대로 보여지는.."
"해아좋화영","2023.02.17","치매는 치료될 수 없는 병인가?"
"sm**624","2023.02.17","기대보다 볼만한 영화였어요"
"건설부장","2023.02.17","기대보다 볼만한 영화였어요"
"무대뽀우기","2023.02.17","생각보다 괜찮은 영화였어요"