Deleted Feature,Description
h_reg5,5개 권역별 지역구분(h17_reg5)
h_reg7,7개 권역별 지역구분(h17_reg7)
h_flag,가처분소득 및 경상소득 -Imputation 여부(무응답 대체법 적용 여부)(h17_flag)
h_hc,균등화소득에 따른 가구구분(공공부조 이전의 균등화 경상소득의 중위 60% 기준)(원표본)(h17_hc)
h_g2,가구주와의 관계(h17_g2)
h_g7,교육수준2(h17_g7)
h01_11aq5,의료급여 수급형태1(h1701_11aq5)
h01_11aq6,의료급여 수급형태2(h1701_11aq6)
h01_11aq8,주거급여 수급형태(h1701_11aq8)
h01_11aq10,교육급여 수급자 수(h1701_11aq10)
h_eco3,근로무능력사유(h17_eco3)
h_eco4_1,경제활동 참여상태(12월 31일기준)(h17_eco4_1)
h_eco5_1,고용관계(h17_eco5_1)
h_eco6,근로시간형태(h17_eco6)
h_eco_7_1,근로계약기간 설정여부(h17_eco_7_1)
h_eco_7_2,근로지속가능성(h17_eco_7_2)
h_eco_7_3,근로지속불가능 사유(h17_eco_7_3)
h_eco8,업종(h17_eco8)
h_eco9,직종(h17_eco9)
h_eco10,사업장규모(h17_eco10)
h_eco11,비경제활동사유(h17_eco11)
h_soc_2,공적연금가입형태(h17_soc_2)
h_soc_3,공적연금에 가입하고 있는 연금제도(h17_soc_3)
h_soc_4,국민연금 가입종별(h17_soc_4)
h_soc_5,국민연금 납입여부(h17_soc_5)
h_soc_6,국민연금 미납유형(h17_soc_6)
h_soc_7,국민연금 납부예외 사유(h17_soc_7)
h_soc_8,국민연금 납부예외 기간(h17_soc_8)
h_soc_9,국민연금 미납이유(h17_soc_9)
h_soc_10,국민연금 미납기간(h17_soc_10)
h_soc_11,국민연금 미가입 이유(h17_soc_11)
h_inc2_2,(상용)일한 개월수(月)(h17_inc2_2)
h_inc3_1,(임시ㆍ일용)해당여부(h17_inc3_1)
h_inc3_2,(임시ㆍ일용)일한 개월수(月)(h17_inc3_2)
h_inc4_2,(고용주ㆍ자영자)일한 개월수(月)(h17_inc4_2)
h_inc5_1,(농림축산업)해당여부(h17_inc5_1)
h_inc5_2,(농림축산업)일한 개월수(月)(h17_inc5_2)
h_inc6_1,(어업)해당여부(h17_inc6_1)
h_inc6_2,(어업)일한 개월수(月)(h17_inc6_2)
h_inc7_1,(무급가족종사자)해당여부(h17_inc7_1)
h_inc7_2,(무급가족종사자)일한 개월수(月)(h17_inc7_2)
h_inc2_3,상용-가구원번호(h17_inc2_3)
h_inc2,상용-연간총급여액(h17_inc2)
h_inc3_6,임시일용-가구원번호(h17_inc3_6)
h_inc3,임시일용-연간총급여액(h17_inc3)
h_inc4_7,고용주및자영자-가구원번호(h17_inc4_7)
h_inc4,고용주및자영자-연간순소득(h17_inc4)
h_inc4_8,고용주및자영자-가구원번호(h17_inc4_8)
h_inc4_9,고용주및자영자-연간 전입소득(h17_inc4_9)
h_inc7_3,기타-가구원번호(h17_inc7_3)
h_pers_income1,상용근로자 소득(개인)(h17_pers_income1)
h_pers_income2,"임시, 일용근로자 소득(개인)(h17_pers_income2)"
h_pers_income3,"고용주, 자영자 소득(농림축어업제외)(개인)(h17_pers_income3)"
h_pers_income5,농림축어업 경영주 소득(개인)(h17_pers_income5)
h05_3aq1,가입자의 해당종류(h1705_3aq1)
h05_2,미가입자의 혜택종류(h1705_2)
h05_3,의료급여서비스 문제점(h1705_3)
h05_5,건강보험료 미납이유(h1705_5)
h05_6,건강보험료 미납기간(h1705_6)
h05_7,건강보험 문제점(h1705_7)
nh05_8,건강보험의 보험료에 합당한 보장정도(nh1705_8)
nh05_9,의료기관 진료 및 진료 서비스의 만족도(nh1705_9)
h06_14aq1,이사 사유(h1706_14aq1)
h06_3_16aq1,임대주택 유형(h1706_3_16aq1)
h06_11,"(가)주택의 구조, 성능 및 환경_내열,내화,방열,방습(h1706_11)"
h06_12,"(나)주택의 구조, 성능 및 환경_방음, 환기, 채광, 난방(h1706_12)"
h06_13,"(다)주택의 구조, 성능 및 환경_소음, 진동, 악휘, 대기오염(h1706_13)"
h06_14,"(라)주택의 구조, 성능 및 환경_해일, 홍수, 산사태 등 자연재해(h1706_14)"
h06_15,"(마)주택의 구조, 성능 및 환경_안전한 전기시설, 화재시 피난설비(h1706_15)"
h06_14aq2,(바)주거복지사업 이용경험_전세임대 또는 매입입대(h1706_14aq2)
h06_3aq1,(사)기타_이용경험(h1706_3aq1)
h07_sub1,월세-지대(h1707_sub1)
h07_13aq1,기타소비-비영리단체 이전지출(h1707_13aq1)
h08_107,임시ㆍ일용근로자 수 합계(h1708_107)
h08_155,농림축산업 경영주-논(h1708_155)
h08_156,농림축산업 경영주-밭(h1708_156)
h08_157,농림축산업 경영주-임야(산)(h1708_157)
h08_158,농림축산업 경영주-기타(특용작물 등)(h1708_158)
h08_160,농림축산업-판매수입(A)(h1708_160)
h08_159,농림축산업-자가소비액(B)(h1708_159)
h08_3aq3,농림축산업-이전소비액(C)(h1708_3aq3)
h08_161,농림축산업-합계(A+B+C)(h1708_161)
h08_162,농림축산업-잡수입(D)(h1708_162)
h08_163,농림축산업-총비용(E)(h1708_163)
h08_164,농림축산업-순소득(A+B+C+D-E)(h1708_164)
h08_166,어업-판매수입(A)(h1708_166)
h08_165,어업-자가소비액(B)(h1708_165)
h08_3aq4,어업-이전소비액(C)(h1708_3aq4)
h08_167,어업-합계(A+B+C)(h1708_167)
h08_168,어업-잡수입총액(D)(h1708_168)
h08_169,어업-총비용(E)(h1708_169)
h08_170,어업-순소득(A+B+C+D-E)(h1708_170)
h08_14aq1,공적연금-국민연금(h1708_14aq1)
h08_14aq2,공적연금-특수직역연금(h1708_14aq2)
h08_10aq1,기초연금(h1708_10aq1)
h08_14aq3,아동수당(h1708_14aq3)
h08_11aq1,자녀장려세제(h1708_11aq1)
h08_15aq1,"지방보조금(지역형 생계, 긴급복지지원, 청년수당 등)(h1708_15aq1)"
h08_16aq1,재난지원금(코로나19관련 지원금)(h1708_16aq1)
nh08_3aq1,가구원이 아닌 기타사람으로부터의 보조금(현금 및 현물)(nh1708_3aq1)
h08_aq32,9개월 미만 생계를 같이 하다가 분가한 가구원이 함께 살 때 제공한 보조금(현금 및 현물)(h1708_aq
h08_aq33,가구원으로 새로 들어온지 9개월 미만된 가구원이 제공한 보조금(현금 및 현물)(h1708_aq33)
h08_aq34,민간 개인 또는 단체로 부터 받은 보조금(현금 및 현물)(h1708_aq34)
h08_11aq2,생계급여 - 연간 수급 개월수(h1708_11aq2)
h08_11aq3,생계급여 - 총액(h1708_11aq3)
h08_11aq4,주거급여 - 연간 수급 개월수(h1708_11aq4)
h08_11aq5,주거급여 - 총액(h1708_11aq5)
h08_11aq7,교육급여 - 연간 수급 개월수(h1708_11aq7)
h08_11aq8,교육급여 - 총액(h1708_11aq8)
h09_12aq1,비율 - 생활비(생계비)(h1709_12aq1)
h09_12aq2,비율 - 주택관련 자금(전세보증금 포함)(h1709_12aq2)
h09_12aq3,비율 - 교육(학자금마련 포함)(h1709_12aq3)
h09_12aq4,비율 - 의료비(h1709_12aq4)
h09_12aq5,비율 - 빚 갚음(h1709_12aq5)
h09_12aq6,비율 - 기타(h1709_12aq6)
h09_12aq7,합계 비율
h09_12aq11,생활비(생계비)
h09_12aq21,주택관련 자금(전세보증금 포함)
h09_12aq31,교육(학자금마련 포함)
h09_12aq41,의료비
h09_12aq51,빚 갚음
h09_12aq61,기타
h09_12aq71,합계
h11_3aq5,(라)위의 문항에 대해서 얼마나 자주 그런 일이 있었는지(h1711_3aq5)
h12_2_11aq1,지난 1년간 국민기초생활보장급여 신청 여부(맞춤형급여)
h12_2_11aq2,가구생성 이후 국민기초생활보장급여 신청 여부(맞춤형급여)
h12_2_11aq3,국민기초생활보장급여 신청하게 된 이유(h1712_2_11aq3)
h12_2_11aq4,수급자 선정 여부(h1712_2_11aq4)
h12_2_11aq5,(생계급여)수급자로 선정되지 못한 이유(h1712_2_11aq5)
h12_2_11aq6,(의료급여)수급자로 선정되지 못한 이유(h1712_2_11aq6)
h12_2_11aq7,(주거급여)수급자로 선정되지 못한 이유(h1712_2_11aq7)
h12_2_11aq8,(교육급여)수급자로 선정되지 못한 이유(h1712_2_11aq8)
h12_2_11aq9,(생계급여)생계문제 해결방법(h1712_2_11aq9)
h12_2_11aq10,(의료급여)생계문제 해결방법(h1712_2_11aq10)
h12_2_11aq11,(주거급여)생계문제 해결방법(h1712_2_11aq11)
h12_2_11aq12,(교육급여)생계문제 해결방법(h1712_2_11aq12)
h12_2_11aq13,지난 1년간 국민기초생활보장급여 받은 경험(맞춤형급여)
h12_2_11aq14,가구생성 이후 국민기초생활보장급여 받은 경험(맞춤형급여)
h12_2_11aq15,(생계급여)첫번째_급여를 받은 년(h1712_2_11aq15)
h12_2_11aq16,(생계급여)첫번째_급여를 받은 기간(h1712_2_11aq16)
h12_2_12aq1,(생계급여)첫번째_급여를 받은 년(h1712_2_12aq1)
h12_2_11aq17,(생계급여)첫번째_급여를 받은 기간(h1712_2_11aq17)
h12_2_12aq2,(생계급여)두번째_급여를 받은 년(h1712_2_12aq2)
h12_2_11aq18,(생계급여)두번째_급여를 받은 기간(h1712_2_11aq18)
h12_2_12aq3,(생계급여)두번째_급여를 받은 년(h1712_2_12aq3)
h12_2_11aq19,(생계급여)두번째_급여를 받은 기간(h1712_2_11aq19)
h12_2_12aq4,(생계급여)세번째_급여를 받은 년(h1712_2_12aq4)
h12_2_11aq20,(생계급여)세번째_급여를 받은 기간(h1712_2_11aq20)
h12_2_12aq5,(생계급여)세번째_급여를 받은 년(h1712_2_12aq5)
h12_2_11aq21,(생계급여)세번째_급여를 받은 기간(h1712_2_11aq21)
h12_2_12aq6,(의료급여)첫번째_급여를 받은 년(h1712_2_12aq6)
h12_2_11aq23,(의료급여)첫번째_급여를 받은 기간(h1712_2_11aq23)
h12_2_12aq7,(의료급여)첫번째_급여를 받은 년(h1712_2_12aq7)
h12_2_11aq24,(의료급여)첫번째_급여를 받은 기간(h1712_2_11aq24)
h12_2_12aq8,(의료급여)두번째_급여를 받은 년(h1712_2_12aq8)
h12_2_11aq25,(의료급여)두번째_급여를 받은 기간(h1712_2_11aq25)
h12_2_12aq9,(의료급여)두번째_급여를 받은 년(h1712_2_12aq9)
h12_2_11aq26,(의료급여)두번째_급여를 받은 기간(h1712_2_11aq26)
h12_2_12aq10,(의료급여)세번째_급여를 받은 년(h1712_2_12aq10)
h12_2_11aq27,(의료급여)세번째_급여를 받은 기간(h1712_2_11aq27)
h12_2_12aq11,(의료급여)세번째_급여를 받은 년(h1712_2_12aq11)
h12_2_11aq28,(의료급여)세번째_급여를 받은 기간(h1712_2_11aq28)
h12_2_12aq12,(주거급여)첫번째_급여를 받은 년(h1712_2_12aq12)
h12_2_11aq30,(주거급여)첫번째_급여를 받은 기간(h1712_2_11aq30)
h12_2_12aq13,(주거급여)첫번째_급여를 받은 년(h1712_2_12aq13)
h12_2_11aq31,(주거급여)첫번째_급여를 받은 기간(h1712_2_11aq31)
h12_2_12aq14,(주거급여)두번째_급여를 받은 년(h1712_2_12aq14)
h12_2_11aq32,(주거급여)두번째_급여를 받은 기간(h1712_2_11aq32)
h12_2_12aq15,(주거급여)두번째_급여를 받은 년(h1712_2_12aq15)
h12_2_11aq33,(주거급여)두번째_급여를 받은 기간(h1712_2_11aq33)
h12_2_12aq16,(주거급여)세번째_급여를 받은 년(h1712_2_12aq16)
h12_2_11aq34,(주거급여)세번째_급여를 받은 기간(h1712_2_11aq34)
h12_2_12aq17,(주거급여)세번째_급여를 받은 년(h1712_2_12aq17)
h12_2_11aq35,(주거급여)세번째_급여를 받은 기간(h1712_2_11aq35)
h12_2_12aq18,(교육급여)첫번째_급여를 받은 년(h1712_2_12aq18)
h12_2_11aq37,(교육급여)첫번째_급여를 받은 기간(h1712_2_11aq37)
h12_2_12aq19,(교육급여)첫번째_급여를 받은 년(h1712_2_12aq19)
h12_2_11aq38,(교육급여)첫번째_급여를 받은 기간(h1712_2_11aq38)
h12_2_12aq20,(교육급여)두번째_급여를 받은 년(h1712_2_12aq20)
h12_2_11aq39,(교육급여)두번째_급여를 받은 기간(h1712_2_11aq39)
h12_2_12aq21,(교육급여)두번째_급여를 받은 년(h1712_2_12aq21)
h12_2_11aq40,(교육급여)두번째_급여를 받은 기간(h1712_2_11aq40)
h12_2_12aq22,(교육급여)세번째_급여를 받은 년(h1712_2_12aq22)
h12_2_11aq41,(교육급여)세번째_급여를 받은 기간(h1712_2_11aq41)
h12_2_12aq23,(교육급여)세번째_급여를 받은 년(h1712_2_12aq23)
h12_2_11aq42,(교육급여)세번째_급여를 받은 기간(h1712_2_11aq42)
h12_2_11aq43,(생계급여)12월 말까지 급여를 받게 된 이유(h1712_2_11aq43)
h12_2_11aq44,(의료급여)12월 말까지 급여를 받게 된 이유(h1712_2_11aq44)
h12_2_11aq45,(주거급여)12월 말까지 급여를 받게 된 이유(h1712_2_11aq45)
h12_2_11aq46,(교육급여)12월 말까지 급여를 받게 된 이유(h1712_2_11aq46)
h12_2_11aq47,(생계급여)국민기초생활보장 급여수준 평가(h1712_2_11aq47)
h12_2_11aq48,(의료급여)국민기초생활보장 급여수준 평가(h1712_2_11aq48)
h12_2_11aq49,(주거급여)국민기초생활보장 급여수준 평가(h1712_2_11aq49)
h12_2_11aq50,(교육급여)국민기초생활보장 급여수준 평가(h1712_2_11aq50)
h12_2_11aq51,(생계급여) 수급대상 가구 탈피 예상기간(h1712_2_11aq51)
h12_2_11aq52,(의료급여) 수급대상 가구 탈피 예상기간(h1712_2_11aq52)
h12_2_11aq53,(주거급여) 수급대상 가구 탈피 예상기간(h1712_2_11aq53)
h12_2_11aq54,(교육급여) 수급대상 가구 탈피 예상기간(h1712_2_11aq54)
h12_2_11aq55,(생계급여) 수급자 탈피 이유(h1712_2_11aq55)
h12_2_11aq56,(의료급여) 수급자 탈피 이유(h1712_2_11aq56)
h12_2_11aq57,(주거급여) 수급자 탈피 이유(h1712_2_11aq57)
h12_2_11aq58,(교육급여) 수급자 탈피 이유(h1712_2_11aq58)
h12_2_11aq59,탈피하더라도 계속 받고 싶은 지원(h1712_2_11aq59)
h12_1_4aq1,근로장려세제에 대한 인식(h1712_1_4aq1)
h12_1_11aq1,자녀장려세제에 대한 인식(h1712_1_11aq1)
h12_1_5aq1,근로(자녀)장려금 신청 여부(h1712_1_5aq1)
h12_1_5aq2,근로(자녀)장려금 급여 수령 여부(h1712_1_5aq2)
h12_1_5aq3,수급한 근로(자녀)장려금 사용 현황(h1712_1_5aq3)
h12_1_5aq4,근로(자녀)장려금의 도움 정도(h1712_1_5aq4)
h12_1_5aq5,근로(자녀)장려금 급여가 근로의욕에 미치는 영향(h1712_1_5aq5)
h12_1_4aq2,근로(자녀)장려금 수급 요건 충족 여부에 대한 인식(h1712_1_4aq2)
h13_15aq1,(카) 권익보장 지원(공공후견서비스 등)(h1713_15aq1)
h13_4aq4,(가) 장애인활동지원사업 경험여부(h1713_4aq4)
h13_4aq6,(나) 산모/신생아 건강관리지원사업 경험여부(h1713_4aq6)
h13_4aq8,(다) 가사간병 방문지원사업 경험여부(h1713_4aq8)
h13_12aq1,"(라) 통합문화이용권(문화누리카드, 스포츠강좌이용권)(h1713_12aq1)"
h13_5aq4,(마) 임신출산 진료비지원제도 경험여부(h1713_5aq4)
h13_15aq2,(바) 아이돌봄지원 경험여부(h1713_15aq2)
h13_5aq8,(사) 보육료·유아학비 지원(h1713_5aq8)
h13_15aq3,"(아) 장애아동가족지원(발달재활서비스, 언어발달지원사업) 경험여부(h1713_15aq3)"
h13_15aq4,"(자)  발달장애인지원(발달장애인 부모심리상담서비스, 발달장애인주간활동서비스, 청소년발달장애학생 방과후 활%XB5"
h13_12aq2,(차) 에너지 바우처(h1713_12aq2)
h13_4aq14,(카) 기타 바우처서비스 경험여부(h1713_4aq14)
h13_4aq15,(카) 기타 바우처서비스 종류(h1713_4aq15)
h13_4aq17,장기요양서비스를 이용하면서 지불한 금액(h1713_4aq17)
h13_4aq18,(가) 방문요양 이용여부(h1713_4aq18)
h13_4aq20,(나) 방문목욕 이용여부(h1713_4aq20)
h13_4aq22,(다) 방문간호 이용여부(h1713_4aq22)
h13_4aq24,(라) 주야간보호 이용여부(h1713_4aq24)
h13_4aq26,(마) 단기보호 이용여부(h1713_4aq26)
h13_4aq28,(바) 기타재가급여 이용여부(h1713_4aq28)
h13_4aq30,(사) 시설급여 이용여부(h1713_4aq30)
h13_4aq32,(아) 특별현금급여 이용여부(h1713_4aq32)
h14_4,(가) 기초연금 지원 경험여부(h1714_4)
h14_8,(나) 의료비 지원 경험여부(h1714_8)
h14_12,(다) 노인 무료 급식 경험여부(h1714_12)
h14_16,(라) 물품지원 경험여부(h1714_16)
h14_20,(마) 가사지원 서비스 경험여부(h1714_20)
h14_24,(바) 식사 배달 서비스 경험여부(h1714_24)
h14_28,"(사) 방문 가정간호, 간병, 목욕 서비스 경험여부(h1714_28)"
h14_32,(아) 이동편의 서비스 경험여부(h1714_32)
h14_36,(자) 주야간보호 서비스 경험여부(h1714_36)
h14_3aq1,(차) 노인일자리사업 경험여부(h1714_3aq1)
h14_4aq1,(카) 사회참여 서비스 경험여부(h1714_4aq1)
h15_14aq1,(가) 아동수당(h1715_14aq1)
h15_4,(나) 공공어린이집 경험여부(h1715_4)
h15_8,(다) 양육ㆍ보육료 및 유치원비 보조 경험여부(h1715_8)
h15_12,"(라) 아동상담, 집단 프로그램 경험여부(h1715_12)"
h15_20,(마) 방과후돌봄서비스 경험여부(h1715_20)
h15_25,(바) 무료급식(급식지원 포함) 경험여부(h1715_25)
h15_29,(사) 학비지원 경험여부(h1715_29)
h15_33,(아) 예체능 교실 경험여부(h1715_33)
h15_37,(자) 문화활동 경험여부(h1715_37)
h15_4aq1,(차) 가정봉사·아이돌봄 서비스 경험여부(h1715_4aq1)
h15_7aq1,(타) 영유아보충식품지원 경험여부(h1715_7aq1)
h15_aq1,가구에 추가된 아동유무(h1715_aq1)
h15_40,1번.아동가구원번호1(h1715_40)
h15_41,1번.출생시 체중 2.5kg 이상 여부(h1715_41)
h15_42,1번.선천성 기형 및 질환(h1715_42)
h15_43,2번.아동가구원번호2(h1715_43)
h15_44,2번.출생시 체중 2.5kg 이상 여부(h1715_44)
h15_45,2번.선천성 기형 및 질환(h1715_45)
h15_46,3번.아동가구원번호3(h1715_46)
h15_47,3번.출생시 체중 2.5kg 이상 여부(h1715_47)
h15_48,3번.선천성 기형 및 질환(h1715_48)
h15_49,4번.아동가구원번호4(h1715_49)
h15_50,4번.출생시 체중 2.5kg 이상 여부(h1715_50)
h15_51,4번.선천성 기형 및 질환(h1715_51)
h15_52,5번.아동가구원번호5(h1715_52)
h15_53,5번.출생시 체중 2.5kg 이상 여부(h1715_53)
h15_54,5번.선천성 기형 및 질환(h1715_54)
h15_55,6번.아동가구원번호6(h1715_55)
h15_56,6번.출생시 체중 2.5kg 이상 여부(h1715_56)
h15_57,6번.선천성 기형 및 질환(h1715_57)
h15_60,1번.아동가구원번호1(h1715_60)
h15_aq2,1번.사교육과 보육기관 이용실태(h1715_aq2)
h15_61,"1번.자녀가 이용하는 사교육, 보육기관A(h1715_61)"
h15_62,"1번.자녀가 이용하는 사교육, 보육기관B(h1715_62)"
h15_63,"1번.자녀가 이용하는 사교육, 보육기관C(h1715_63)"
h15_66,1번.한달 평균 사교육비(h1715_66)
h15_67,1번.한달 평균 보육비(h1715_67)
h15_68,2번.아동가구원번호2(h1715_68)
h15_aq3,2번.사교육과 보육기관 이용실태(h1715_aq3)
h15_69,"2번.자녀가 이용하는 사교육, 보육기관A(h1715_69)"
h15_70,"2번.자녀가 이용하는 사교육, 보육기관B(h1715_70)"
h15_71,"2번.자녀가 이용하는 사교육, 보육기관C(h1715_71)"
h15_74,2번.한달 평균 사교육비(h1715_74)
h15_75,2번.한달 평균 보육비(h1715_75)
h15_76,3번.아동가구원번호3(h1715_76)
h15_aq4,3번.사교육과 보육기관 이용실태(h1715_aq4)
h15_77,"3번.자녀가 이용하는 사교육, 보육기관A(h1715_77)"
h15_78,"3번.자녀가 이용하는 사교육, 보육기관B(h1715_78)"
h15_79,"3번.자녀가 이용하는 사교육, 보육기관C(h1715_79)"
h15_82,3번.한달 평균 사교육비(h1715_82)
h15_83,3번.한달 평균 보육비(h1715_83)
h15_84,4번.아동가구원번호4(h1715_84)
h15_aq5,4번.사교육과 보육기관 이용실태(h1715_aq5)
h15_85,"4번.자녀가 이용하는 사교육, 보육기관A(h1715_85)"
h15_86,"4번.자녀가 이용하는 사교육, 보육기관B(h1715_86)"
h15_87,"4번.자녀가 이용하는 사교육, 보육기관C(h1715_87)"
h15_90,4번.한달 평균 사교육비(h1715_90)
h15_91,4번.한달 평균 보육비(h1715_91)
h15_92,5번.아동가구원번호5(h1715_92)
h15_aq6,5번.사교육과 보육기관 이용실태(h1715_aq6)
h15_93,"5번.자녀가 이용하는 사교육, 보육기관A(h1715_93)"
h15_94,"5번.자녀가 이용하는 사교육, 보육기관B(h1715_94)"
h15_95,"5번.자녀가 이용하는 사교육, 보육기관C(h1715_95)"
h15_98,5번.한달 평균 사교육비(h1715_98)
h15_99,5번.한달 평균 보육비(h1715_99)
h15_100,6번.아동가구원번호6(h1715_100)
h15_aq7,6번.사교육과 보육기관 이용실태(h1715_aq7)
h15_101,"6번.자녀가 이용하는 사교육, 보육기관A(h1715_101)"
h15_102,"6번.자녀가 이용하는 사교육, 보육기관B(h1715_102)"
h15_103,"6번.자녀가 이용하는 사교육, 보육기관C(h1715_103)"
h15_106,6번.한달 평균 사교육비(h1715_106)
h15_107,6번.한달 평균 보육비(h1715_107)
h16_6aq1,(가) 장애인연금(중증장애인 대상) 경험여부(h1716_6aq1)
h16_6aq4,(나) 장애수당(경증장애인 대상) 경험여부(h1716_6aq4)
h16_8,(다) 장애아동수당 경험여부(h1716_8)
h16_24,(라) 의료재활서비스 경험여부(h1716_24)
h16_4aq1,(마) 가사지원 서비스 경험여부(h1716_4aq1)
h16_4aq4,"(바) 방문 가정간호, 간병, 목욕 서비스 경험여부(h1716_4aq4)"
h16_32,(사) 이동편의 서비스 경험여부(h1716_32)
h16_36,(아) 주택관련 서비스 경험여부(h1716_36)
h16_40,(자) 가족상담 및 심리재활 서비스 경험여부(h1716_40)
h16_4aq7,(차) 사회적응 및 취업관련 서비스 경험여부(h1716_4aq7)
h16_56,(카) 장애아동 및 장애인자녀 보육비 및 교육비 지원 경험여부(h1716_56)
h16_60,(타) 장애아동 및 장애인자녀 관련프로그램 경험여부(h1716_60)
h16_64,(파) 자동차 관련 지원 경험여부(h1716_64)
h16_15aq1,(하) 권익보장 지원(공공후견서비스 등)(h1716_15aq1)
h17_2,1년간 근심이나 갈등을 초래한 문제(2순위)(h1717_2)
p01_2,공적연금 종류1(p1701_2)
p01_aq1,공적연금 종류2(p1701_aq1)
p01_3,수급받는 국민연금의 종류(p1701_3)
p01_4,총급여-일시금 연간 총액(p1701_4)
p01_5,총급여-연금 수급 개월(p1701_5)
p01_6,총급여-연금 연간 총액(p1701_6)
p01_10,특수직역연금 종류-1순위(p1701_10)
p01_11,특수직역연금 종류-2순위(p1701_11)
p01_12,특수직역연금-일시금 연간 총액(p1701_12)
p01_13,특수직역연금-연금 수급 개월(p1701_13)
p01_14,특수직역연금-연금 연간 총액(p1701_14)
p01_7,보훈연금 및 기타연금-일시금 연간 총액(p1701_7)
p01_8,보훈연금 및 기타연금-연금 수급 개월(p1701_8)
p01_9,보훈연금 및 기타연금-연금 연간 총액(p1701_9)
p01_16,고용보험 급여 종류-1순위(p1701_16)
p01_17,고용보험 급여 종류-2순위(p1701_17)
p01_18,고용보험-수급 개월(p1701_18)
p01_19,고용보험-연간 총액(p1701_19)
p01_21,산재보험 급여 종류-1순위(p1701_21)
p01_22,산재보험 급여 종류-2순위(p1701_22)
p01_23,산재보험- 일시금 연간 총액(p1701_23)
p01_24,산재보험-연금 수급 개월(p1701_24)
p01_25,산재보험-연금 연간 총액(p1701_25)
p01_28,개인연금-일시금 연간 총액(p1701_28)
p01_29,개인연금-연금 수급 개월(p1701_29)
p01_30,개인연금-연금 연간 총액(p1701_30)
p01_32,"퇴직금, 퇴직보험 -일시금 연간 총액(p1701_32)"
p01_33,퇴직보험-연금 수급 개월(p1701_33)
p01_34,퇴직보험-연금 연간 총액(p1701_34)
p02_1,근로유형(p1702_1)
p02_2,사직 또는 폐업 경험여부(p1702_2)
p02_3,그만 둔 구체적 이유(p1702_3)
p02_4,근무 시작(년)(p1702_4)
p02_5,근무 시작(월)(p1702_5)
p02_6,근로일수(개월)(p1702_6)
p02_7,근로일수(일)(p1702_7)
p02_8,규칙적으로 일한 경우 주당 평균 근로시간(p1702_8)
p02_8aq1,일한달의 월 평균 임금(p1702_8aq1)
p02_9,불규칙적으로 일한 경우 하루 평균 근로시간(p1702_9)
p02_8aq2,일한날의 시간당 임금(p1702_8aq2)
p02_4aq1,노동조합 가입 여부(p1702_4aq1)
p02_10,구직여부(p1702_10)
p02_11,총 구직 기간(년)(p1702_11)
p02_12,구직 기간(개월)(p1702_12)
p02_8aq3,구직과정 중 어려움(1순위)(p1702_8aq3)
p02_8aq4,구직과정 중 어려움(2순위)(p1702_8aq4)
p02_31,기대 수입(p1702_31)
p02_4aq2,지난1년간 구직활동 경험여부(p1702_4aq2)
p02_4aq3,지난주에 알맞은 일거리나 직장이 있었다면 일할 수 있는지 여부(p1702_4aq3)
p02_4aq4,지난4주간 구직활동을 하지않은이유(p1702_4aq4)
p02_8aq5,공공근로-경험여부(p1702_8aq5)
p02_8aq6,노인일자리-경험여부(p1702_8aq6)
p02_8aq7,자활공동체 및 자활근로-경험여부(p1702_8aq7)
p02_8aq8,사회적 일자리(사회적 기업)-경험여부(p1702_8aq8)
p02_8aq9,직장체험연수 관련 프로그램-경험여부(p1702_8aq9)
p02_8aq10,미취업자 직업훈련 관련 프로그램-경험여부(p1702_8aq10)
p02_8aq11,창업지원 관련 프로그램-경험여부(p1702_8aq11)
p02_8aq12,지역공동체 일자리사업(희망근로)-경험여부(p1702_8aq12)
p02_8aq13,청년 인턴제도 관려 프로그램-경험여부(p1702_8aq13)
p02_8aq14,취업자 능력 개발 훈련 관련 프로그램-경험여부(p1702_8aq14)
p02_12aq1,국민취업지원제도(구 취업성공패키지 통폐합)-경험여부(p1702_12aq1)
p02_8aq15,기타-경험여부(p1702_8aq15)
p02_aq3,새로운 기술 습득(2순위)(p1702_aq3)
p02_aq4,습득한 직업기술의 해당직종(1순위)(p1702_aq4)
p02_aq5,습득한 직업기술의 해당직종(2순위)(p1702_aq5)
p04_4,자원봉사활동 여부(p1704_4)
p04_6,자원봉사활동 연간 횟수(p1704_6)
p04_7,비동거 부모님이 계신지 여부(p1704_7)
p04_8,비동거부모님과 왕래정도 <주>(p1704_8)
p04_9,비동거부모님과 왕래정도 (월)(p1704_9)
p04_10,비동거부모님과 왕래정도 (년)(p1704_10)
p04_11,전화통화 횟수<주>(p1704_11)
p04_12,전화통화 횟수<월>(p1704_12)
p04_13,전화통화 횟수<년>(p1704_13)
p05_3aq1,지금까지 피운 담배의 총양(p1705_3aq1)
p05_3aq2,처음으로 담배를 피운 시기(p1705_3aq2)
p05_3aq3,총 흡연 기간 - 년(p1705_3aq3)
p05_3aq4,총 흡연 기간 - 개월(p1705_3aq4)
p05_3aq6,하루 평균 흡연량(p1705_3aq6)
p05_3aq7,최근 1년동안 담배를 끊고자 하루 이상 금연한 적이 있는지 여부(p1705_3aq7)
p05_3aq8,앞으로 담배를 끊을 계획이 있는지(p1705_3aq8)
p05_3aq10,실내공간에서 하루 타인의 담배연기를 맡은 시간(p1705_3aq10)
p05_3,음주시 마시는 술잔 횟수(p1705_3)
p05_4aq1,한번에 술좌석에서 6잔이상 마시는 경우(p1705_4aq1)
p05_4aq2,(가) 술을 마시기 시작하면 중간에 그만둘 수 없었던 경험(p1705_4aq2)
p05_4aq3,(나) 해야 할 일을 술 때문에 하지 못한 경험(p1705_4aq3)
p05_4aq4,(다) 과음을 한 다음날 해장술을 마셔야 했던 경험(p1705_4aq4)
p05_4aq5,(라) 술을 마신 후에 좌절감을 느끼거나 후회한 경험(p1705_4aq5)
p05_4aq6,(마) 술 마시고 필름이 끊긴 경험(p1705_4aq6)
p05_4aq7,(바) 술로 인해 자신이 다치거나 다른 사람을 다치게 한 경험(p1705_4aq7)
p05_4aq8,"(사) 주변사람들이 귀하의 음주를 걱정하거나, 술을 줄이도록 권한 경험(p1705_4aq8)"
p05_6aq1,지금까지 자살에 대한 생각을 한번이라도 한적이 있는지 여부(p1705_6aq1)
p05_12aq1,삶의 사다리 점수(p1705_12aq1)
p07_3aq1,최종학력(p1707_3aq1)
p07_3aq2,고등학교 유형(p1707_3aq2)
p07_3aq3,고등학교 소재지 metro 코드(p1707_3aq3)
p07_3aq4,고등학교 소재지 시군구 코드(p1707_3aq4)
p07_3aq5,대학 전공 계열(p1707_3aq5)
p07_3aq6,대학 소재지 metro 코드(p1707_3aq6)
p07_3aq7,대학 소재지 시군구 코드(p1707_3aq7)
np06_1,아동기에 가장오래 성장한 곳(np1706_1)
np06_2,아동기에 경제적 생활상태(np1706_2)
np06_3,15세이후 직장 경험(np1706_3)
np06_4,첫직장 - 근무 시작시점(년)(np1706_4)
np06_5,첫직장 - 마지막 근무시점(년)(np1706_5)
np06_6,첫직장 - 고용형태(np1706_6)
np06_7,최근 직장 - 근무 시작시점(년)(np1706_7)
np06_8,최근 직장 - 마지막 근무시점(년)(np1706_8)
np06_9,최근 직장 - 고용형태(np1706_9)
np06_10,일자리A - 근무 시작시점(년)(np1706_10)
np06_11,일자리A - 마지막 근무시점(년)(np1706_11)
np06_12,일자리A - 고용형태(np1706_12)
np06_13,일자리B - 근무 시작시점(년)(np1706_13)
np06_14,일자리B - 마지막 근무시점(년)(np1706_14)
np06_15,일자리B - 고용형태(np1706_15)
np06_16,일자리C - 근무 시작시점(년)(np1706_16)
np06_17,일자리C - 마지막 근무시점(년)(np1706_17)
np06_18,일자리C - 고용형태(np1706_18)
np06_19,일자리D - 근무 시작시점(년)(np1706_19)
np06_20,일자리D - 마지막 근무시점(년)(np1706_20)
np06_21,일자리D - 고용형태(np1706_21)
np06_22,일자리E - 근무 시작시점(년)(np1706_22)
np06_23,일자리E - 마지막 근무시점(년)(np1706_23)
np06_24,일자리E - 고용형태(np1706_24)
np06_25,주요직업기술(1순위)(np1706_25)
np06_26,주요직업기술(2순위)(np1706_26)
np06_27,주요직업기술(3순위)(np1706_27)
np06_28,직업기술 보유 직종(1순위)(np1706_28)
np06_29,직업기술 보유 직종(2순위)(np1706_29)
np06_30,직업기술 보유 직종(3순위)(np1706_30)
np06_31,부모님이 일찍 돌아가심 경험(np1706_31)
np06_32,부모님이 돌아가신 당시 나이(np1706_32)
np06_33,부모님이 이혼 경험(np1706_33)
np06_34,부모님이 이혼하신 당시 나이(np1706_34)
np06_35,생계가 곤란하여 학업중단 경험(np1706_35)
np06_36,생계 곤란으로 학업중단한 당시 나이(np1706_36)
np06_37,경제적이유로 친척집에서 성장 경험(np1706_37)
np06_38,경제적이유로 친척집에서 자란 당시 나이(np1706_38)
np06_39,부모님 교육수준(부)(np1706_39)
np06_40,부모님 교육수준(모)(np1706_40)
np06_41,부모님 직업(부)(np1706_41)
np06_42,부모님 직업(모)(np1706_42)
np06_43,부모의 상속이나 증여 여부(np1706_43)
np06_44,부모의 경제적 도움정도(np1706_44)
p06_3aq1,외국에서 한국으로 이주했는지 여부(p1706_3aq1)
h08_sub1,고용보험(미가입자) (연간)
c01_1,(가) 학교생활이 즐겁다(c1601_1)
c01_2,(나) 배우고 있는 대부분 과목을 좋아한다(c1601_2)
c01_3,(다) 선생님을 존경한다(c1601_3)
c01_4,(라) 수업태도가 좋은편이다(c1601_4)
c01_5,(마) 숙제는 꼬박꼬박 해가는 편이다(c1601_5)
c01_6,(바) 선생님 지시를 잘 따른다(c1601_6)
c01_7,(사) 학교를 그만두고 싶어질 때가 있다(c1601_7)
c01_8,(아) 시험볼 때 다른 친구의 답안지를 본 적이 있다(c1601_8)
c01_9,(자) 허락없이 교실에서 나간적이 있다(c1601_9)
c01_10,(가) 학교성적_전과목 평균(c1601_10)
c01_11,(나) 학교성적_국어(c1601_11)
c02_15aq1,2019년 평일 방과 후 시간에 주로 하는 일-1순위(c1602_15aq1)
c02_15aq2,2019년 평일 방과 후 시간에 주로 하는 일-2순위(c1602_15aq2)
c02_15aq3,2019년 주말 시간에 주로 하는 일-1순위(c1602_15aq3)
c02_15aq4,2019년 주말 시간에 주로 하는 일-2순위(c1602_15aq4)
h13_4aq2,(가) 노인돌봄종합서비스 경험여부(h1513_4aq2)
da_1,공통1-장애가 발생한 주된 원인(da15_1)
da_2,공통1-처음으로 장애를 갖게된 연령(da15_2)
da_3,공통1-처음으로 장애를 갖게된 당시의 가구 소득수준(da15_3)
da_4,공통1-장애의 현재 상태(da15_4)
da_5,공통1-주로 이용하는 의료서비스(da15_5)
da_6,공통1-장애와 관련하여 충분한 치료를 받고 있는지 여부(da15_6)
da_7,공통1-충분한 치료를 받지 않는 이유(da15_7)
da_15aq1,공통1-차별받는다고 느끼는 정도(da15_15aq1)
da_15aq2,공통1-한국에서의 장애인 차별 정도(da15_15aq2)
da_8,공통1-유치원(보육시설)에서의 차별경험여부(da15_8)
da_9_1,공통1-유치원(보육시설)의 차별에 대한 대처방법_무시한다(da15_9_1)
da_9_2,공통1-유치원(보육시설)의 차별에 대한 대처방법_참는다(da15_9_2)
da_9_3,공통1-유치원(보육시설)의 차별에 대한 대처방법_항의한다(da15_9_3)
da_9_4,공통1-유치원(보육시설)의 차별에 대한 대처방법_고발한다(da15_9_4)
da_9_5,공통1-유치원(보육시설)의 차별에 대한 대처방법_기타(da15_9_5)
da_10,공통1-초등학교에서의 차별경험여부(da15_10)
da_11_1,공통1-초등학교에서의 차별에 대한 대처방법_무시한다(da15_11_1)
da_11_2,공통1-초등학교에서의 차별에 대한 대처방법_참는다(da15_11_2)
da_11_3,공통1-초등학교에서의 차별에 대한 대처방법_항의한다(da15_11_3)
da_11_4,공통1-초등학교에서의 차별에 대한 대처방법_고발한다(da15_11_4)
da_11_5,공통1-초등학교에서의 차별에 대한 대처방법_기타(da15_11_5)
da_12,공통1-중학교에서의 차별경험여부(da15_12)
da_13_1,공통1-중학교에서의 차별에 대한 대처방법_무시한다(da15_13_1)
da_13_2,공통1-중학교에서의 차별에 대한 대처방법_참는다(da15_13_2)
da_13_3,공통1-중학교에서의 차별에 대한 대처방법_항의한다(da15_13_3)
da_13_4,공통1-중학교에서의 차별에 대한 대처방법_고발한다(da15_13_4)
da_13_5,공통1-중학교에서의 차별에 대한 대처방법_기타(da15_13_5)
da_14,공통1-고등학교에서의 차별경험여부(da15_14)
da_15_1,공통1-고등학교에서의 차별에 대한 대처방법_무시한다(da15_15_1)
da_15_2,공통1-고등학교에서의 차별에 대한 대처방법_참는다(da15_15_2)
da_15_3,공통1-고등학교에서의 차별에 대한 대처방법_항의한다(da15_15_3)
da_15_4,공통1-고등학교에서의 차별에 대한 대처방법_고발한다(da15_15_4)
da_15_5,공통1-고등학교에서의 차별에 대한 대처방법_기타(da15_15_5)
da_16,공통1-대학교에서의 차별경험여부(da15_16)
da_17_1,공통1-대학교에서의 차별에 대한 대처방법_무시한다(da15_17_1)
da_17_2,공통1-대학교에서의 차별에 대한 대처방법_참는다(da15_17_2)
da_17_3,공통1-대학교에서의 차별에 대한 대처방법_항의한다(da15_17_3)
da_17_4,공통1-대학교에서의 차별에 대한 대처방법_고발한다(da15_17_4)
da_17_5,공통1-대학교에서의 차별에 대한 대처방법_기타(da15_17_5)
da_18,공통1-교사로부터의 차별경험여부(da15_18)
da_19_1,공통1-교사로부터의 차별에 대한 대처방법_무시한다(da15_19_1)
da_19_2,공통1-교사로부터의 차별에 대한 대처방법_참는다(da15_19_2)
da_19_3,공통1-교사로부터의 차별에 대한 대처방법_항의한다(da15_19_3)
da_19_4,공통1-교사로부터의 차별에 대한 대처방법_고발한다(da15_19_4)
da_19_5,공통1-교사로부터의 차별에 대한 대처방법_기타(da15_19_5)
da_20,공통1-또래학생으로부터의 차별경험여부(da15_20)
da_21_1,공통1-또래학생으로부터의 차별에 대한 대처방법_무시한다(da15_21_1)
da_21_2,공통1-또래학생으로부터의 차별에 대한 대처방법_참는다(da15_21_2)
da_21_3,공통1-또래학생으로부터의 차별에 대한 대처방법_항의한다(da15_21_3)
da_21_4,공통1-또래학생으로부터의 차별에 대한 대처방법_고발한다(da15_21_4)
da_21_5,공통1-또래학생으로부터의 차별에 대한 대처방법_기타(da15_21_5)
da_22,공통1-학부모로부터의 차별경험여부(da15_22)
da_23_1,공통1-학부모로부터의 차별에 대한 대처방법_무시한다(da15_23_1)
da_23_2,공통1-학부모로부터의 차별에 대한 대처방법_참는다(da15_23_2)
da_23_3,공통1-학부모로부터의 차별에 대한 대처방법_항의한다(da15_23_3)
da_23_4,공통1-학부모로부터의 차별에 대한 대처방법_고발한다(da15_23_4)
da_23_5,공통1-학부모로부터의 차별에 대한 대처방법_기타(da15_23_5)
da_24,공통1-결혼전 차별경험여부(da15_24)
da_25_1,공통1-결혼전 차별경험에 대한 대처방법_무시한다(da15_25_1)
da_25_2,공통1-결혼전 차별경험에 대한 대처방법_참는다(da15_25_2)
da_25_3,공통1-결혼전 차별경험에 대한 대처방법_항의한다(da15_25_3)
da_25_4,공통1-결혼전 차별경험에 대한 대처방법_고발한다(da15_25_4)
da_25_5,공통1-결혼전 차별경험에 대한 대처방법_기타(da15_25_5)
da_26,공통1-결혼 생활 중 차별경험여부(da15_26)
da_27_1,공통1-결혼 생활 중 차별경험에 대한 대처방법_무시한다(da15_27_1)
da_27_2,공통1-결혼 생활 중 차별경험에 대한 대처방법_참는다(da15_27_2)
da_27_3,공통1-결혼 생활 중 차별경험에 대한 대처방법_항의한다(da15_27_3)
da_27_4,공통1-결혼 생활 중 차별경험에 대한 대처방법_고발한다(da15_27_4)
da_27_5,공통1-결혼 생활 중 차별경험에 대한 대처방법_기타(da15_27_5)
da_28,공통1-취업시 차별경험여부(da15_28)
da_29_1,공통1-취업시 차별경험에 대한 대처방법_무시한다(da15_29_1)
da_29_2,공통1-취업시 차별경험에 대한 대처방법_참는다(da15_29_2)
da_29_3,공통1-취업시 차별경험에 대한 대처방법_항의한다(da15_29_3)
da_29_4,공통1-취업시 차별경험에 대한 대처방법_고발한다(da15_29_4)
da_29_5,공통1-취업시 차별경험에 대한 대처방법_기타(da15_29_5)
da_30,공통1-소득(임금)과 관련된 차별경험여부(da15_30)
da_31_1,공통1-소득(임금)과 관련된 차별에 대한 대처방법_무시한다(da15_31_1)
da_31_2,공통1-소득(임금)과 관련된 차별에 대한 대처방법_참는다(da15_31_2)
da_31_3,공통1-소득(임금)과 관련된 차별에 대한 대처방법_항의한다(da15_31_3)
da_31_4,공통1-소득(임금)과 관련된 차별에 대한 대처방법_고발한다(da15_31_4)
da_31_5,공통1-소득(임금)과 관련된 차별에 대한 대처방법_기타(da15_31_5)
da_32,공통1-동료와의 관계에서 차별경험여부(da15_32)
da_33_1,공통1-동료와의 관계에서 차별에 대한 대처방법_무시한다(da15_33_1)
da_33_2,공통1-동료와의 관계에서 차별에 대한 대처방법_참는다(da15_33_2)
da_33_3,공통1-동료와의 관계에서 차별에 대한 대처방법_항의한다(da15_33_3)
da_33_4,공통1-동료와의 관계에서 차별에 대한 대처방법_고발한다(da15_33_4)
da_33_5,공통1-동료와의 관계에서 차별에 대한 대처방법_기타(da15_33_5)
da_34,공통1-승진과 관련된 차별경험여부(da15_34)
da_35_1,공통1-승진과 관련된 차별에 대한 대처방법_무시한다(da15_35_1)
da_35_2,공통1-승진과 관련된 차별에 대한 대처방법_참는다(da15_35_2)
da_35_3,공통1-승진과 관련된 차별에 대한 대처방법_항의한다(da15_35_3)
da_35_4,공통1-승진과 관련된 차별에 대한 대처방법_고발한다(da15_35_4)
da_35_5,공통1-승진과 관련된 차별에 대한 대처방법_기타(da15_35_5)
da_36,공통1-운전면허 제도상 차별경험여부(da15_36)
da_37_1,공통1-운전면허 제도상 차별에 대한 대처방법_무시한다(da15_37_1)
da_37_2,공통1-운전면허 제도상 차별에 대한 대처방법_참는다(da15_37_2)
da_37_3,공통1-운전면허 제도상 차별에 대한 대처방법_항의한다(da15_37_3)
da_37_4,공통1-운전면허 제도상 차별에 대한 대처방법_고발한다(da15_37_4)
da_37_5,공통1-운전면허 제도상 차별에 대한 대처방법_기타(da15_37_5)
da_38,공통1-보험제도상 차별경험여부(da15_38)
da_39_1,공통1-보험제도상 차별에 대한 대처방법_무시한다(da15_39_1)
da_39_2,공통1-보험제도상 차별에 대한 대처방법_참는다(da15_39_2)
da_39_3,공통1-보험제도상 차별에 대한 대처방법_항의한다(da15_39_3)
da_39_4,공통1-보험제도상 차별에 대한 대처방법_고발한다(da15_39_4)
da_39_5,공통1-보험제도상 차별에 대한 대처방법_기타(da15_39_5)
da_40,공통1-의료기관 이용시 차별경험여부(da15_40)
da_41_1,공통1-의료기관 이용시 차별에 대한 대처방법_무시한다(da15_41_1)
da_41_2,공통1-의료기관 이용시 차별에 대한 대처방법_참는다(da15_41_2)
da_41_3,공통1-의료기관 이용시 차별에 대한 대처방법_항의한다(da15_41_3)
da_41_4,공통1-의료기관 이용시 차별에 대한 대처방법_고발한다(da15_41_4)
da_41_5,공통1-의료기관 이용시 차별에 대한 대처방법_기타(da15_41_5)
da_42,공통1-정보통신 이용시 차별경험여부(da15_42)
da_43_1,공통1-정보통신 이용시 차별에 대한 대처방법_무시한다(da15_43_1)
da_43_2,공통1-정보통신 이용시 차별에 대한 대처방법_참는다(da15_43_2)
da_43_3,공통1-정보통신 이용시 차별에 대한 대처방법_항의한다(da15_43_3)
da_43_4,공통1-정보통신 이용시 차별에 대한 대처방법_고발한다(da15_43_4)
da_43_5,공통1-정보통신 이용시 차별에 대한 대처방법_기타(da15_43_5)
da_44,공통1-지역사회생활에서 차별경험여부(da15_44)
da_45_1,공통1-지역사회생활에서 차별에 대한 대처방법_무시한다(da15_45_1)
da_45_2,공통1-지역사회생활에서 차별에 대한 대처방법_참는다(da15_45_2)
da_45_3,공통1-지역사회생활에서 차별에 대한 대처방법_항의한다(da15_45_3)
da_45_4,공통1-지역사회생활에서 차별에 대한 대처방법_고발한다(da15_45_4)
da_45_5,공통1-지역사회생활에서 차별에 대한 대처방법_기타(da15_45_5)
da_46,공통1-지난 한달동안 외출정도(da15_46)
da_47,공통1-외출을 거의 하지 않는 주된 이유(da15_47)
da_48,공통2-일상생활을 하는 데 남의 도움을 받는 정도(da15_48)
da_49,공통2-주로 도와주는 사람(1순위)(da15_49)
da_50,공통2-주로 도와주는 사람(1순위) 가구원 번호(da15_50)
da_51,공통2-주로 도와주는 사람(2순위)(da15_51)
da_52,공통2-주로 도와주는 사람(2순위) 가구원 번호(da15_52)
da_53,공통2-주로 도와주는 사람(3순위)(da15_53)
da_54,공통2-주로 도와주는 사람(3순위) 가구원 번호(da15_54)
da_55,공통2-일상생활에서 주변 사람들로부터 충분한 도움을 받는 정도(da15_55)
da_56,공통2-이용여부(da15_56)
da_57,공통2-장래 이용의향(da15_57)
da_59,공통2-(가)옷 벗고 입기(da15_59)
da_60,공통2-(나)세수하기(da15_60)
da_61,공통2-(다)양치질하기(da15_61)
da_62,공통2-(라)목욕하기(da15_62)
da_63,공통2-(마)식사하기(da15_63)
da_64,공통2-(바)체위변경하기(da15_64)
da_65,공통2-(사)일어나 앉기(da15_65)
da_66,공통2-(아)옮겨 타기(앉기)(da15_66)
da_67,공통2-(자)방밖으로 나오기(da15_67)
da_68,공통2-(차)화장실 사용하기(da15_68)
da_69,공통2-(카)대변 조절하기(da15_69)
da_70,공통2-(타)소변 조절하기(da15_70)
da_71,공통2-(가)몸단장하기(da15_71)
da_72,공통2-(나)집안일 하기(da15_72)
da_73,공통2-(다)식사준비하기(da15_73)
da_74,공통2-(라)빨래하기(da15_74)
da_75,공통2-(마)근거리 외출하기(da15_75)
da_76,공통2-(바)교통수단 이용하기(da15_76)
da_77,공통2-(사)상점이나 가게에서 사고 싶은 물건사기(da15_77)
da_78,공통2-(아)금전관리하기(da15_78)
da_79,공통2-(자)전화사용하기(da15_79)
da_80,공통2-(차)약 챙겨먹기(da15_80)
da_6aq1,공통2-(가) 나의 가족은 진정으로 나를 도우려고 애쓴다(da15_6aq1)
da_6aq2,공통2-(나) 나는 나의 가족으로부터 내가 필요로 하는 정서적 도움과 지지를 받는다(d
da_6aq3,공통2-(다) 나는 내 문제에 대하여 나의 가족과 이야기 할 수 있다(da15_6aq3)
da_6aq4,공통2-(라) 나의 가족은 내가 어떤 결정을 하도록 기꺼이 도와줄 것이다(da15_6aq4)
da_6aq5,"공통2-(마) 내가 위급할 때 도움을 줄 수 있는 특별한 사람(친구, 주변사람)이 내 주"
da_6aq6,"공통2-(바) 나에게는 나를 편안하게 해 주는 특별한 사람(친구, 주변사람)이 있다(da1"
da_6aq7,공통2-(사) 나의 친구나 주변사람들은 나를 진정 도우려고 한다(da15_6aq7)
da_6aq8,공통2-(아) 나는 일이 잘 안될 때 친구나 주변사람에게 의지할 수 있다(da15_6aq8)
da_6aq9,공통2-(자) 나는 기쁨과 슬픔을 나눌 친구나 주변사람이 있다(da15_6aq9)
da_6aq10,공통2-(차) 나는 내 문제에 대하여 친구나 주변사람에게 이야기 할 수 있다(da15_6aq1
da_81,"공통2-생계를 달리하는 부모,자녀,형제자매(가)의 도움여부 (da15_81)"
da_82,공통2-(가)의 물질적 지원 횟수(da15_82)
da_83,공통2-(가)의 보살핌 횟수(da15_83)
da_84,공통2-친척(3촌 이상)(나)의 도움여부(da15_84)
da_85,공통2-(나)의 물질적 지원 횟수(da15_85)
da_86,공통2-(나)의 보살핌 횟수(da15_86)
da_87,공통2-친구 및 동료(다)의 도움여부(da15_87)
da_88,공통2-(다)의 물질적 지원 횟수(da15_88)
da_89,공통2-(다)의 보살핌 횟수(da15_89)
da_90,공통2-이웃(라)의 도움여부(da15_90)
da_91,공통2-(라)의 물질적 지원 횟수(da15_91)
da_92,공통2-(라)의 보살핌 횟수(da15_92)
da_93,공통2-종교단체(마)의 도움여부(da15_93)
da_94,공통2-(마)의 물질적 지원 횟수(da15_94)
da_95,공통2-(마)의 보살핌 횟수(da15_95)
da_96,공통2-사회단체나 봉사단체(바)의 도움여부(da15_96)
da_97,공통2-(바)의 물질적 지원 횟수(da15_97)
da_98,공통2-(바)의 보살핌 횟수(da15_98)
da_99,공통2-복지관의 사회복지사나 직원(사)의 도움여부(da15_99)
da_100,공통2-(사)의 물질적 지원 횟수(da15_100)
da_101,공통2-(사)의 보살핌 횟수(da15_101)
da_102,공통2-읍·면·동사무소의 사회복지공무원(아)의 도움여부(da15_102)
da_103,공통2-(아)의 물질적 지원 횟수(da15_103)
da_104,공통2-(아)의 보살핌 횟수(da15_104)
da_105,공통2-학교(담임교사 등)(자)의 도움여부(da15_105)
da_106,공통2-(자)의 물질적 지원 횟수(da15_106)
da_107,공통2-(자)의 보살핌 횟수(da15_107)
da_6aq11,공통2-활동보조인(차)의 도움여부(da15_6aq11)
da_6aq12,공통2-(차)의 물질적 지원 횟수(da15_6aq12)
da_6aq13,공통2-(차)의 보살핌 횟수(da15_6aq13)
da_9aq1,공통2-요양보호사(카)의 도움여부(da15_9aq1)
da_9aq2,공통2-(카)의 물질적 지원 횟수(da15_9aq2)
da_9aq3,공통2-(카)의 보살핌 횟수(da15_9aq3)
da_9aq4,공통2-장애아동 돌보미(타)의 도움여부(da15_9aq4)
da_9aq5,공통2-(타)의 물질적 지원 횟수(da15_9aq5)
da_9aq6,공통2-(타)의 보살핌 횟수(da15_9aq6)
da_108,공통2-기타(파)의 도움여부(da15_108)
da_109,공통2-(파)의 물질적 지원 횟수(da15_109)
da_110,공통2-(파)의 보살핌 횟수(da15_110)
da_111,개별1(미취학)-(가)외롭다고 불평한다(da15_111)
da_112,개별1(미취학)-(나)잘 운다(da15_112)
da_113,개별1(미취학)-(다)나쁜 생각이나 나쁜 행동을 할까 두려워한다(da15_113)
da_114,개별1(미취학)-(라)스스로 완벽해야한다고 생각한다(da15_114)
da_115,개별1(미취학)-(마)아무도 자기를 사랑하지 않는다고 불평하거나 그렇게 생각하는 듯
da_116,개별1(미취학)-(바)남들이 자기를 해치려한다고 생각한다(da15_116)
da_117,개별1(미취학)-(사)자기가 가치가 없거나 남보다 못하다고 생각한다(da15_117)
da_118,개별1(미취학)-(아)신경이 날카롭고 신경질적이거나 긴장되어 있다(da15_118)
da_119,개별1(미취학)-(자)지나치게 겁이 많거나 불안해한다(da15_119)
da_120,개별1(미취학)-(차)지나치게 죄책감을 느낀다(da15_120)
da_121,개별1(미취학)-(카)자의식이 지나치고 쉽게 무안해 한다(da15_121)
da_122,개별1(미취학)-(타)의심이 많다(da15_122)
da_123,개별1(미취학)-(파)불행하다고 생각하거나 슬퍼하고 우울해 한다(da15_123)
da_124,개별1(미취학)-(하)걱정이 많다(da15_124)
da_153,개별1(미취학)-이용여부(da15_153)
da_154,개별1(미취학)-장래이용의향(da15_154)
da_156,개별1(미취학)-이용여부(da15_156)
da_157,개별1(미취학)-보육시설 형태(da15_157)
da_158,개별1(미취학)-만족도(da15_158)
da_159,개별1(미취학)-적응여부(da15_159)
da_160,개별1(미취학)-보육시설을 이용하면서 가장 큰 문제(da15_160)
da_161,개별1(미취학)-보육시설을 이용하지 않는 주된 이유(da15_161)
da_162,개별2(학생)-?(가)외롭다고 불평한다.(da15_162)
da_163,개별2(학생)- (나)잘 운다(da15_163)
da_164,개별2(학생)-?(다)나쁜 생각이나 나쁜 행동을 할까 두려워한다.(da15_164)
da_165,개별2(학생)-?(라) 스스로 완벽해야 된다고 생각한다.(da15_165)
da_166,개별2(학생)-?(마)아무도 자기를 사랑하지 않는다고 불평하거나 그렇게 생각하는 듯
da_167,개별2(학생)-?(바)남들이 자기를 해치려한다고 생각한다.(da15_167)
da_168,개별2(학생)-?(사)자기가 가치가 없거나 남보다 못하다고 생각한다.(da15_168)
da_169,개별2(학생)-?(아)신경이 날카롭고 신경질적이거나 긴장되어 있다.(da15_169)
da_170,개별2(학생)-?(자)지나치게 겁이 많거나 불안해한다.(da15_170)
da_171,개별2(학생)-?(차) 지나치게 죄책감을 느낀다.(da15_171)
da_172,개별2(학생)-?(카)자의식이 지나치고 쉽게 무안해 한다.(da15_172)
da_173,개별2(학생)-?(타)의심이 많다.(da15_173)
da_174,개별2(학생)-(파) 불행하다고 생각하거나 슬퍼하고 우울해 한다.(da15_174)
da_175,개별2(학생)-?(하)걱정이 많다. (da15_175)
da_210,개별2(학생)-가. 먹고 싶지 않고 식욕이 없다(da15_210)
da_211,개별2(학생)-나. 비교적 잘 지냈다(da15_211)
da_212,개별2(학생)-다. 상당히 우울했다(da15_212)
da_213,개별2(학생)-라. 모든 일들이 힘들게 느껴졌다(da15_213)
da_214,개별2(학생)-마. 잠을 설쳤다(잠을 잘 이루지 못했다)(da15_214)
da_215,개별2(학생)-바. 세상에 홀로 있는 듯한 외로움을 느꼈다(da15_215)
da_216,개별2(학생)-사. 큰 불만 없이 생활했다(da15_216)
da_217,개별2(학생)-아. 사람들이 나에게 차갑게 대하는 것 같았다(da15_217)
da_218,개별2(학생)-자. 마음이 슬펐다(da15_218)
da_219,개별2(학생)-차. 사람들이 나를 싫어하는 것 같았다(da15_219)
da_220,개별2(학생)-카. 도무지 뭘 해 나갈 엄두가 나지 않았다(da15_220)
da_221,개별2(학생)-이용여부(da15_221)
da_222,개별2(학생)-장래 이용의향(da15_222)
da_223,개별2(학생)-이용여부(da15_223)
da_224,개별2(학생)-장래이용의향(da15_224)
da_226,개별2(학생)-이용여부(da15_226)
da_227,개별2(학생)-적응여부(da15_227)
da_228,개별2(학생)-시설을 이용하면서 가장 큰 문제(da15_228)
da_229,개별2(학생)-방과후의 생활(da15_229)
da_230,개별2(학생)-학교를 다니지 않는 이유(da15_230)
da_244,개별3(성인)-주간보호 현재 이용여부(da15_244)
da_246,개별3(성인)-단기보호 현재 이용여부(da15_246)
da_252,개별3(성인)-여가활동프로그램 현재 이용여부(da15_252)
da_254,개별3(성인)-가사원조 현재 이용여부(da15_254)
da_256,개별3(성인)-외출보조 현재 이용여부(da15_256)
da_258,개별3(성인)-물리치료(적외선치료 등) 현재 이용여부(da15_258)
da_260,개별3(성인)-방문간호 현재 이용여부(da15_260)
da_262,개별3(성인)-이동목욕 현재 이용여부(da15_262)
da_263,개별3(성인)-가. 먹고 싶지 않고 식욕이 없다(da15_263)
da_264,개별3(성인)-나. 비교적 잘 지냈다(da15_264)
da_265,개별3(성인)-다. 상당히 우울했다(da15_265)
da_266,개별3(성인)-라. 모든 일들이 힘들게 느껴졌다(da15_266)
da_267,개별3(성인)-마. 잠을 설쳤다(잠을 잘 이루지 못했다)(da15_267)
da_268,개별3(성인)-바. 세상에 홀로 있는 듯한 외로움을 느꼈다(da15_268)
da_269,개별3(성인)-사. 큰 불만 없이 생활했다(da15_269)
da_270,개별3(성인)-아. 사람들이 나에게 차갑게 대하는 것 같았다(da15_270)
da_271,개별3(성인)-자. 마음이 슬펐다(da15_271)
da_272,개별3(성인)-차. 사람들이 나를 싫어하는 것 같았다(da15_272)
da_273,개별3(성인)-카. 도무지 뭘 해 나갈 엄두가 나지 않았다(da15_273)
da_274,개별3(성인)-현재 소득목적의 취업여부 및 향후 취업희망(da15_274)
da_275,개별3(성인)-현재 일하는 곳(da15_275)
da_276,개별3(성인)-향후 일하고 싶은 곳(da15_276)
da_277,개별3(성인)-취업을 희망하지 않는 이유(da15_277)
da_278,개별3(성인)-이용여부(da15_278)
da_279,개별3(성인)-장래 이용의향(da15_279)
da_282,"개별4(어르신)-직업상담 및 취업준비, 훈련서비스 현재이용여부(da15_282)"
da_284,개별4(어르신)-정서적 서비스 현재 이용여부(da15_284)
da_286,개별4(어르신)-일상생활지원서비스 현재 이용 여부(da15_286)
da_288,개별4(어르신)-급식지원 현재 이용여부(da15_288)
da_290,개별4(어르신)-전문상담 서비스 현재 이용여부(da15_290)
da_292,개별4(어르신)-주거지원 현재 이용여부(da15_292)
da_294,개별4(어르신)-여가생활 현재 이용여부(da15_294)
da_296,개별4(어르신)-요양시설보호 현재 이용여부(da15_296)
da_298,개별4(어르신)-주야간보호 현재 이용여부(da15_298)
da_300,개별4(어르신)-단기보호 현재 이용여부(da15_300)
da_302,개별4(어르신)-가사지원서비스 현재 이용여부(da15_302)
da_304,개별4(어르신)-물리치료 및 재활 현재 이용여부(da15_304)
da_306,개별4(어르신)-방문간호(간병) 현재 이용여부(da15_306)
da_308,개별4(어르신)-방문 및 이동 목욕 현재 이용여부(da15_308)
da_309,개별4(어르신)-가. 먹고 싶지 않고 식욕이 없다(da15_309)
da_310,개별4(어르신)-나. 비교적 잘 지냈다(da15_310)
da_311,개별4(어르신)-다. 상당히 우울했다(da15_311)
da_312,개별4(어르신)-라. 모든 일들이 힘들게 느껴졌다(da15_312)
da_313,개별4(어르신)-마. 잠을 설쳤다(잠을 잘 이루지 못했다)(da15_313)
da_314,개별4(어르신)-바. 세상에 홀로 있는 듯한 외로움을 느꼈다(da15_314)
da_315,개별4(어르신)-사. 큰 불만 없이 생활했다(da15_315)
da_316,개별4(어르신)-아. 사람들이 나에게 차갑게 대하는 것 같았다(da15_316)
da_317,개별4(어르신)-자. 마음이 슬펐다(da15_317)
da_318,개별4(어르신)-차. 사람들이 나를 싫어하는 것 같았다(da15_318)
da_319,개별4(어르신)-카. 도무지 뭘 해 나갈 엄두가 나지 않았다(da15_319)
da_320,개별4(어르신)-현재 소득목적의 취업여부 및 향후 취업희망(da15_320)
da_321,개별4(어르신)-현재 일하는 곳(da15_321)
da_322,개별4(어르신)-지난 1년간 구직활동여부(da15_322)
da_323,개별4(어르신)-어느 정도의 보수를 받는 일자리를 원하는 지 여부(da15_323)
da_324,개별4(어르신)-취업을 위해 정부가 우선적으로 지원해야 할 내용(da15_324)
da_325,"개별4(어르신)-식비, 의료비, 주거비, 난방, 전기, 교통비 등 한달 생활하는데 꼭 필"
da_326,개별4(어르신)-이용여부(da15_326)
da_327,개별4(어르신)-장래 이용의향(da15_327)
da_6aq14,개별4(어르신)-장래 이용의향(da15_6aq14)
h13_5aq6,(사) 발달재활서비스 경험여부(h1413_5aq6)
h13_6aq1,(자) 언어발달지원사업 경험여부(h1413_6aq1)
h13_10aq1,(차) 발달장애인부모 상담서비스 경험여부(h1413_10aq1)
p05_6aq2,자살하는 것에 대해서 처음으로 생각한 때(p1405_6aq2)
p05_6aq3,자살하는 것에 대해서 마지막으로 생각한 때(p1405_6aq3)
p05_6aq4,지금까지 자살하려고 구체적으로 계획을 세운 여부(p1405_6aq4)
p05_6aq5,자살하는 것에 대해서 처음으로 계획을 세운 때(p1405_6aq5)
p05_6aq6,자살하는 것에 대해서 마지막으로 계획을 세운 때(p1405_6aq6)
p05_6aq7,지금까지 자살을 시도한 여부(p1405_6aq7)
p05_6aq8,자살을 처음 시도한 때(p1405_6aq8)
p05_6aq9,자살을 마지막으로 시도한 때(p1405_6aq9)
p05_7aq2,지난 한해 동안 자살하려고 구체적으로 계획을 세운 여부(p1405_7aq2)
p05_7aq3,지난 한해 동안 자살을 시도한 여부(p1405_7aq3)
h09_6aq4,주관적 적정생활비(h1209_6aq4)
h08_7aq1,보육료 지원-지출을 전제로 한 현물 및 현금(h1208_7aq1)
h08_7aq2,학비지원-지출을 전제로 한 현물 및 현금(h1208_7aq2)
h08_7aq5,급식비 지원-지출을 전제로 한 바우처 또는 현금(h1208_7aq5)
h08_7aq7,에너지-지출을 전제로 한 바우처 또는 현금(h1208_7aq7)
h08_7aq9,통신-지출을 전제로 한 바우처 또는 현금(h1208_7aq9)
h08_7aq10,기타 보조금-지출을 전제로 한 현물 및 현금(h1208_7aq10)
h08_11aq6,주거급여 - 지출을 전제로 한 현금(h1208_11aq6)
h08_11aq9,교육급여 - 지출을 전제로 한 현금(h1208_11aq9)
da_243,주간보호 필요여부(da12_243)
da_245,단기보호 필요여부(da12_245)
da_251,여가활동프로그램 필요여부(da12_251)
da_253,가사원조 필요여부(da12_253)
da_255,외출보조 필요여부(da12_255)
da_257,물리치료(적외선치료 등) 필요여부(da12_257)
da_259,방문간호 필요여부(da12_259)
da_261,이동목욕 필요여부(da12_261)
da_281,"직업상담 및 취업준비, 훈련서비스 필요여부(da12_281)"
da_283,정서적 서비스 필요여부(da12_283)
da_285,일상생활지원 서비스 필요여부(da12_285)
da_287,급식지원 필요여부(da12_287)
da_289,전문상담서비스 필요여부(da12_289)
da_291,주거지원 필요여부(da12_291)
da_293,여가생활 필요여부(da12_293)
da_295,요양시설보호 필요여부(da12_295)
da_297,주야간보호 필요여부(da12_297)
da_299,단기보호 필요여부(da12_299)
da_301,가사지원서비스 필요여부(da12_301)
da_303,물리치료 및 재활 필요여부(da12_303)
da_305,방문간호(간병) 필요여부(da12_305)
da_307,방문 및 이동 목욕 필요여부(da12_307)
h08_7aq11,국민기초생활급여-지출을 전제로 한 현금(1~6월)(h1108_7aq11)
h12_1,지난 1년간 국민기초생활보장급여 신청 여부(통합급여)
nh12_1,가구생성 이후 국민기초생활보장급여 신청 여부(통합급여)
h12_2,국민기초생활보장급여 신청하게 된 이유(h1112_2)
h12_3,수급자 선정 여부(h1112_3)
h12_4,수급자로 선정되지 못한 이유(h1112_4)
h12_5,생계문제 해결방법(1순위)(h1112_5)
h12_6,생계문제 해결방법(2순위)(h1112_6)
h12_7,지난 1년간 국민기초생활보장급여 받은 경험(통합급여)
nh12_7,가구생성이후 국민기초생활보장급여를 받은 경험(nh1112_7)
nh12_8,첫번째_급여를 받은 년(nh1112_8)
h12_9,첫번째_급여를 받은 기간(h1112_9)
h12_10,첫번째_급여를 받은 기간(h1112_10)
h12_11,두번째_급여를 받은 기간(h1112_11)
h12_12,두번째_급여를 받은 기간(h1112_12)
h12_13,세번째_급여를 받은 기간(h1112_13)
h12_14,세번째_급여를 받은 기간(h1112_14)
h12_15,급여를 받게 된 이유(h1112_15)
h12_3aq1,국민기초생활보장 급여수준 평가(h1112_3aq1)
h12_16,수급대상 가구 탈피 예상기간(h1112_16)
h12_17,탈피하더라도 계속 받고 싶은 지원(생계비 제외)(h1112_17)
h12_18,수급자 탈피 이유(h1112_18)
h12_19,탈피 이후 가장 아쉬운 지원(생계비 제외)(h1112_19)
h13_4aq10,(마) 아동인지능력 향상서비스 경험여부(h1113_4aq10)
h12_1_4aq3,올해 근로장려세제의 급여 신청여부(h1012_1_4aq3)
h06_28,서비스만족도_영구임대주택(가)(h0706_28)
h06_31,서비스만족도_공공(국민)임대주택(나)(h0706_31)
h06_34,서비스만족도_전세자금(융자)지원(다)(h0706_34)
h06_37,서비스만족도_저소득층 월세지원(라)(h0706_37)
h06_40,서비스만족도_주택구입자금(융자)지원(마)(h0706_40)
h06_3aq2,기타_서비스만족도(바)(h0706_3aq2)
h08_7aq3,기타 바우처 지원금-지출을 전제로 한 현물 및 현금(h0708_7aq3)
h12_2_7aq1,귀댁의 소득계층(h0712_2_7aq1)
h12_2_7aq2,가. 귀댁의 생활형편-평가(h0712_2_7aq2)
h12_2_7aq3,나. 귀댁의 행복정도-평가(h0712_2_7aq3)
h12_2_7aq4,다. 우리나라의 경제상황-평가(h0712_2_7aq4)
h12_2_7aq5,라. 귀댁의 가계수입-평가(h0712_2_7aq5)
h12_2_7aq6,마. 우리나라의 물가수준-평가(h0712_2_7aq6)
h12_2_7aq7,바. 귀댁의 소비지출-평가(h0712_2_7aq7)
h12_2_7aq8,사. 귀댁의 가계저축 규모-평가(h0712_2_7aq8)
h12_2_7aq9,아. 귀댁의 가계부채 규모-평가(h0712_2_7aq9)
h12_2_7aq10,자. 귀댁의 자산가치 중 부동산-평가(h0712_2_7aq10)
h12_2_7aq11,차. 귀댁의 자산가치 중 금융자산-평가(h0712_2_7aq11)
h12_2_7aq12,가. 생계-평가(h0712_2_7aq12)
h12_2_7aq13,나. 의료(건강)-평가(h0712_2_7aq13)
h12_2_7aq14,다. 주거-평가(h0712_2_7aq14)
h12_2_7aq15,라. 보육-평가(h0712_2_7aq15)
h12_2_7aq16,마. 교육-평가(h0712_2_7aq16)
h12_2_7aq17,바. 취업(일자리)-평가(h0712_2_7aq17)
h12_2_7aq18,사. 교통 및 통신-평가(h0712_2_7aq18)
h12_2_7aq19,아. 여가 및 문화생활수준-평가(h0712_2_7aq19)
h12_2_7aq20,자. 돌봄(노인/장애인수발)-평가(h0712_2_7aq20)
h12_2_7aq21,차. 부채 및 이자상환-평가(h0712_2_7aq21)
h12_2_7aq22,가. 출산-평가(h0712_2_7aq22)
h12_2_7aq23,나. 보육-평가(h0712_2_7aq23)
h12_2_7aq24,다. 아동 및 청소년-평가(h0712_2_7aq24)
h12_2_7aq25,라. 교육문제(초중고/대학등록금)-평가(h0712_2_7aq25)
h12_2_7aq26,마. 청년실업-평가(h0712_2_7aq26)
h12_2_7aq27,바. 주택-평가(h0712_2_7aq27)
h12_2_7aq28,사. 중고령층(베이비붐세대) - 조기퇴직/재취업/노후준비-평가(h0712_2_7aq28)
h12_2_7aq29,아. 노인-평가(h0712_2_7aq29)
h12_2_7aq30,자. 장애인-평가(h0712_2_7aq30)
h12_2_7aq31,차. 빈곤-평가(h0712_2_7aq31)
h12_2_7aq32,가. 공정성-평가(h0712_2_7aq32)
h12_2_7aq33,나. 사회통합-평가(h0712_2_7aq33)
h12_2_7aq34,다. 저출산 문제-평가(h0712_2_7aq34)
h12_2_7aq35,라. 고령화에 따른 부담-평가(h0712_2_7aq35)
h12_2_7aq36,마. 균등한 교육 기회-평가(h0712_2_7aq36)
h12_2_7aq37,바. 취업기회(일자리)-평가(h0712_2_7aq37)
h12_2_7aq38,사. 고용상태의 안정성-평가(h0712_2_7aq38)
h12_2_7aq39,아. 소득분배의 형평성-평가(h0712_2_7aq39)
h12_2_7aq40,자. 계층 상향이동의 가능성-평가(h0712_2_7aq40)
h12_2_7aq41,차. 시민의식 수준-평가(h0712_2_7aq41)
h12_2_7aq42,가. 귀댁의 생활형편-전망(h0712_2_7aq42)
h12_2_7aq43,나. 귀댁의 행복정도-전망(h0712_2_7aq43)
h12_2_7aq44,다. 우리나라의 경제상황-전망(h0712_2_7aq44)
h12_2_7aq45,라. 귀댁의 가계수입-전망(h0712_2_7aq45)
h12_2_7aq46,마. 우리나라의 물가수준-전망(h0712_2_7aq46)
h12_2_7aq47,바. 귀댁의 소비지출-전망(h0712_2_7aq47)
h12_2_7aq48,사. 귀댁의 가계저축 규모-전망(h0712_2_7aq48)
h12_2_7aq49,아. 귀댁의 가계부채 규모-전망(h0712_2_7aq49)
h12_2_7aq50,자. 귀댁의 자산가치 중 부동산-전망(h0712_2_7aq50)
h12_2_7aq51,차. 귀댁의 자산가치 중 금융자산-전망(h0712_2_7aq51)
h12_2_7aq52,"가. 승용차, TV, 냉장고 등 내구재 구입비-전망(h0712_2_7aq52)"
h12_2_7aq53,"나. 의류비(옷, 신발 등)-전망(h0712_2_7aq53)"
h12_2_7aq54,다. 식비(외식 포함)-전망(h0712_2_7aq54)
h12_2_7aq55,"라. 주거비(전세보증금, 월세)-전망(h0712_2_7aq55)"
h12_2_7aq56,"마.교육비(학원비, 과외비 포함)-전망(h0712_2_7aq56)"
h12_2_7aq57,바. 보건의료비-전망(h0712_2_7aq57)
h12_2_7aq58,"사. 교양, 오락 및 문화생활비-전망(h0712_2_7aq58)"
h12_2_7aq59,아. 교통 및 통신비-전망(h0712_2_7aq59)
h12_2_7aq60,"자. 광열비(난방, 취사, 상하수도)-전망(h0712_2_7aq60)"
h12_2_7aq61,차. 이자상환-전망(h0712_2_7aq61)
h12_2_7aq62,가. 생계-전망(h0712_2_7aq62)
h12_2_7aq63,나. 의료(건강)-전망(h0712_2_7aq63)
h12_2_7aq64,다. 주거-전망-전망(h0712_2_7aq64)
h12_2_7aq65,라. 보육-전망(h0712_2_7aq65)
h12_2_7aq66,마. 교육-전망(h0712_2_7aq66)
h12_2_7aq67,바. 취업(일자리)-전망(h0712_2_7aq67)
h12_2_7aq68,사. 교통 및 통신-전망(h0712_2_7aq68)
h12_2_7aq69,아. 여가 및 문화생활수준-전망(h0712_2_7aq69)
h12_2_7aq70,자. 돌봄(노인/장애인수발)-전망(h0712_2_7aq70)
h12_2_7aq71,차. 부채 및 이자상환-전망(h0712_2_7aq71)
h12_2_7aq72,가. 출산-전망(h0712_2_7aq72)
h12_2_7aq73,나. 보육-전망(h0712_2_7aq73)
h12_2_7aq74,다. 아동 및 청소년-전망(h0712_2_7aq74)
h12_2_7aq75,라. 교육문제(초중고/대학등록금)-전망(h0712_2_7aq75)
h12_2_7aq76,마. 청년실업-전망(h0712_2_7aq76)
h12_2_7aq77,바. 주택-전망(h0712_2_7aq77)
h12_2_7aq78,사. 중고령층(베이비붐세대) - 조기퇴직/재취업/노후준비-전망(h0712_2_7aq78)
h12_2_7aq79,아. 노인-전망(h0712_2_7aq79)
h12_2_7aq80,자. 장애인-전망(h0712_2_7aq80)
h12_2_7aq81,차. 빈곤-전망(h0712_2_7aq81)
h12_2_7aq82,가. 공정성-전망(h0712_2_7aq82)
h12_2_7aq83,나. 사회통합-전망(h0712_2_7aq83)
h12_2_7aq84,다. 저출산 문제-전망(h0712_2_7aq84)
h12_2_7aq85,라. 고령화에 따른 부담-전망(h0712_2_7aq85)
h12_2_7aq86,마. 균등한 교육 기회-전망(h0712_2_7aq86)
h12_2_7aq87,바. 취업기회(일자리)-전망(h0712_2_7aq87)
h12_2_7aq88,사. 고용상태의 안정성-전망(h0712_2_7aq88)
h12_2_7aq89,아. 소득분배의 형평성-전망(h0712_2_7aq89)
h12_2_7aq90,자. 계층 상향이동의 가능성-전망(h0712_2_7aq90)
h12_2_7aq91,차. 시민의식 수준-전망(h0712_2_7aq91)
h13_4,생계비지원 만족도(가)(h0713_4)
h13_8,의료비지원 만족도(나)(h0713_8)
h13_12,물품지원 만족도(다)(h0713_12)
h13_16,가정봉사 서비스 만족도(라)(h0713_16)
h13_20,식사배달서비스 만족도(마)(h0713_20)
h13_24,주택관련 서비스 만족도(바)(h0713_24)
h13_28,"직업훈련,취업상담,취업알선 만족도(사)(h0713_28)"
h13_30,상담 경험여부(아)(h0713_30)
h13_32,상담 만족도(아)(h0713_32)
h13_34,약물상담 경험여부(자)(h0713_34)
h13_36,약물상담 만족도(자)(h0713_36)
h13_38,가정폭력상담 경험여부(차)(h0713_38)
h13_40,가정폭력상담 만족도(차)(h0713_40)
h13_42,부모교육 경험여부(카)(h0713_42)
h13_44,부모교육 만족도(카)(h0713_44)
h13_5aq3,생계 등을 위한 대출 만족도(타)(h0713_5aq3)
h13_4aq3,노인돌봄종합서비스사업 만족도(가)(h0713_4aq3)
h13_7aq1,노인돌봄종합서비스사업-월단위 본인부담금(가)(h0713_7aq1)
h13_4aq5,장애인활동보조지원사업 만족도(나)(h0713_4aq5)
h13_7aq2,장애인활동보조지원사업-월단위 본인부담금(나)(h0713_7aq2)
h13_4aq7,산모신생아 도우미사업 만족도(다)(h0713_4aq7)
h13_7aq3,산모신생아 도우미사업-월단위 본인부담금(다)(h0713_7aq3)
h13_4aq9,가사간병 방문서비스사업 만족도(라)(h0713_4aq9)
h13_7aq4,가사간병 방문서비스사업-월단위 본인부담금(라)(h0713_7aq4)
h13_4aq11,아동인지능력 향상서비스 만족도(마)(h0713_4aq11)
h13_7aq5,아동인지능력 향상서비스-월단위 본인부담금(마)(h0713_7aq5)
h13_5aq5,임신출산 진료비지원사업 만족도(바)(h0713_5aq5)
h13_5aq7,장애아동재활치료사업 만족도(사)(h0713_5aq7)
h13_7aq6,장애아동재활치료사업-월단위 본인부담금(사)(h0713_7aq6)
h13_5aq9,i사랑 보육서비스(아이즐거운카드유아학비지원포함) 만족도(아)(h0713_5aq9)
h13_6aq2,언어발달지원사업 만족도(자)(h0713_6aq2)
h13_7aq7,언어발달지원사업-월단위 본인부담금(자)(h0713_7aq7)
h13_4aq19,방문요양 만족도(가)(h0713_4aq19)
h13_4aq21,방문목욕 만족도(나)(h0713_4aq21)
h13_4aq23,방문 간호 만족도(다)(h0713_4aq23)
h13_4aq25,"주,야간보호 만족도(라)(h0713_4aq25)"
h13_4aq27,단기보호 만족도(마)(h0713_4aq27)
h13_4aq29,기타재가급여 만족도(바)(h0713_4aq29)
h13_4aq31,시설급여 만족도(사)(h0713_4aq31)
h13_4aq33,특별현금급여 만족도(아)(h0713_4aq33)
h14_6,기초노령연금 지원 이용 만족도(가)(h0714_6)
h14_10,의료비 지원 이용 만족도(나)(h0714_10)
h14_14,노인 무료 급식 지원 이용 만족도(다)(h0714_14)
h14_18,물품지원 이용 만족도(라)(h0714_18)
h14_22,가정봉사 서비스 이용 만족도(마)(h0714_22)
h14_26,식사 배달 서비스 이용 만족도(바)(h0714_26)
h14_30,"방문 가정간호, 간병, 목욕 서비스 이용만족도(사)(h0714_30)"
h14_34,이동편의 서비스 이용 만족도(아)(h0714_34)
h14_38,주ㆍ야간보호 서비스  이용만족도(자)(h0714_38)
h14_3aq3,노인일자리사업 이용 만족도(차)(h0714_3aq3)
h14_4aq3,사회교육 서비스 이용 만족도(카)(h0714_4aq3)
h15_6,공공보육시설 만족도(가)(h0715_6)
h15_10,양육ㆍ보육료 및 유치원비 보조 만족도(나)(h0715_10)
h15_14,"아동상담, 집단 프로그램 만족도(다)(h0715_14)"
h15_22,방과후돌봄서비스 만족도(라)(h0715_22)
h15_27,무료급식(급식지원 포함) 만족도(마)(h0715_27)
h15_31,학비지원 만족도(바)(h0715_31)
h15_35,예체능 교실 만족도(사)(h0715_35)
h15_39,문화활동 만족도(아)(h0715_39)
h15_4aq3,가정봉사 서비스 만족도(자)(h0715_4aq3)
h15_7aq2,영유아보충식품지원 만족도(차)(h0715_7aq2)
h15_64,"1번.자녀가 이용하는 사교육,보육기관D(h0715_64)"
h15_65,"1번.자녀가 이용하는 사교육,보육기관E(h0715_65)"
h15_72,"2번.자녀가 이용하는 사교육,보육기관D(h0715_72)"
h15_73,"2번.자녀가 이용하는 사교육,보육기관E(h0715_73)"
h15_80,"3번.자녀가 이용하는 사교육,보육기관D(h0715_80)"
h15_81,"3번.자녀가 이용하는 사교육,보육기관E(h0715_81)"
h15_88,"4번.자녀가 이용하는 사교육,보육기관D(h0715_88)"
h15_89,"4번.자녀가 이용하는 사교육,보육기관E(h0715_89)"
h15_96,"5번.자녀가 이용하는 사교육,보육기관D(h0715_96)"
h15_97,"5번.자녀가 이용하는 사교육,보육기관E(h0715_97)"
h15_104,"6번.자녀가 이용하는 사교육,보육기관D(h0715_104)"
h15_105,"6번.자녀가 이용하는 사교육,보육기관E(h0715_105)"
h16_6aq3,장애인연금(중증장애인 대상) 만족도(1)(h0716_6aq3)
h16_6aq6,장애수당(경증장애인 대상) 만족도(2)(h0716_6aq6)
h16_10,장애아동수당 만족도(3)(h0716_10)
h16_12,장애인자립지원 서비스 경험여부(4)(h0716_12)
h16_14,장애인자립지원 서비스 만족도(4)(h0716_14)
h16_20,재활보조기구 및 생활편의용품 지원 경험여부(5)(h0716_20)
h16_22,재활보조기구 및 생활편의용품 지원 만족도(5)(h0716_22)
h16_26,의료재활서비스 만족도(6)(h0716_26)
h16_4aq3,가정봉사서비스 만족도(7)(h0716_4aq3)
h16_4aq6,"방문가정간호, 간병, 목욕 서비스 만족도(8)(h0716_4aq6)"
h16_34,이동편의 서비스 만족도(9)(h0716_34)
h16_38,주택관련 서비스 만족도(10)(h0716_38)
h16_42,가족상담 및 심리재활 서비스 만족도(11)(h0716_42)
h16_4aq9,사회적응 및 취업관련 서비스 만족도(12)(h0716_4aq9)
h16_58,장애아동 및 장애인자녀 보육비 및 교육비 지원 만족도(13)(h0716_58)
h16_62,장애아동 및 장애인자녀 관련프로그램 만족도(14)(h0716_62)
h16_66,자동차관련지원 만족도(15)(h0716_66)
h07_4aq1,바우쳐-장기요양 비용(h0607_4aq1)
h07_4aq2,바우쳐-노인 비용(h0607_4aq2)
h07_4aq3,바우쳐-장애인 비용(h0607_4aq3)
h07_4aq4,바우쳐-아동 비용(h0607_4aq4)
h07_4aq5,바우쳐-기타 비용(h0607_4aq5)
h08_aq18,노인교통비(h0608_aq18)
h08_5aq2,한시생계비(2010년)(h0608_5aq2)
h09_5aq1,금융기관대출-이 중 담보대출(h0609_5aq1)
h12_2_6aq1,희망키움통장의 인지 여부(h0612_2_6aq1)
h12_2_6aq2,희망키움통장 사업의 참여여부(h0612_2_6aq2)
h12_2_6aq3,희망키움통장 최초 적립 시점(h0612_2_6aq3)
h12_2_6aq4,현재 희망키움통장을 계속 유지 여부(h0612_2_6aq4)
h12_2_6aq5,2010년 중 희망키움통장 적립기간(h0612_2_6aq5)
h12_2_6aq6,적립금(h0612_2_6aq6)
h12_2_6aq7,매칭금(h0612_2_6aq7)
h12_2_6aq8,근로소독장려금(h0612_2_6aq8)
h12_2_6aq9,희망키움통장 탈수급 시점(h0612_2_6aq9)
h12_2_6aq10,희망키움통장 적립기간(h0612_2_6aq10)
h12_2_6aq11,적립금(h0612_2_6aq11)
h12_2_6aq12,매칭금(h0612_2_6aq12)
h12_2_6aq13,근로소독장려금(h0612_2_6aq13)
h12_2_6aq14,희망키움통장 탈수급 시점(h0612_2_6aq14)
h12_2_6aq15,희망키움통장 해지 시점(h0612_2_6aq15)
h12_2_6aq16,희망키움통장 해시 시 총 지급액(h0612_2_6aq16)
h12_2_6aq17,희망키움통장 해지 시점(h0612_2_6aq17)
h12_2_6aq18,희망키움통장 해지 시 총 지급액(h0612_2_6aq18)
h13_3,생계비 지원 서비스제공기관(가)(h0613_3)
h13_7,의료비 지원 서비스제공기관(나)(h0613_7)
h13_11,물품지원 서비스제공기관(다)(h0613_11)
h13_15,가정봉사 서비스 서비스제공기관(라)(h0613_15)
h13_19,식사배달서비스 서비스제공기관(마)(h0613_19)
h13_23,주택관련 서비스 서비스제공기관(바)(h0613_23)
h13_27,"직업훈련,취업상담,취업알선 서비스제공기관(사)(h0613_27)"
h13_31,상담 서비스제공기관(아)(h0613_31)
h13_35,약물상담 서비스제공기관(자)(h0613_35)
h13_39,가정폭력상담 서비스제공기관(차)(h0613_39)
h13_43,부모교육 서비스제공기관(카)(h0613_43)
h13_5aq2,생계 등을 위한 대출 서비스제공기관(타)(h0613_5aq2)
h14_5,기초노령연금 지원 서비스제공기관(가)(h0614_5)
h14_9,의료비 지원 서비스제공기관(나)(h0614_9)
h14_13,노인 무료 급식 지원 서비스제공기관(다)(h0614_13)
h14_17,물품지원 서비스제공기관(라)(h0614_17)
h14_21,가정봉사 서비스 서비스제공기관(마)(h0614_21)
h14_25,식사 배달 서비스 서비스제공기관(바)(h0614_25)
h14_29,"방문 가정간호, 간병, 목욕 서비스 서비스제공기관(사)(h0614_29)"
h14_33,이동편의 서비스제공기관(아)(h0614_33)
h14_37,주ㆍ야간보호 서비스제공기관(자)(h0614_37)
h14_3aq2,노인일자리사업 서비스제공기관(차)(h0614_3aq2)
h14_4aq2,사회교육 서비스제공기관(카)(h0614_4aq2)
h15_5,국공립 보육시설 서비스 제공기관(가)(h0615_5)
h15_9,양육ㆍ보육료 및 유치원비 보조 서비스 제공기관(나)(h0615_9)
h15_13,"아동상담, 집단 프로그램 서비스 제공기관(다)(h0615_13)"
h15_21,방과후돌봄서비스 제공기관(라)(h0615_21)
h15_26,무료급식 서비스 제공기관(반액급식 포함)(마)(h0615_26)
h15_30,학비지원 서비스 제공기관(바)(h0615_30)
h15_34,예체능 교실 서비스 제공기관(사)(h0615_34)
h15_38,문화활동 서비스 제공기관(아)(h0615_38)
h15_4aq2,가정봉사 서비스 제공기관(자)(h0615_4aq2)
h16_4,장애수당 경험여부(가-1)(h0616_4)
h16_5,장애수당 서비스제공기관(가-1)(h0616_5)
h16_6,장애수당 만족도(가-1)(h0616_6)
h16_6aq2,장애인연금(중증 장애인) 서비스제공기관(가-2)(h0616_6aq2)
h16_6aq5,경증장애수당 서비스제공기관(가-3)(h0616_6aq5)
h16_9,장애아동수당 서비스제공기관(나)(h0616_9)
h16_13,장애인자립지원 서비스 제공기관(다)(h0616_13)
h16_21,재활보조기구 및 생활편의용품 지원 서비스 제공기관(라)(h0616_21)
h16_25,의료재활서비스 서비스제공기관(마)(h0616_25)
h16_4aq2,가정봉사서비스 제공기관(바)(h0616_4aq2)
h16_4aq5,방문가정간호 혹은 간병서비스 제공기관(사)(h0616_4aq5)
h16_33,이동편의 서비스 서비스제공기관(아)(h0616_33)
h16_37,주택관련 서비스제공기관(자)(h0616_37)
h16_41,가족상담 및 심리재활 서비스 제공기관(차)(h0616_41)
h16_4aq8,사회적응 및 취업관련 서비스 제공기관(카)(h0616_4aq8)
h16_57,장애아동 및 장애인자녀 보육비 및 교육비 서비스 제공기관(타)(h0616_57)
h16_61,장애아동 및 장애인자녀 관련프로그램 서비스 제공기관(파)(h0616_61)
h16_65,자동차관련지원 서비스제공기관(하)(h0616_65)
h08_4aq115,유류환급금(h0508_4aq115)
h13_4aq12,비만아동건강 서비스(바)(h0513_4aq12)
h13_4aq13,비만아동건강 서비스 만족도(바)(h0513_4aq13)
h07_3aq12,교통통신비(h0407_3aq12)
h08_1,가구원번호 1(h0308_1)
h08_2,해당여부 1-1(h0308_2)
h08_3,변화된 월(月) 1-1(h0308_3)
h08_4,해당여부 1-2(h0308_4)
h08_5,변화된 월(月) 1-2(h0308_5)
h08_6,해당여부 1-3(h0308_6)
h08_7,변화된 월(月) 1-3(h0308_7)
h08_8,해당여부 1-4(h0308_8)
h08_9,변화된 월(月) 1-4(h0308_9)
h08_10,해당여부 1-5(h0308_10)
h08_11,변화된 월(月) 1-5(h0308_11)
h08_12,해당여부 1-6(h0308_12)
h08_13,변화된 월(月) 1-6(h0308_13)
h08_14,해당여부 1-7(h0308_14)
h08_15,변화된 월(月) 1-7(h0308_15)
h08_16,가구원번호 2(h0308_16)
h08_17,해당여부 2-1(h0308_17)
h08_18,변화된 월(月) 2-1(h0308_18)
h08_19,해당여부 2-2(h0308_19)
h08_20,변화된 월(月) 2-2(h0308_20)
h08_21,해당여부 2-3(h0308_21)
h08_22,변화된 월(月) 2-3(h0308_22)
h08_23,해당여부 2-4(h0308_23)
h08_24,변화된 월(月) 2-4(h0308_24)
h08_25,해당여부 2-5(h0308_25)
h08_26,변화된 월(月) 2-5(h0308_26)
h08_27,해당여부 2-6(h0308_27)
h08_28,변화된 월(月) 2-6(h0308_28)
h08_29,해당여부 2-7(h0308_29)
h08_30,변화된 월(月) 2-7(h0308_30)
h08_31,가구원번호 3(h0308_31)
h08_32,해당여부 3-1(h0308_32)
h08_33,변화된 월(月) 3-1(h0308_33)
h08_34,해당여부 3-2(h0308_34)
h08_35,변화된 월(月) 3-2(h0308_35)
h08_36,해당여부 3-3(h0308_36)
h08_37,변화된 월(月) 3-3(h0308_37)
h08_38,해당여부 3-4(h0308_38)
h08_39,변화된 월(月) 3-4(h0308_39)
h08_40,해당여부 3-5(h0308_40)
h08_41,변화된 월(月) 3-5(h0308_41)
h08_42,해당여부 3-6(h0308_42)
h08_43,변화된 월(月) 3-6(h0308_43)
h08_44,해당여부 3-7(h0308_44)
h08_45,변화된 월(月) 3-7(h0308_45)
h08_46,가구원번호 4(h0308_46)
h08_47,해당여부 4-1(h0308_47)
h08_48,변화된 월(月) 4-1(h0308_48)
h08_49,해당여부 4-2(h0308_49)
h08_50,변화된 월(月) 4-2(h0308_50)
h08_51,해당여부 4-3(h0308_51)
h08_52,변화된 월(月) 4-3(h0308_52)
h08_53,해당여부 4-4(h0308_53)
h08_54,변화된 월(月) 4-4(h0308_54)
h08_55,해당여부 4-5(h0308_55)
h08_56,변화된 월(月) 4-5(h0308_56)
h08_57,해당여부 4-6(h0308_57)
h08_58,변화된 월(月) 4-6(h0308_58)
h08_59,해당여부 4-7(h0308_59)
h08_60,변화된 월(月) 4-7(h0308_60)
h08_61,가구원번호 5(h0308_61)
h08_62,해당여부 5-1(h0308_62)
h08_63,변화된 월(月) 5-1(h0308_63)
h08_64,해당여부 5-2(h0308_64)
h08_65,변화된 월(月) 5-2(h0308_65)
h08_66,해당여부 5-3(h0308_66)
h08_67,변화된 월(月) 5-3(h0308_67)
h08_68,해당여부 5-4(h0308_68)
h08_69,변화된 월(月) 5-4(h0308_69)
h08_70,해당여부 5-5(h0308_70)
h08_71,변화된 월(月) 5-5(h0308_71)
h08_72,해당여부 5-6(h0308_72)
h08_73,변화된 월(月) 5-6(h0308_73)
h08_74,해당여부 5-7(h0308_74)
h08_75,변화된 월(月) 5-7(h0308_75)
h08_76,가구원번호 6(h0308_76)
h08_77,해당여부 6-1(h0308_77)
h08_78,변화된 월(月) 6-1(h0308_78)
h08_79,해당여부 6-2(h0308_79)
h08_80,변화된 월(月) 6-2(h0308_80)
h08_81,해당여부 6-3(h0308_81)
h08_82,변화된 월(月) 6-3(h0308_82)
h08_83,해당여부 6-4(h0308_83)
h08_84,변화된 월(月) 6-4(h0308_84)
h08_85,해당여부 6-5(h0308_85)
h08_86,변화된 월(月) 6-5(h0308_86)
h08_87,해당여부 6-6(h0308_87)
h08_88,변화된 월(月) 6-6(h0308_88)
h08_89,해당여부 6-7(h0308_89)
h08_90,변화된 월(月) 6-7(h0308_90)
h08_91,가구원번호 7(h0308_91)
h08_92,해당여부 7-1(h0308_92)
h08_93,변화된 월(月)  7-1(h0308_93)
h08_94,해당여부 7-2(h0308_94)
h08_95,변화된 월(月) 7-2(h0308_95)
h08_96,해당여부 7-3(h0308_96)
h08_97,변화된 월(月) 7-3(h0308_97)
h08_98,해당여부 7-4(h0308_98)
h08_99,변화된 월(月) 7-4(h0308_99)
h08_100,해당여부 7-5(h0308_100)
h08_101,변화된 월(月) 7-5(h0308_101)
h08_102,해당여부 7-6(h0308_102)
h08_103,변화된 월(月) 7-6(h0308_103)
h08_104,해당여부 7-7(h0308_104)
h08_105,변화된 월(月) 7-7(h0308_105)
h08_112,부업활동자 수 합계(h0308_112)
h08_113,가구원번호1(h0308_113)
h08_114,연간총급여액1(h0308_114)
h08_115,가구원번호2(h0308_115)
h08_116,연간총급여액2(h0308_116)
h08_117,가구원번호3(h0308_117)
h08_118,연간총급여액3(h0308_118)
h08_119,가구원번호4(h0308_119)
h08_120,연간총급여액4(h0308_120)
h08_3AQ1,가구원번호5(h0308_3aq1)
h08_3AQ2,연간총급여액5(h0308_3aq2)
h08_121,가구원번호1(h0308_121)
h08_122,연간총급여액1(h0308_122)
h08_123,가구원번호2(h0308_123)
h08_124,연간총급여액2(h0308_124)
h08_125,가구원번호3(h0308_125)
h08_126,연간총급여액3(h0308_126)
h08_127,가구원번호4(h0308_127)
h08_128,연간총급여액4(h0308_128)
h08_129,가구원번호5(h0308_129)
h08_130,연간총급여액5(h0308_130)
h08_147,가구원번호1(h0308_147)
h08_148,연간순소득1(h0308_148)
h08_149,가구원번호2(h0308_149)
h08_150,연간순소득2(h0308_150)
h08_151,가구원번호3(h0308_151)
h08_152,연간순소득3(h0308_152)
h08_153,가구원번호4(h0308_153)
h08_154,연간순소득4(h0308_154)
h08_aq1,가구원번호1(h0308_aq1)
h08_aq2,연간 전입소득(h0308_aq2)
h08_aq3,가구원번호2(h0308_aq3)
h08_aq4,연간 전입소득(h0308_aq4)
h08_aq5,가구원번호3(h0308_aq5)
h08_aq6,연간 전입소득(h0308_aq6)
h08_aq7,가구원번호4(h0308_aq7)
h08_aq8,연간 전입소득(h0308_aq8)
h08_171,가구원번호1(h0308_171)
h08_172,부업소득1(h0308_172)
h08_173,가구원번호2(h0308_173)
h08_174,부업소득2(h0308_174)
h08_175,가구원번호3(h0308_175)
h08_176,부업소득3(h0308_176)
h08_177,가구원번호4(h0308_177)
h08_178,부업소득4(h0308_178)
h14_40,단기보호 서비스 경험여부(차)(h0314_40)
h14_41,단기보호 서비스 서비스제공기관(차)(h0314_41)
h14_42,단기보호 서비스 이용 만족도(차)(h0314_42)
h15_16,장애아 특별프로그램 경험여부(라)(h0315_16)
h15_17,장애아 특별프로그램 서비스 제공기관(라)(h0315_17)
h15_18,장애아 특별프로그램 만족도(라)(h0315_18)
h16_16,공공시설 내 사업권 경험여부(라)(h0316_16)
h16_17,공공시설 내 사업권 서비스제공기관(라)(h0316_17)
h16_18,공공시설 내 사업권 만족도(라)(h0316_18)
h16_28,가사지원서비스 경험여부(사)(h0316_28)
h16_29,가사지원서비스 서비스제공기관(사)(h0316_29)
h16_30,가사지원서비스 만족도(사)(h0316_30)
h16_44,직업재활시설 경험여부(카)(h0316_44)
h16_45,직업재활시설 서비스제공기관(카)(h0316_45)
h16_46,직업재활시설 만족도(카)(h0316_46)
h16_48,취업지원서비스 경험여부(타)(h0316_48)
h16_49,취업지원서비스 서비스제공기관(타)(h0316_49)
h16_50,취업지원서비스 만족도(타)(h0316_50)
h16_52,사회복귀훈련 경험여부(파)(h0316_52)
h16_53,사회복귀훈련 서비스제공기관(파)(h0316_53)
h16_54,사회복귀훈련 만족도(파)(h0316_54)
g49,2006년 12월 31일 당시의 직장(사업)과 비교할 때 변동여부(g49)
p05_4,음주때문에 일을 하지 못한 횟수(p0305_4)
h06_7,지불하는 월세액(h0206_7)
h08_aq31,가구원이 아닌 부모나 자녀로부터 받은 보조금(현금 및 현물)(h0208_aq31)
h11_1,돈이 없어 본인이나 가족이 끼니를 거른경험(h0211_1)
p02_41,구직 세일즈-경험여부(p0202_41)
p02_42,구직 세일즈-참여기간-개월(p0202_42)
p02_43,구직 세일즈-만족도(p0202_43)
p05_1,1년간 평균 흡연량(p0205_1)
h_eco5,가구용:경제활동상태-고용형태
h_soc2,가구용:사회보험-가입대상
h_soc3,가구용:사회보험-국민연금 보험료 납부여부
h_soc4,가구용:사회보험-국민연금 보험료 내지 않는 이유
h_soc5,가구용:사회보험-보험료미납기간
h_soc6,가구용:사회보험-미납이유
h_soc7,가구용:사회보험-미가입이유
h05_8,건강보험의 보험료에 합당한 보장정도(h0105_8)
h05_9,의료기관 진료 및 지료 서비스의 만족도(h0105_9)
h06_16,거주지역 생활환경(나)(h0106_16)
h06_17,거주지역 생활환경(다)(h0106_17)
h06_18,거주지역 생활환경(라)(h0106_18)
h06_19,거주지역 생활환경(마)(h0106_19)
h06_20,거주지역 생활환경(바)(h0106_20)
h06_26,영구임대주택 필요성정도(h0106_26)
h06_29,공공(국민)임대주택 필요성정도(h0106_29)
h06_32,전세자금(융자)지원 필요성정도(h0106_32)
h06_35,저소득층 월세지원 필요성정도(h0106_35)
h06_38,주택구입자금(융자)지원 필요성정도(h0106_38)
h07_1,식료품비 지출금액(h0107_1)
h07_2,보건의료비 지출금액(h0107_2)
h07_3,부족했던 보건의료비(h0107_3)
h07_6,동거가구원 현금생활비(A)(h0107_6)
h07_7,비동거가구원 현금생활비(A)(h0107_7)
h07_8,지원받는 현물의 현금환산액(C)(h0107_8)
h07_10,부모나 자녀에게 제공한 보조금(h0107_10)
h08_131,고용주 및 자영자인 가구원번호1(h0108_131)
h08_132,고용주 및 자영자 - 연간총매출액1(h0108_132)
h08_133,고용주 및 자영자인 가구원번호2(h0108_133)
h08_134,고용주 및 자영자 - 연간총매출액2(h0108_134)
h08_135,고용주 및 자영자인 가구원번호3(h0108_135)
h08_136,고용주 및 자영자 - 연간총매출액3(h0108_136)
h08_137,고용주 및 자영자인 가구원번호4(h0108_137)
h08_138,고용주 및 자영자 - 연간총매출액4(h0108_138)
h08_139,고용주 및 자영자인 가구원번호1(h0108_139)
h08_140,고용주 및 자영자 - 연간총비용1 (h0108_140)
h08_141,고용주 및 자영자인 가구원번호2 (h0108_141)
h08_142,고용주 및 자영자 - 연간총비용2 (h0108_142)
h08_143,고용주 및 자영자인 가구원번호3(h0108_143)
h08_144,고용주 및 자영자 - 연간총비용3(h0108_144)
h08_145,고용주 및 자영자인 가구원번호4(h0108_145)
h08_146,고용주 및 자영자 - 연간총비용4(h0108_146)
h08_179,"이자, 배당금(h0108_179)"
h08_180,임대료(h0108_180)
h08_181,기타(h0108_181)
h08_182,재산소득-합계액(h0108_182)
h08_183,국민연금급여(h0108_183)
h08_184,공무원.군인.교원연금(h0108_184)
h08_185,고용보험(h0108_185)
h08_186,건강보험(h0108_186)
h08_187,산재보험(h0108_187)
h08_188,보훈연금(h0108_188)
h08_189,사회보험-합계액(h0108_189)
h08_190,개인연금(h0108_190)
h08_191,기타 민간보험(h0108_191)
h08_192,민간보험-합계액(h0108_192)
h08_193,민간보조금(현금)
h08_194,민간보조금(현물)
h08_196,장애수당.장애아동부양수당(h0108_196)
h08_197,경로연금(h0108_197)
h08_198,노인교통비(h0108_198)
h08_199,모.부자가정수당(h0108_199)
h08_200,가정위탁금(h0108_200)
h08_201,영유아보육료(h0108_201)
h08_202,학비지원(h0108_202)
h08_203,국가유공자 보조금(h0108_203)
h08_204,농어업 정부보조금(h0108_204)
h08_205,기타 보조금(h0108_205)
h08_206,합계액(h0108_206)
h08_207,퇴직금(h0108_207)
h08_208,연금일시금(h0108_208)
h08_209,증여.상속(h0108_209)
h08_210,경조금(h0108_210)
h08_211,보상금(h0108_211)
h08_212,사고보험금(h0108_212)
h08_213,기타 소득(h0108_213)
h08_214,기타소득-합계액(h0108_214)
h09_1,금융기관대출(h0109_1)
h09_2,일반사채(h0109_2)
h09_3,카드빚(h0109_3)
h09_4,전세보증금(받은돈)(h0109_4)
h09_5,"외상, 미리탄 계돈(h0109_5)"
h09_6,기타부채(h0109_6)
h09_7,총부채금액(h0109_7)
h09_8,지출한 이자액(h0109_8)
h10_1,주택(h0110_1)
h10_2,주택외 건물(h0110_2)
h10_3,토지(h0110_3)
h10_4,거주주택 외 소유 부동산-합계액(h0110_4)
h10_5,전세보증금 준 것(h0110_5)
h10_6,기타(권리금 등)(h0110_6)
h10_7,거주 주택 외 점유 부동산-합계액(h0110_7)
h10_8,예금(h0110_8)
h10_9,적금(h0110_9)
h10_10,주식.채권(h0110_10)
h10_11,계(타기 전)(h0110_11)
h10_12,기타(사채 등)(h0110_12)
h10_13,금융재산-합계액(h0110_13)
h10_14,동력탈곡기(h0110_14)
h10_15,경운기(h0110_15)
h10_16,콤바인(h0110_16)
h10_17,트랙터(h0110_17)
h10_18,기타 농기계(h0110_18)
h10_19,농기계-합계액(h0110_19)
h10_20,소(h0110_20)
h10_21,돼지(h0110_21)
h10_22,닭(h0110_22)
h10_23,재고농산물(h0110_23)
h10_24,기타 농축산물(h0110_24)
h10_25,농축산물-합계액(h0110_25)
h10_28,"동산, 부동산 가격(h0110_28)"
h12_8,첫번째_급여를 받은 기간(년)(h0112_8)
h12_20,2005년 이전 공공부조 수급 경험(h0112_20)
h12_21,2005년 이전 공공부조 수급 기간(h0112_21)
h12_22,기초생활보장 혜택 희망(h0112_22)
h14_1,노인생활(노인부양)의 어려움(1순위)(h0114_1)
h14_2,노인생활(노인부양)의 어려움(2순위)(h0114_2)
h14_3,경로연금 지원 필요성 정도(h0114_3)
h14_7,의료비 지원 필요성 정도(h0114_7)
h14_11,노인 무료 급식 지원 필요성 정도(h0114_11)
h14_15,물품지원 필요성 정도(h0114_15)
h14_19,가정봉사 서비스 필요성 정도(h0114_19)
h14_23,식사 배달 서비스 필요성 정도(h0114_23)
h14_27,방문 가정간호 혹은 간병 서비스 필요성 정도(h0114_27)
h14_31,교통수단 지원 필요성 정도(h0114_31)
h14_35,주간보호 서비스 필요성 정도(h0114_35)
h14_39,단기보호 서비스 필요성 정도(h0114_39)
h15_1,아동 양육의 어려움(1순위)(h0115_1)
h15_2,아동 양육의 어려움(2순위)(h0115_2)
h15_3,어린이집 필요성 정도(h0115_3)
h15_7,보육료감면 필요성 정도(h0115_7)
h15_11,아동상담 필요성 정도(h0115_11)
h15_15,장애아 특별프로그램 필요성 정도(h0115_15)
h15_19,방과후 지도 필요성 정도(h0115_19)
h15_23,무료급식(동사무소등) 필요성 정도(h0115_23)
h15_24,무료급식(학교) 필요성 정도(h0115_24)
h15_28,학비지원 필요성 정도(h0115_28)
h15_32,예체능 교실 필요성 정도(h0115_32)
h15_36,문화활동 필요성 정도(h0115_36)
h15_58,사교육과 보육기관 이용실태(h0115_58)
h15_59,"사교육,보육기관을 이용하지 않고 있는 이유(h0115_59)"
h15_108,보육비로 인한 경제적부담정도(h0115_108)
h16_1,장애인 보호와 관련된 어려움(1순위)(h0116_1)
h16_2,장애인 보호와 관련된 어려움(2순위)(h0116_2)
h16_3,장애수당 필요성정도(h0116_3)
h16_7,장애아동부양수당 필요성정도(h0116_7)
h16_11,장애인 자립자금 대여 필요성정도(h0116_11)
h16_15,공공시설 내 사업권 필요성정도(h0116_15)
h16_19,재활보조기구 필요성정도(h0116_19)
h16_23,의료재활서비스 필요성정도(h0116_23)
h16_27,가사지원서비스 필요성정도(h0116_27)
h16_31,아동편의 서비스 필요성정도(h0116_31)
h16_35,주거시설 개선 필요성정도(h0116_35)
h16_39,가족상담 필요성정도(h0116_39)
h16_43,직업재활시설 필요성정도(h0116_43)
h16_47,취업지원서비스 필요성정도(h0116_47)
h16_51,사회복귀훈련 필요성정도(h0116_51)
h16_55,장애아동 보육비지원 필요성정도(h0116_55)
h16_59,장애아동교육비 지원 필요성정도(h0116_59)
h16_63,자동차관련지원 필요성정도(h0116_63)
h13_1,생계비 지원 필요성정도(h0113_1)
h13_5,의료비 지원 필요성정도(h0113_5)
h13_9,물품지원 필요성정도(h0113_9)
h13_13,가정봉사 서비스 필요성정도(h0113_13)
h13_17,식사배달서비스 필요성정도(h0113_17)
h13_21,주택관련 서비스 필요성정도(h0113_21)
h13_25,"직업훈련,취업상담,취업알선 필요성정도(h0113_25)"
h13_29,상담 필요성정도(h0113_29)
h13_33,약물상담 필요성정도(h0113_33)
h13_37,가정폭력상담 필요성정도(h0113_37)
h13_41,부모교육 필요성정도(h0113_41)
p01_26,개인연금 가입여부(p0101_26)
p05_30,배우자가 모욕적 이야기를 하였음(p0105_30)
p05_31,배우자가 악의적 이야기를 하였음(p0105_31)
p05_32,배우자가 나를 때리려고 위협(p0105_32)
p05_33,배우자가 나에게 물건을 던졌음(p0105_33)
p05_34,배우자가 나를 세게 밀쳤음(p0105_34)
p05_35,배우자가 손바닥으로 뺨을 때렸음(p0105_35)
p05_36,배우자가 나를 발로 차거나 주먹으로 때림(p0105_36)
p05_37,배우자가 물건으로 때림(p0105_37)
p05_38,배우자가 사정없이 마구 때림(p0105_38)
p05_39,배우자가 칼이나 흉기로 위협(p0105_39)
p05_40,"배우자가 어깨, 목을 꽉 움켜쥠(p0105_40)"
p05_41,내가 삐거나 멍이 들었음(p0105_41)
p05_42,내가 다쳐서 병원에 갔음(p0105_42)
p05_43,상대방에게 모욕적 이야기를 하였음(p0105_43)
p05_44,상대방에게 악의적 이야기를 하였음(p0105_44)
p05_45,상대방에게 나를 때리려고 위협(p0105_45)
p05_46,상대방에게 나에게 물건을 던졌음(p0105_46)
p05_47,상대방에게 나를 세게 밀쳤음(p0105_47)
p05_48,상대방에게 손바닥으로 뺨을 때림(p0105_48)
p05_49,상대방에게 나를 발로 차거나 주먹으로 때림(p0105_49)
p05_50,상대방에게 물건으로 때림(p0105_50)
p05_51,상대방에게 사정없이 마구 때림(p0105_51)
p05_52,상대방에게 칼이나 흉기로 위협(p0105_52)
p05_53,"상대방에게 어깨, 목을 꽉 움켜쥠(p0105_53)"
p05_54,내가 삐거나 멍이 들었음(p0105_54)
p05_55,내가 다쳐서 병원에 갔음(p0105_55)
c03_10,부모님이 외출하여 어두워질때까지 나혼자 집을 본일(c0103_10)
c03_11,더러운 옷을 입고 지내거나 잠을 잔일(c0103_11)
c03_12,내가 아파고 부모님이 그냥 내버려둔일(c0103_12)
release_date,데이터 공개 20230407
