Features_2022,Features_2021,Features_2020,Features_2019,Features_2018
ID,ID,ID,ID,ID
문A1-1) 작년(21.01.01~21.12.31) (1) 학위(졸업장) 취득을 위한 교육 참여 경험 여부,문A1-1) 작년(21.01.01~21.12.31) (1) 학위(졸업장) 취득을 위한 교육 참여 경험 여부,문A1-1) 작년(21.01.01~21.12.31) (1) 학위(졸업장) 취득을 위한 교육 참여 경험 여부,문A1-1) 작년(21.01.01~21.12.31) (1) 학위(졸업장) 취득을 위한 교육 참여 경험 여부,문A1-1) 작년(21.01.01~21.12.31) (1) 학위(졸업장) 취득을 위한 교육 참여 경험 여부
문A2-1) 프로그램 유형__(1)학위취득을 위한 교육_1,문A2-1) 프로그램 유형__(1)학위취득을 위한 교육_1,문A2-1) 프로그램 유형__(1)학위취득을 위한 교육_1,문A2-1) 프로그램 유형__(1)학위취득을 위한 교육_1,문A2-1) 프로그램 유형__(1)학위취득을 위한 교육_1
문A2-6) 연간참여시간__(1)학위취득을 위한 교육_1,문A2-6) 연간참여시간__(1)학위취득을 위한 교육_1,문A2-6) 연간참여시간__(1)학위취득을 위한 교육_1,문A2-6) 연간참여시간__(1)학위취득을 위한 교육_1,0
문A2-7) 자기부담학습비__(1)학위취득을 위한 교육_1,문A2-7) 자기부담학습비__(1)학위취득을 위한 교육_1,문A2-7) 자기부담학습비__(1)학위취득을 위한 교육_1,문A2-7) 자기부담학습비__(1)학위취득을 위한 교육_1,0
문A1-2) 참여한 프로그램 수는 몇개입니까? (2) 성인기초 및 문자해득교육(문해교육),문A1-2) 참여한 프로그램 수는 몇개입니까? (2) 성인기초 및 문자해득교육(문해교육),문A1-2) 참여한 프로그램 수는 몇개입니까? (2) 성인기초 및 문자해득교육(문해교육),문A1-2) 참여한 프로그램 수는 몇개입니까? (2) 성인기초 및 문자해득교육(문해교육),0
문A1-2) 참여한 프로그램 수는 몇개입니까? (3) 직업능력향상교육,문A1-2) 참여한 프로그램 수는 몇개입니까? (3) 직업능력향상교육,문A1-2) 참여한 프로그램 수는 몇개입니까? (3) 직업능력향상교육,문A1-2) 참여한 프로그램 수는 몇개입니까? (3) 직업능력향상교육,문A1-2) 참여한 프로그램 수는 몇개입니까? (3) 직업능력향상교육
문A1-2) 참여한 프로그램 수는 몇개입니까? (5) 문화예술스포츠교육,문A1-2) 참여한 프로그램 수는 몇개입니까? (5) 문화예술스포츠교육,문A1-2) 참여한 프로그램 수는 몇개입니까? (5) 문화예술스포츠교육,문A1-2) 참여한 프로그램 수는 몇개입니까? (5) 문화예술스포츠교육,문A1-2) 참여한 프로그램 수는 몇개입니까? (5) 문화예술스포츠교육
문A1-2) 참여한 프로그램 수는 몇개입니까? (6) 시민참여교육,문A1-2) 참여한 프로그램 수는 몇개입니까? (6) 시민참여교육,문A1-2) 참여한 프로그램 수는 몇개입니까? (6) 시민참여교육,문A1-2) 참여한 프로그램 수는 몇개입니까? (6) 시민참여교육,문A1-2) 참여한 프로그램 수는 몇개입니까? (6) 시민참여교육
문A1-2) 참여한 프로그램 수는 몇개입니까? (4) 인문교양교육,문A1-2) 참여한 프로그램 수는 몇개입니까? (4) 인문교양교육,문A1-2) 참여한 프로그램 수는 몇개입니까? (4) 인문교양교육,문A1-2) 참여한 프로그램 수는 몇개입니까? (4) 인문교양교육,문A1-2) 참여한 프로그램 수는 몇개입니까? (4) 인문교양교육
문A2-5) 참여목적__(1)학위취득을 위한 교육_1,문A2-5) 참여목적__(1)학위취득을 위한 교육_1,문A2-5) 참여목적__(1)학위취득을 위한 교육_1,문A2-5) 참여목적__(1)학위취득을 위한 교육_1,문A2-5) 참여목적__(1)학위취득을 위한 교육_1
문A2-1) 프로그램 유형__(2)성인기초 및 문자해득교육_1,문A2-1) 프로그램 유형__(2)성인기초 및 문자해득교육_1,문A2-1) 프로그램 유형__(2)성인기초 및 문자해득교육_1,문A2-1) 프로그램 유형__(2)성인기초 및 문자해득교육_1,문A2-1) 프로그램 유형__(2)성인기초 및 문자해득교육_1
문A2-2) 프로그램 형태__(2)성인기초 및 문자해득교육_1,문A2-2) 프로그램 형태__(2)성인기초 및 문자해득교육_1,문A2-2) 프로그램 형태__(2)성인기초 및 문자해득교육_1,문A2-2) 프로그램 형태__(2)성인기초 및 문자해득교육_1,문A2-2) 프로그램 형태__(2)성인기초 및 문자해득교육_1
문A2-3) 기관 유형__(2)성인기초 및 문자해득교육_1,문A2-3) 기관 유형__(2)성인기초 및 문자해득교육_1,문A2-3) 기관 유형__(2)성인기초 및 문자해득교육_1,문A2-3) 기관 유형__(2)성인기초 및 문자해득교육_1,문A2-3) 기관 유형__(2)성인기초 및 문자해득교육_1
문A2-5) 참여목적__(2)성인기초 및 문자해득교육_1,문A2-5) 참여목적__(2)성인기초 및 문자해득교육_1,문A2-5) 참여목적__(2)성인기초 및 문자해득교육_1,문A2-5) 참여목적__(2)성인기초 및 문자해득교육_1,문A2-5) 참여목적__(2)성인기초 및 문자해득교육_1
문A2-6) 연간참여시간__(2)성인기초 및 문자해득교육_1,문A2-6) 연간참여시간__(2)성인기초 및 문자해득교육_1,문A2-6) 연간참여시간__(2)성인기초 및 문자해득교육_1,문A2-6) 연간참여시간__(2)성인기초 및 문자해득교육_1,문A2-6) 연간참여시간__(2)성인기초 및 문자해득교육_1
문A2-7) 자기부담학습비__(2)성인기초 및 문자해득교육_1,문A2-7) 자기부담학습비__(2)성인기초 및 문자해득교육_1,문A2-7) 자기부담학습비__(2)성인기초 및 문자해득교육_1,문A2-7) 자기부담학습비__(2)성인기초 및 문자해득교육_1,문A2-7) 자기부담학습비__(2)성인기초 및 문자해득교육_1
문A2-8) 학습비 외부 지원여부__(2)성인기초 및 문자해득교육_1,문A2-8) 학습비 외부 지원여부__(2)성인기초 및 문자해득교육_1,문A2-8) 학습비 외부 지원여부__(2)성인기초 및 문자해득교육_1,문A2-8) 학습비 외부 지원여부__(2)성인기초 및 문자해득교육_1,문A2-8) 학습비 외부 지원여부__(2)성인기초 및 문자해득교육_1
문A2-9) 학습비 외부 지원기관__(2)성인기초 및 문자해득교육_1,문A2-9) 학습비 외부 지원기관__(2)성인기초 및 문자해득교육_1,문A2-9) 학습비 외부 지원기관__(2)성인기초 및 문자해득교육_1,문A2-9) 학습비 외부 지원기관__(2)성인기초 및 문자해득교육_1,0
문A2-10) 프로그램만족도__(2)성인기초 및 문자해득교육_1,문A2-10) 프로그램만족도__(2)성인기초 및 문자해득교육_1,문A2-10) 프로그램만족도__(2)성인기초 및 문자해득교육_1,문A2-10) 프로그램만족도__(2)성인기초 및 문자해득교육_1,문A2-10) 프로그램만족도__(2)성인기초 및 문자해득교육_1
문A2-11) 프로그램 불만족 요인(중복응답)__(2)성인기초 및 문자해득교육_1-1,문A2-11) 프로그램 불만족 요인(중복응답)__(2)성인기초 및 문자해득교육_1-1,문A2-11) 프로그램 불만족 요인(중복응답)__(2)성인기초 및 문자해득교육_1-1,문A2-11) 프로그램 불만족 요인(중복응답)__(2)성인기초 및 문자해득교육_1-1,문A2-11) 프로그램 불만족 요인(중복응답)__(2)성인기초 및 문자해득교육_1-1
문A2-11) 프로그램 불만족 요인(중복응답)__(2)성인기초 및 문자해득교육_1-2,문A2-11) 프로그램 불만족 요인(중복응답)__(2)성인기초 및 문자해득교육_1-2,문A2-11) 프로그램 불만족 요인(중복응답)__(2)성인기초 및 문자해득교육_1-2,문A2-11) 프로그램 불만족 요인(중복응답)__(2)성인기초 및 문자해득교육_1-2,문A2-11) 프로그램 불만족 요인(중복응답)__(2)성인기초 및 문자해득교육_1-2
문A2-11) 프로그램 불만족 요인(중복응답)__(2)성인기초 및 문자해득교육_1-3,문A2-11) 프로그램 불만족 요인(중복응답)__(2)성인기초 및 문자해득교육_1-3,문A2-11) 프로그램 불만족 요인(중복응답)__(2)성인기초 및 문자해득교육_1-3,문A2-11) 프로그램 불만족 요인(중복응답)__(2)성인기초 및 문자해득교육_1-3,문A2-11) 프로그램 불만족 요인(중복응답)__(2)성인기초 및 문자해득교육_1-3
문A2-11) 프로그램 불만족 요인(중복응답)__(2)성인기초 및 문자해득교육_1-5,문A2-11) 프로그램 불만족 요인(중복응답)__(2)성인기초 및 문자해득교육_1-5,문A2-11) 프로그램 불만족 요인(중복응답)__(2)성인기초 및 문자해득교육_1-5,문A2-11) 프로그램 불만족 요인(중복응답)__(2)성인기초 및 문자해득교육_1-5,문A2-11) 프로그램 불만족 요인(중복응답)__(2)성인기초 및 문자해득교육_1-5
문A2-11) 프로그램 불만족 요인(중복응답)__(2)성인기초 및 문자해득교육_1-6,문A2-11) 프로그램 불만족 요인(중복응답)__(2)성인기초 및 문자해득교육_1-6,문A2-11) 프로그램 불만족 요인(중복응답)__(2)성인기초 및 문자해득교육_1-6,문A2-11) 프로그램 불만족 요인(중복응답)__(2)성인기초 및 문자해득교육_1-6,문A2-11) 프로그램 불만족 요인(중복응답)__(2)성인기초 및 문자해득교육_1-6
문A2-11) 프로그램 불만족 요인(중복응답)__(2)성인기초 및 문자해득교육_1-7,문A2-11) 프로그램 불만족 요인(중복응답)__(2)성인기초 및 문자해득교육_1-7,문A2-11) 프로그램 불만족 요인(중복응답)__(2)성인기초 및 문자해득교육_1-7,문A2-11) 프로그램 불만족 요인(중복응답)__(2)성인기초 및 문자해득교육_1-7,0
문A2-11) 프로그램 불만족 요인(중복응답)__(2)성인기초 및 문자해득교육_1-4,문A2-11) 프로그램 불만족 요인(중복응답)__(2)성인기초 및 문자해득교육_1-4,문A2-11) 프로그램 불만족 요인(중복응답)__(2)성인기초 및 문자해득교육_1-4,문A2-11) 프로그램 불만족 요인(중복응답)__(2)성인기초 및 문자해득교육_1-4,문A2-11) 프로그램 불만족 요인(중복응답)__(2)성인기초 및 문자해득교육_1-4
문A2-1) 프로그램 유형__(3)직업능력향상교육_1,문A2-1) 프로그램 유형__(3)직업능력향상교육_1,문A2-1) 프로그램 유형__(3)직업능력향상교육_1,문A2-1) 프로그램 유형__(3)직업능력향상교육_1,문A2-1) 프로그램 유형__(3)직업능력향상교육_1
문A2-2) 프로그램 형태__(3)직업능력향상교육_1,문A2-2) 프로그램 형태__(3)직업능력향상교육_1,문A2-2) 프로그램 형태__(3)직업능력향상교육_1,문A2-2) 프로그램 형태__(3)직업능력향상교육_1,문A2-2) 프로그램 형태__(3)직업능력향상교육_1
문A2-3) 기관 유형__(3)직업능력향상교육_1,문A2-3) 기관 유형__(3)직업능력향상교육_1,문A2-3) 기관 유형__(3)직업능력향상교육_1,문A2-3) 기관 유형__(3)직업능력향상교육_1,문A2-3) 기관 유형__(3)직업능력향상교육_1
문A2-6) 연간참여시간__(3)직업능력향상교육_1,문A2-6) 연간참여시간__(3)직업능력향상교육_1,문A2-6) 연간참여시간__(3)직업능력향상교육_1,문A2-6) 연간참여시간__(3)직업능력향상교육_1,문A2-6) 연간참여시간__(3)직업능력향상교육_1
문A2-7) 자기부담학습비__(3)직업능력향상교육_1,문A2-7) 자기부담학습비__(3)직업능력향상교육_1,문A2-7) 자기부담학습비__(3)직업능력향상교육_1,문A2-7) 자기부담학습비__(3)직업능력향상교육_1,문A2-7) 자기부담학습비__(3)직업능력향상교육_1
문A2-9) 학습비 외부 지원기관__(3)직업능력향상교육_1,문A2-9) 학습비 외부 지원기관__(3)직업능력향상교육_1,문A2-9) 학습비 외부 지원기관__(3)직업능력향상교육_1,문A2-9) 학습비 외부 지원기관__(3)직업능력향상교육_1,문A2-9) 학습비 외부 지원기관__(3)직업능력향상교육_1
문A2-5) 참여목적__(3)직업능력향상교육_1,문A2-5) 참여목적__(3)직업능력향상교육_1,문A2-5) 참여목적__(3)직업능력향상교육_1,문A2-5) 참여목적__(3)직업능력향상교육_1,문A2-5) 참여목적__(3)직업능력향상교육_1
문A2-10) 프로그램만족도__(3)직업능력향상교육_1,문A2-10) 프로그램만족도__(3)직업능력향상교육_1,문A2-10) 프로그램만족도__(3)직업능력향상교육_1,문A2-10) 프로그램만족도__(3)직업능력향상교육_1,문A2-10) 프로그램만족도__(3)직업능력향상교육_1
문A2-11) 프로그램 불만족 요인(중복응답)__(3)직업능력향상교육_1-1,문A2-11) 프로그램 불만족 요인(중복응답)__(3)직업능력향상교육_1-1,문A2-11) 프로그램 불만족 요인(중복응답)__(3)직업능력향상교육_1-1,문A2-11) 프로그램 불만족 요인(중복응답)__(3)직업능력향상교육_1-1,문A2-11) 프로그램 불만족 요인(중복응답)__(3)직업능력향상교육_1-1
문A2-11) 프로그램 불만족 요인(중복응답)__(3)직업능력향상교육_1-3,문A2-11) 프로그램 불만족 요인(중복응답)__(3)직업능력향상교육_1-3,문A2-11) 프로그램 불만족 요인(중복응답)__(3)직업능력향상교육_1-3,문A2-11) 프로그램 불만족 요인(중복응답)__(3)직업능력향상교육_1-3,문A2-11) 프로그램 불만족 요인(중복응답)__(3)직업능력향상교육_1-3
문A2-11) 프로그램 불만족 요인(중복응답)__(3)직업능력향상교육_1-5,문A2-11) 프로그램 불만족 요인(중복응답)__(3)직업능력향상교육_1-5,문A2-11) 프로그램 불만족 요인(중복응답)__(3)직업능력향상교육_1-5,문A2-11) 프로그램 불만족 요인(중복응답)__(3)직업능력향상교육_1-5,문A2-11) 프로그램 불만족 요인(중복응답)__(3)직업능력향상교육_1-5
문A2-11) 프로그램 불만족 요인(중복응답)__(3)직업능력향상교육_1-6,문A2-11) 프로그램 불만족 요인(중복응답)__(3)직업능력향상교육_1-6,문A2-11) 프로그램 불만족 요인(중복응답)__(3)직업능력향상교육_1-6,문A2-11) 프로그램 불만족 요인(중복응답)__(3)직업능력향상교육_1-6,문A2-11) 프로그램 불만족 요인(중복응답)__(3)직업능력향상교육_1-6
문A2-1) 프로그램 유형__(3)직업능력향상교육_2,문A2-1) 프로그램 유형__(3)직업능력향상교육_2,문A2-1) 프로그램 유형__(3)직업능력향상교육_2,문A2-1) 프로그램 유형__(3)직업능력향상교육_2,문A2-1) 프로그램 유형__(3)직업능력향상교육_2
문A2-2) 프로그램 형태__(3)직업능력향상교육_2,문A2-2) 프로그램 형태__(3)직업능력향상교육_2,문A2-2) 프로그램 형태__(3)직업능력향상교육_2,문A2-2) 프로그램 형태__(3)직업능력향상교육_2,문A2-2) 프로그램 형태__(3)직업능력향상교육_2
문A2-5) 참여목적__(3)직업능력향상교육_2,문A2-5) 참여목적__(3)직업능력향상교육_2,문A2-5) 참여목적__(3)직업능력향상교육_2,문A2-5) 참여목적__(3)직업능력향상교육_2,문A2-5) 참여목적__(3)직업능력향상교육_2
문A2-7) 자기부담학습비__(3)직업능력향상교육_2,문A2-7) 자기부담학습비__(3)직업능력향상교육_2,문A2-7) 자기부담학습비__(3)직업능력향상교육_2,문A2-7) 자기부담학습비__(3)직업능력향상교육_2,문A2-7) 자기부담학습비__(3)직업능력향상교육_2
문A2-11) 프로그램 불만족 요인(중복응답)__(3)직업능력향상교육_1-2,문A2-11) 프로그램 불만족 요인(중복응답)__(3)직업능력향상교육_1-2,문A2-11) 프로그램 불만족 요인(중복응답)__(3)직업능력향상교육_1-2,문A2-11) 프로그램 불만족 요인(중복응답)__(3)직업능력향상교육_1-2,문A2-11) 프로그램 불만족 요인(중복응답)__(3)직업능력향상교육_1-2
문A2-9) 학습비 외부 지원기관__(3)직업능력향상교육_2,문A2-9) 학습비 외부 지원기관__(3)직업능력향상교육_2,문A2-9) 학습비 외부 지원기관__(3)직업능력향상교육_2,문A2-9) 학습비 외부 지원기관__(3)직업능력향상교육_2,문A2-9) 학습비 외부 지원기관__(3)직업능력향상교육_2
문A2-11) 프로그램 불만족 요인(중복응답)__(3)직업능력향상교육_1-4,문A2-11) 프로그램 불만족 요인(중복응답)__(3)직업능력향상교육_1-4,문A2-11) 프로그램 불만족 요인(중복응답)__(3)직업능력향상교육_1-4,문A2-11) 프로그램 불만족 요인(중복응답)__(3)직업능력향상교육_1-4,문A2-11) 프로그램 불만족 요인(중복응답)__(3)직업능력향상교육_1-4
문A2-11) 프로그램 불만족 요인(중복응답)__(3)직업능력향상교육_2-1,문A2-11) 프로그램 불만족 요인(중복응답)__(3)직업능력향상교육_2-1,문A2-11) 프로그램 불만족 요인(중복응답)__(3)직업능력향상교육_2-1,문A2-11) 프로그램 불만족 요인(중복응답)__(3)직업능력향상교육_2-1,문A2-11) 프로그램 불만족 요인(중복응답)__(3)직업능력향상교육_2-1
문A2-11) 프로그램 불만족 요인(중복응답)__(3)직업능력향상교육_1-7,문A2-11) 프로그램 불만족 요인(중복응답)__(3)직업능력향상교육_1-7,문A2-11) 프로그램 불만족 요인(중복응답)__(3)직업능력향상교육_1-7,문A2-11) 프로그램 불만족 요인(중복응답)__(3)직업능력향상교육_1-7,0
문A2-11) 프로그램 불만족 요인(중복응답)__(3)직업능력향상교육_2-2,문A2-11) 프로그램 불만족 요인(중복응답)__(3)직업능력향상교육_2-2,문A2-11) 프로그램 불만족 요인(중복응답)__(3)직업능력향상교육_2-2,문A2-11) 프로그램 불만족 요인(중복응답)__(3)직업능력향상교육_2-2,문A2-11) 프로그램 불만족 요인(중복응답)__(3)직업능력향상교육_2-2
문A2-11) 프로그램 불만족 요인(중복응답)__(3)직업능력향상교육_2-3,문A2-11) 프로그램 불만족 요인(중복응답)__(3)직업능력향상교육_2-3,문A2-11) 프로그램 불만족 요인(중복응답)__(3)직업능력향상교육_2-3,문A2-11) 프로그램 불만족 요인(중복응답)__(3)직업능력향상교육_2-3,문A2-11) 프로그램 불만족 요인(중복응답)__(3)직업능력향상교육_2-3
문A2-11) 프로그램 불만족 요인(중복응답)__(3)직업능력향상교육_2-5,문A2-11) 프로그램 불만족 요인(중복응답)__(3)직업능력향상교육_2-5,문A2-11) 프로그램 불만족 요인(중복응답)__(3)직업능력향상교육_2-5,문A2-11) 프로그램 불만족 요인(중복응답)__(3)직업능력향상교육_2-5,문A2-11) 프로그램 불만족 요인(중복응답)__(3)직업능력향상교육_2-5
문A2-8) 학습비 외부 지원여부__(3)직업능력향상교육_1,문A2-8) 학습비 외부 지원여부__(3)직업능력향상교육_1,문A2-8) 학습비 외부 지원여부__(3)직업능력향상교육_1,문A2-8) 학습비 외부 지원여부__(3)직업능력향상교육_1,문A2-8) 학습비 외부 지원여부__(3)직업능력향상교육_1
문A2-1) 프로그램 유형__(3)직업능력향상교육_3,문A2-1) 프로그램 유형__(3)직업능력향상교육_3,문A2-1) 프로그램 유형__(3)직업능력향상교육_3,문A2-1) 프로그램 유형__(3)직업능력향상교육_3,문A2-1) 프로그램 유형__(3)직업능력향상교육_3
문A2-2) 프로그램 형태__(3)직업능력향상교육_3,문A2-2) 프로그램 형태__(3)직업능력향상교육_3,문A2-2) 프로그램 형태__(3)직업능력향상교육_3,문A2-2) 프로그램 형태__(3)직업능력향상교육_3,문A2-2) 프로그램 형태__(3)직업능력향상교육_3
문A2-3) 기관 유형__(3)직업능력향상교육_2,문A2-3) 기관 유형__(3)직업능력향상교육_2,문A2-3) 기관 유형__(3)직업능력향상교육_2,문A2-3) 기관 유형__(3)직업능력향상교육_2,문A2-3) 기관 유형__(3)직업능력향상교육_2
문A2-5) 참여목적__(3)직업능력향상교육_3,문A2-5) 참여목적__(3)직업능력향상교육_3,문A2-5) 참여목적__(3)직업능력향상교육_3,문A2-5) 참여목적__(3)직업능력향상교육_3,문A2-5) 참여목적__(3)직업능력향상교육_3
문A2-6) 연간참여시간__(3)직업능력향상교육_3,문A2-6) 연간참여시간__(3)직업능력향상교육_3,문A2-6) 연간참여시간__(3)직업능력향상교육_3,문A2-6) 연간참여시간__(3)직업능력향상교육_3,문A2-6) 연간참여시간__(3)직업능력향상교육_3
문A2-7) 자기부담학습비__(3)직업능력향상교육_3,문A2-7) 자기부담학습비__(3)직업능력향상교육_3,문A2-7) 자기부담학습비__(3)직업능력향상교육_3,문A2-7) 자기부담학습비__(3)직업능력향상교육_3,문A2-7) 자기부담학습비__(3)직업능력향상교육_3
문A2-6) 연간참여시간__(3)직업능력향상교육_2,문A2-6) 연간참여시간__(3)직업능력향상교육_2,문A2-6) 연간참여시간__(3)직업능력향상교육_2,문A2-6) 연간참여시간__(3)직업능력향상교육_2,문A2-6) 연간참여시간__(3)직업능력향상교육_2
문A2-9) 학습비 외부 지원기관__(3)직업능력향상교육_3,문A2-9) 학습비 외부 지원기관__(3)직업능력향상교육_3,문A2-9) 학습비 외부 지원기관__(3)직업능력향상교육_3,문A2-9) 학습비 외부 지원기관__(3)직업능력향상교육_3,문A2-9) 학습비 외부 지원기관__(3)직업능력향상교육_3
문A2-10) 프로그램만족도__(3)직업능력향상교육_3,문A2-10) 프로그램만족도__(3)직업능력향상교육_3,문A2-10) 프로그램만족도__(3)직업능력향상교육_3,문A2-10) 프로그램만족도__(3)직업능력향상교육_3,문A2-10) 프로그램만족도__(3)직업능력향상교육_3
문A2-11) 프로그램 불만족 요인(중복응답)__(3)직업능력향상교육_3-1,문A2-11) 프로그램 불만족 요인(중복응답)__(3)직업능력향상교육_3-1,문A2-11) 프로그램 불만족 요인(중복응답)__(3)직업능력향상교육_3-1,문A2-11) 프로그램 불만족 요인(중복응답)__(3)직업능력향상교육_3-1,문A2-11) 프로그램 불만족 요인(중복응답)__(3)직업능력향상교육_3-1
문A2-10) 프로그램만족도__(3)직업능력향상교육_2,문A2-10) 프로그램만족도__(3)직업능력향상교육_2,문A2-10) 프로그램만족도__(3)직업능력향상교육_2,문A2-10) 프로그램만족도__(3)직업능력향상교육_2,문A2-10) 프로그램만족도__(3)직업능력향상교육_2
문A2-11) 프로그램 불만족 요인(중복응답)__(3)직업능력향상교육_3-4,문A2-11) 프로그램 불만족 요인(중복응답)__(3)직업능력향상교육_3-4,문A2-11) 프로그램 불만족 요인(중복응답)__(3)직업능력향상교육_3-4,문A2-11) 프로그램 불만족 요인(중복응답)__(3)직업능력향상교육_3-4,문A2-11) 프로그램 불만족 요인(중복응답)__(3)직업능력향상교육_3-4
문A2-11) 프로그램 불만족 요인(중복응답)__(3)직업능력향상교육_3-6,문A2-11) 프로그램 불만족 요인(중복응답)__(3)직업능력향상교육_3-6,문A2-11) 프로그램 불만족 요인(중복응답)__(3)직업능력향상교육_3-6,문A2-11) 프로그램 불만족 요인(중복응답)__(3)직업능력향상교육_3-6,문A2-11) 프로그램 불만족 요인(중복응답)__(3)직업능력향상교육_3-6
문A2-11) 프로그램 불만족 요인(중복응답)__(3)직업능력향상교육_2-4,문A2-11) 프로그램 불만족 요인(중복응답)__(3)직업능력향상교육_2-4,문A2-11) 프로그램 불만족 요인(중복응답)__(3)직업능력향상교육_2-4,문A2-11) 프로그램 불만족 요인(중복응답)__(3)직업능력향상교육_2-4,문A2-11) 프로그램 불만족 요인(중복응답)__(3)직업능력향상교육_2-4
문A2-3) 기관 유형__(4)인문교양교육_1,문A2-3) 기관 유형__(4)인문교양교육_1,문A2-3) 기관 유형__(4)인문교양교육_1,문A2-3) 기관 유형__(4)인문교양교육_1,문A2-3) 기관 유형__(4)인문교양교육_1
문A2-11) 프로그램 불만족 요인(중복응답)__(3)직업능력향상교육_2-6,문A2-11) 프로그램 불만족 요인(중복응답)__(3)직업능력향상교육_2-6,문A2-11) 프로그램 불만족 요인(중복응답)__(3)직업능력향상교육_2-6,문A2-11) 프로그램 불만족 요인(중복응답)__(3)직업능력향상교육_2-6,문A2-11) 프로그램 불만족 요인(중복응답)__(3)직업능력향상교육_2-6
문A2-11) 프로그램 불만족 요인(중복응답)__(3)직업능력향상교육_2-7,문A2-11) 프로그램 불만족 요인(중복응답)__(3)직업능력향상교육_2-7,문A2-11) 프로그램 불만족 요인(중복응답)__(3)직업능력향상교육_2-7,문A2-11) 프로그램 불만족 요인(중복응답)__(3)직업능력향상교육_2-7,0
문A2-6) 연간참여시간__(4)인문교양교육_1,문A2-6) 연간참여시간__(4)인문교양교육_1,문A2-6) 연간참여시간__(4)인문교양교육_1,문A2-6) 연간참여시간__(4)인문교양교육_1,문A2-6) 연간참여시간__(4)인문교양교육_1
문A2-8) 학습비 외부 지원여부__(4)인문교양교육_1,문A2-8) 학습비 외부 지원여부__(4)인문교양교육_1,문A2-8) 학습비 외부 지원여부__(4)인문교양교육_1,문A2-8) 학습비 외부 지원여부__(4)인문교양교육_1,문A2-8) 학습비 외부 지원여부__(4)인문교양교육_1
문A2-9) 학습비 외부 지원기관__(4)인문교양교육_1,문A2-9) 학습비 외부 지원기관__(4)인문교양교육_1,문A2-9) 학습비 외부 지원기관__(4)인문교양교육_1,문A2-9) 학습비 외부 지원기관__(4)인문교양교육_1,문A2-9) 학습비 외부 지원기관__(4)인문교양교육_1
문A2-3) 기관 유형__(3)직업능력향상교육_3,문A2-3) 기관 유형__(3)직업능력향상교육_3,문A2-3) 기관 유형__(3)직업능력향상교육_3,문A2-3) 기관 유형__(3)직업능력향상교육_3,문A2-3) 기관 유형__(3)직업능력향상교육_3
문A2-11) 프로그램 불만족 요인(중복응답)__(4)인문교양교육_1-1,문A2-11) 프로그램 불만족 요인(중복응답)__(4)인문교양교육_1-1,문A2-11) 프로그램 불만족 요인(중복응답)__(4)인문교양교육_1-1,문A2-11) 프로그램 불만족 요인(중복응답)__(4)인문교양교육_1-1,문A2-11) 프로그램 불만족 요인(중복응답)__(4)인문교양교육_1-1
문A2-11) 프로그램 불만족 요인(중복응답)__(4)인문교양교육_1-2,문A2-11) 프로그램 불만족 요인(중복응답)__(4)인문교양교육_1-2,문A2-11) 프로그램 불만족 요인(중복응답)__(4)인문교양교육_1-2,문A2-11) 프로그램 불만족 요인(중복응답)__(4)인문교양교육_1-2,문A2-11) 프로그램 불만족 요인(중복응답)__(4)인문교양교육_1-2
문A2-11) 프로그램 불만족 요인(중복응답)__(4)인문교양교육_1-3,문A2-11) 프로그램 불만족 요인(중복응답)__(4)인문교양교육_1-3,문A2-11) 프로그램 불만족 요인(중복응답)__(4)인문교양교육_1-3,문A2-11) 프로그램 불만족 요인(중복응답)__(4)인문교양교육_1-3,문A2-11) 프로그램 불만족 요인(중복응답)__(4)인문교양교육_1-3
문A2-11) 프로그램 불만족 요인(중복응답)__(4)인문교양교육_1-4,문A2-11) 프로그램 불만족 요인(중복응답)__(4)인문교양교육_1-4,문A2-11) 프로그램 불만족 요인(중복응답)__(4)인문교양교육_1-4,문A2-11) 프로그램 불만족 요인(중복응답)__(4)인문교양교육_1-4,문A2-11) 프로그램 불만족 요인(중복응답)__(4)인문교양교육_1-4
문A2-11) 프로그램 불만족 요인(중복응답)__(4)인문교양교육_1-6,문A2-11) 프로그램 불만족 요인(중복응답)__(4)인문교양교육_1-6,문A2-11) 프로그램 불만족 요인(중복응답)__(4)인문교양교육_1-6,문A2-11) 프로그램 불만족 요인(중복응답)__(4)인문교양교육_1-6,문A2-11) 프로그램 불만족 요인(중복응답)__(4)인문교양교육_1-6
문A2-2) 프로그램 형태__(4)인문교양교육_2,문A2-2) 프로그램 형태__(4)인문교양교육_2,문A2-2) 프로그램 형태__(4)인문교양교육_2,문A2-2) 프로그램 형태__(4)인문교양교육_2,문A2-2) 프로그램 형태__(4)인문교양교육_2
문A2-5) 참여목적__(4)인문교양교육_2,문A2-5) 참여목적__(4)인문교양교육_2,문A2-5) 참여목적__(4)인문교양교육_2,문A2-5) 참여목적__(4)인문교양교육_2,문A2-5) 참여목적__(4)인문교양교육_2
문A2-7) 자기부담학습비__(4)인문교양교육_2,문A2-7) 자기부담학습비__(4)인문교양교육_2,문A2-7) 자기부담학습비__(4)인문교양교육_2,문A2-7) 자기부담학습비__(4)인문교양교육_2,문A2-7) 자기부담학습비__(4)인문교양교육_2
문A2-11) 프로그램 불만족 요인(중복응답)__(3)직업능력향상교육_3-2,문A2-11) 프로그램 불만족 요인(중복응답)__(3)직업능력향상교육_3-2,문A2-11) 프로그램 불만족 요인(중복응답)__(3)직업능력향상교육_3-2,문A2-11) 프로그램 불만족 요인(중복응답)__(3)직업능력향상교육_3-2,문A2-11) 프로그램 불만족 요인(중복응답)__(3)직업능력향상교육_3-2
문A2-9) 학습비 외부 지원기관__(4)인문교양교육_2,문A2-9) 학습비 외부 지원기관__(4)인문교양교육_2,문A2-9) 학습비 외부 지원기관__(4)인문교양교육_2,문A2-9) 학습비 외부 지원기관__(4)인문교양교육_2,문A2-9) 학습비 외부 지원기관__(4)인문교양교육_2
문A2-11) 프로그램 불만족 요인(중복응답)__(3)직업능력향상교육_3-3,문A2-11) 프로그램 불만족 요인(중복응답)__(3)직업능력향상교육_3-3,문A2-11) 프로그램 불만족 요인(중복응답)__(3)직업능력향상교육_3-3,문A2-11) 프로그램 불만족 요인(중복응답)__(3)직업능력향상교육_3-3,문A2-11) 프로그램 불만족 요인(중복응답)__(3)직업능력향상교육_3-3
문A2-8) 학습비 외부 지원여부__(3)직업능력향상교육_2,문A2-8) 학습비 외부 지원여부__(3)직업능력향상교육_2,문A2-8) 학습비 외부 지원여부__(3)직업능력향상교육_2,문A2-8) 학습비 외부 지원여부__(3)직업능력향상교육_2,문A2-8) 학습비 외부 지원여부__(3)직업능력향상교육_2
문A2-10) 프로그램만족도__(4)인문교양교육_2,문A2-10) 프로그램만족도__(4)인문교양교육_2,문A2-10) 프로그램만족도__(4)인문교양교육_2,문A2-10) 프로그램만족도__(4)인문교양교육_2,문A2-10) 프로그램만족도__(4)인문교양교육_2
문A2-11) 프로그램 불만족 요인(중복응답)__(4)인문교양교육_2-1,문A2-11) 프로그램 불만족 요인(중복응답)__(4)인문교양교육_2-1,문A2-11) 프로그램 불만족 요인(중복응답)__(4)인문교양교육_2-1,문A2-11) 프로그램 불만족 요인(중복응답)__(4)인문교양교육_2-1,문A2-11) 프로그램 불만족 요인(중복응답)__(4)인문교양교육_2-1
문A2-11) 프로그램 불만족 요인(중복응답)__(4)인문교양교육_2-3,문A2-11) 프로그램 불만족 요인(중복응답)__(4)인문교양교육_2-3,문A2-11) 프로그램 불만족 요인(중복응답)__(4)인문교양교육_2-3,문A2-11) 프로그램 불만족 요인(중복응답)__(4)인문교양교육_2-3,문A2-11) 프로그램 불만족 요인(중복응답)__(4)인문교양교육_2-3
문A2-11) 프로그램 불만족 요인(중복응답)__(4)인문교양교육_2-4,문A2-11) 프로그램 불만족 요인(중복응답)__(4)인문교양교육_2-4,문A2-11) 프로그램 불만족 요인(중복응답)__(4)인문교양교육_2-4,문A2-11) 프로그램 불만족 요인(중복응답)__(4)인문교양교육_2-4,문A2-11) 프로그램 불만족 요인(중복응답)__(4)인문교양교육_2-4
문A2-11) 프로그램 불만족 요인(중복응답)__(4)인문교양교육_2-6,문A2-11) 프로그램 불만족 요인(중복응답)__(4)인문교양교육_2-6,문A2-11) 프로그램 불만족 요인(중복응답)__(4)인문교양교육_2-6,문A2-11) 프로그램 불만족 요인(중복응답)__(4)인문교양교육_2-6,문A2-11) 프로그램 불만족 요인(중복응답)__(4)인문교양교육_2-6
문A2-8) 학습비 외부 지원여부__(3)직업능력향상교육_3,문A2-8) 학습비 외부 지원여부__(3)직업능력향상교육_3,문A2-8) 학습비 외부 지원여부__(3)직업능력향상교육_3,문A2-8) 학습비 외부 지원여부__(3)직업능력향상교육_3,문A2-8) 학습비 외부 지원여부__(3)직업능력향상교육_3
문A2-5) 참여목적__(4)인문교양교육_3,문A2-5) 참여목적__(4)인문교양교육_3,문A2-5) 참여목적__(4)인문교양교육_3,문A2-5) 참여목적__(4)인문교양교육_3,문A2-5) 참여목적__(4)인문교양교육_3
문A2-11) 프로그램 불만족 요인(중복응답)__(3)직업능력향상교육_3-5,문A2-11) 프로그램 불만족 요인(중복응답)__(3)직업능력향상교육_3-5,문A2-11) 프로그램 불만족 요인(중복응답)__(3)직업능력향상교육_3-5,문A2-11) 프로그램 불만족 요인(중복응답)__(3)직업능력향상교육_3-5,문A2-11) 프로그램 불만족 요인(중복응답)__(3)직업능력향상교육_3-5
문A2-7) 자기부담학습비__(4)인문교양교육_3,문A2-7) 자기부담학습비__(4)인문교양교육_3,문A2-7) 자기부담학습비__(4)인문교양교육_3,문A2-7) 자기부담학습비__(4)인문교양교육_3,문A2-7) 자기부담학습비__(4)인문교양교육_3
문A2-11) 프로그램 불만족 요인(중복응답)__(3)직업능력향상교육_3-7,문A2-11) 프로그램 불만족 요인(중복응답)__(3)직업능력향상교육_3-7,문A2-11) 프로그램 불만족 요인(중복응답)__(3)직업능력향상교육_3-7,문A2-11) 프로그램 불만족 요인(중복응답)__(3)직업능력향상교육_3-7,0
문A2-8) 학습비 외부 지원여부__(4)인문교양교육_3,문A2-8) 학습비 외부 지원여부__(4)인문교양교육_3,문A2-8) 학습비 외부 지원여부__(4)인문교양교육_3,문A2-8) 학습비 외부 지원여부__(4)인문교양교육_3,문A2-8) 학습비 외부 지원여부__(4)인문교양교육_3
문A2-9) 학습비 외부 지원기관__(4)인문교양교육_3,문A2-9) 학습비 외부 지원기관__(4)인문교양교육_3,문A2-9) 학습비 외부 지원기관__(4)인문교양교육_3,문A2-9) 학습비 외부 지원기관__(4)인문교양교육_3,문A2-9) 학습비 외부 지원기관__(4)인문교양교육_3
문A2-8) 학습비 외부 지원여부__(4)인문교양교육_2,문A2-8) 학습비 외부 지원여부__(4)인문교양교육_2,문A2-8) 학습비 외부 지원여부__(4)인문교양교육_2,문A2-8) 학습비 외부 지원여부__(4)인문교양교육_2,문A2-8) 학습비 외부 지원여부__(4)인문교양교육_2
문A2-11) 프로그램 불만족 요인(중복응답)__(4)인문교양교육_3-1,문A2-11) 프로그램 불만족 요인(중복응답)__(4)인문교양교육_3-1,문A2-11) 프로그램 불만족 요인(중복응답)__(4)인문교양교육_3-1,문A2-11) 프로그램 불만족 요인(중복응답)__(4)인문교양교육_3-1,문A2-11) 프로그램 불만족 요인(중복응답)__(4)인문교양교육_3-1
문A2-11) 프로그램 불만족 요인(중복응답)__(4)인문교양교육_3-2,문A2-11) 프로그램 불만족 요인(중복응답)__(4)인문교양교육_3-2,문A2-11) 프로그램 불만족 요인(중복응답)__(4)인문교양교육_3-2,문A2-11) 프로그램 불만족 요인(중복응답)__(4)인문교양교육_3-2,문A2-11) 프로그램 불만족 요인(중복응답)__(4)인문교양교육_3-2
문A2-11) 프로그램 불만족 요인(중복응답)__(4)인문교양교육_3-3,문A2-11) 프로그램 불만족 요인(중복응답)__(4)인문교양교육_3-3,문A2-11) 프로그램 불만족 요인(중복응답)__(4)인문교양교육_3-3,문A2-11) 프로그램 불만족 요인(중복응답)__(4)인문교양교육_3-3,문A2-11) 프로그램 불만족 요인(중복응답)__(4)인문교양교육_3-3
문A2-11) 프로그램 불만족 요인(중복응답)__(4)인문교양교육_3-5,문A2-11) 프로그램 불만족 요인(중복응답)__(4)인문교양교육_3-5,문A2-11) 프로그램 불만족 요인(중복응답)__(4)인문교양교육_3-5,문A2-11) 프로그램 불만족 요인(중복응답)__(4)인문교양교육_3-5,문A2-11) 프로그램 불만족 요인(중복응답)__(4)인문교양교육_3-5
문A2-1) 프로그램 유형__(5)문화예술스포츠교육_1,문A2-1) 프로그램 유형__(5)문화예술스포츠교육_1,문A2-1) 프로그램 유형__(5)문화예술스포츠교육_1,문A2-1) 프로그램 유형__(5)문화예술스포츠교육_1,문A2-1) 프로그램 유형__(5)문화예술스포츠교육_1
문A2-11) 프로그램 불만족 요인(중복응답)__(4)인문교양교육_2-2,문A2-11) 프로그램 불만족 요인(중복응답)__(4)인문교양교육_2-2,문A2-11) 프로그램 불만족 요인(중복응답)__(4)인문교양교육_2-2,문A2-11) 프로그램 불만족 요인(중복응답)__(4)인문교양교육_2-2,문A2-11) 프로그램 불만족 요인(중복응답)__(4)인문교양교육_2-2
문A2-2) 프로그램 형태__(5)문화예술스포츠교육_1,문A2-2) 프로그램 형태__(5)문화예술스포츠교육_1,문A2-2) 프로그램 형태__(5)문화예술스포츠교육_1,문A2-2) 프로그램 형태__(5)문화예술스포츠교육_1,문A2-2) 프로그램 형태__(5)문화예술스포츠교육_1
문A2-5) 참여목적__(5)문화예술스포츠교육_1,문A2-5) 참여목적__(5)문화예술스포츠교육_1,문A2-5) 참여목적__(5)문화예술스포츠교육_1,문A2-5) 참여목적__(5)문화예술스포츠교육_1,문A2-5) 참여목적__(5)문화예술스포츠교육_1
문A2-11) 프로그램 불만족 요인(중복응답)__(4)인문교양교육_2-5,문A2-11) 프로그램 불만족 요인(중복응답)__(4)인문교양교육_2-5,문A2-11) 프로그램 불만족 요인(중복응답)__(4)인문교양교육_2-5,문A2-11) 프로그램 불만족 요인(중복응답)__(4)인문교양교육_2-5,문A2-11) 프로그램 불만족 요인(중복응답)__(4)인문교양교육_2-5
문A2-7) 자기부담학습비__(5)문화예술스포츠교육_1,문A2-7) 자기부담학습비__(5)문화예술스포츠교육_1,문A2-7) 자기부담학습비__(5)문화예술스포츠교육_1,0,문A2-7) 자기부담학습비__(5)문화예술스포츠교육_1
문A2-9) 학습비 외부 지원기관__(5)문화예술스포츠교육_1,문A2-9) 학습비 외부 지원기관__(5)문화예술스포츠교육_1,문A2-9) 학습비 외부 지원기관__(5)문화예술스포츠교육_1,문A2-9) 학습비 외부 지원기관__(5)문화예술스포츠교육_1,문A2-9) 학습비 외부 지원기관__(5)문화예술스포츠교육_1
문A2-11) 프로그램 불만족 요인(중복응답)__(4)인문교양교육_2-7,문A2-11) 프로그램 불만족 요인(중복응답)__(4)인문교양교육_2-7,문A2-11) 프로그램 불만족 요인(중복응답)__(4)인문교양교육_2-7,문A2-11) 프로그램 불만족 요인(중복응답)__(4)인문교양교육_2-7,0
문A2-1) 프로그램 유형__(4)인문교양교육_3,문A2-1) 프로그램 유형__(4)인문교양교육_3,문A2-1) 프로그램 유형__(4)인문교양교육_3,문A2-1) 프로그램 유형__(4)인문교양교육_3,문A2-1) 프로그램 유형__(4)인문교양교육_3
문A2-10) 프로그램만족도__(5)문화예술스포츠교육_1,문A2-10) 프로그램만족도__(5)문화예술스포츠교육_1,문A2-10) 프로그램만족도__(5)문화예술스포츠교육_1,문A2-10) 프로그램만족도__(5)문화예술스포츠교육_1,문A2-10) 프로그램만족도__(5)문화예술스포츠교육_1
문A2-11) 프로그램 불만족 요인(중복응답)__(5)문화예술스포츠교육_1-1,문A2-11) 프로그램 불만족 요인(중복응답)__(5)문화예술스포츠교육_1-1,문A2-11) 프로그램 불만족 요인(중복응답)__(5)문화예술스포츠교육_1-1,문A2-11) 프로그램 불만족 요인(중복응답)__(5)문화예술스포츠교육_1-1,문A2-11) 프로그램 불만족 요인(중복응답)__(5)문화예술스포츠교육_1-1
문A2-2) 프로그램 형태__(4)인문교양교육_3,문A2-2) 프로그램 형태__(4)인문교양교육_3,문A2-2) 프로그램 형태__(4)인문교양교육_3,문A2-2) 프로그램 형태__(4)인문교양교육_3,문A2-2) 프로그램 형태__(4)인문교양교육_3
문A2-11) 프로그램 불만족 요인(중복응답)__(5)문화예술스포츠교육_1-3,문A2-11) 프로그램 불만족 요인(중복응답)__(5)문화예술스포츠교육_1-3,문A2-11) 프로그램 불만족 요인(중복응답)__(5)문화예술스포츠교육_1-3,문A2-11) 프로그램 불만족 요인(중복응답)__(5)문화예술스포츠교육_1-3,문A2-11) 프로그램 불만족 요인(중복응답)__(5)문화예술스포츠교육_1-3
문A2-3) 기관 유형__(4)인문교양교육_3,문A2-3) 기관 유형__(4)인문교양교육_3,문A2-3) 기관 유형__(4)인문교양교육_3,문A2-3) 기관 유형__(4)인문교양교육_3,문A2-3) 기관 유형__(4)인문교양교육_3
문A2-1) 프로그램 유형__(4)인문교양교육_1,문A2-1) 프로그램 유형__(4)인문교양교육_1,문A2-1) 프로그램 유형__(4)인문교양교육_1,문A2-1) 프로그램 유형__(4)인문교양교육_1,문A2-1) 프로그램 유형__(4)인문교양교육_1
문A2-11) 프로그램 불만족 요인(중복응답)__(5)문화예술스포츠교육_1-6,문A2-11) 프로그램 불만족 요인(중복응답)__(5)문화예술스포츠교육_1-6,문A2-11) 프로그램 불만족 요인(중복응답)__(5)문화예술스포츠교육_1-6,문A2-11) 프로그램 불만족 요인(중복응답)__(5)문화예술스포츠교육_1-6,문A2-11) 프로그램 불만족 요인(중복응답)__(5)문화예술스포츠교육_1-6
문A2-1) 프로그램 유형__(5)문화예술스포츠교육_2,문A2-1) 프로그램 유형__(5)문화예술스포츠교육_2,문A2-1) 프로그램 유형__(5)문화예술스포츠교육_2,문A2-1) 프로그램 유형__(5)문화예술스포츠교육_2,문A2-1) 프로그램 유형__(5)문화예술스포츠교육_2
문A2-2) 프로그램 형태__(4)인문교양교육_1,문A2-2) 프로그램 형태__(4)인문교양교육_1,문A2-2) 프로그램 형태__(4)인문교양교육_1,문A2-2) 프로그램 형태__(4)인문교양교육_1,문A2-2) 프로그램 형태__(4)인문교양교육_1
문A2-3) 기관 유형__(5)문화예술스포츠교육_2,문A2-3) 기관 유형__(5)문화예술스포츠교육_2,문A2-3) 기관 유형__(5)문화예술스포츠교육_2,문A2-3) 기관 유형__(5)문화예술스포츠교육_2,문A2-3) 기관 유형__(5)문화예술스포츠교육_2
문A2-6) 연간참여시간__(4)인문교양교육_3,문A2-6) 연간참여시간__(4)인문교양교육_3,문A2-6) 연간참여시간__(4)인문교양교육_3,문A2-6) 연간참여시간__(4)인문교양교육_3,문A2-6) 연간참여시간__(4)인문교양교육_3
문A2-5) 참여목적__(4)인문교양교육_1,문A2-5) 참여목적__(4)인문교양교육_1,문A2-5) 참여목적__(4)인문교양교육_1,문A2-5) 참여목적__(4)인문교양교육_1,문A2-5) 참여목적__(4)인문교양교육_1
문A2-8) 학습비 외부 지원여부__(5)문화예술스포츠교육_2,문A2-8) 학습비 외부 지원여부__(5)문화예술스포츠교육_2,문A2-8) 학습비 외부 지원여부__(5)문화예술스포츠교육_2,문A2-8) 학습비 외부 지원여부__(5)문화예술스포츠교육_2,문A2-8) 학습비 외부 지원여부__(5)문화예술스포츠교육_2
문A2-9) 학습비 외부 지원기관__(5)문화예술스포츠교육_2,문A2-9) 학습비 외부 지원기관__(5)문화예술스포츠교육_2,문A2-9) 학습비 외부 지원기관__(5)문화예술스포츠교육_2,문A2-9) 학습비 외부 지원기관__(5)문화예술스포츠교육_2,문A2-9) 학습비 외부 지원기관__(5)문화예술스포츠교육_2
문A2-7) 자기부담학습비__(4)인문교양교육_1,문A2-7) 자기부담학습비__(4)인문교양교육_1,문A2-7) 자기부담학습비__(4)인문교양교육_1,0,문A2-7) 자기부담학습비__(4)인문교양교육_1
문A2-11) 프로그램 불만족 요인(중복응답)__(5)문화예술스포츠교육_2-1,문A2-11) 프로그램 불만족 요인(중복응답)__(5)문화예술스포츠교육_2-1,문A2-11) 프로그램 불만족 요인(중복응답)__(5)문화예술스포츠교육_2-1,문A2-11) 프로그램 불만족 요인(중복응답)__(5)문화예술스포츠교육_2-1,문A2-11) 프로그램 불만족 요인(중복응답)__(5)문화예술스포츠교육_2-1
문A2-11) 프로그램 불만족 요인(중복응답)__(5)문화예술스포츠교육_2-4,문A2-11) 프로그램 불만족 요인(중복응답)__(5)문화예술스포츠교육_2-4,문A2-11) 프로그램 불만족 요인(중복응답)__(5)문화예술스포츠교육_2-4,문A2-11) 프로그램 불만족 요인(중복응답)__(5)문화예술스포츠교육_2-4,문A2-11) 프로그램 불만족 요인(중복응답)__(5)문화예술스포츠교육_2-4
문A2-1) 프로그램 유형__(5)문화예술스포츠교육_3,0,문A2-1) 프로그램 유형__(5)문화예술스포츠교육_3,문A2-1) 프로그램 유형__(5)문화예술스포츠교육_3,문A2-1) 프로그램 유형__(5)문화예술스포츠교육_3
문A2-11) 프로그램 불만족 요인(중복응답)__(4)인문교양교육_3-7,문A2-11) 프로그램 불만족 요인(중복응답)__(4)인문교양교육_3-7,문A2-11) 프로그램 불만족 요인(중복응답)__(4)인문교양교육_3-7,문A2-11) 프로그램 불만족 요인(중복응답)__(4)인문교양교육_3-7,0
문A2-10) 프로그램만족도__(4)인문교양교육_1,문A2-10) 프로그램만족도__(4)인문교양교육_1,문A2-10) 프로그램만족도__(4)인문교양교육_1,문A2-10) 프로그램만족도__(4)인문교양교육_1,문A2-10) 프로그램만족도__(4)인문교양교육_1
문A2-3) 기관 유형__(5)문화예술스포츠교육_3,0,문A2-3) 기관 유형__(5)문화예술스포츠교육_3,문A2-3) 기관 유형__(5)문화예술스포츠교육_3,문A2-3) 기관 유형__(5)문화예술스포츠교육_3
문A2-5) 참여목적__(5)문화예술스포츠교육_3,0,문A2-5) 참여목적__(5)문화예술스포츠교육_3,문A2-5) 참여목적__(5)문화예술스포츠교육_3,문A2-5) 참여목적__(5)문화예술스포츠교육_3
문A2-3) 기관 유형__(5)문화예술스포츠교육_1,문A2-3) 기관 유형__(5)문화예술스포츠교육_1,문A2-3) 기관 유형__(5)문화예술스포츠교육_1,문A2-3) 기관 유형__(5)문화예술스포츠교육_1,문A2-3) 기관 유형__(5)문화예술스포츠교육_1
문A2-8) 학습비 외부 지원여부__(5)문화예술스포츠교육_3,0,문A2-8) 학습비 외부 지원여부__(5)문화예술스포츠교육_3,문A2-8) 학습비 외부 지원여부__(5)문화예술스포츠교육_3,문A2-8) 학습비 외부 지원여부__(5)문화예술스포츠교육_3
문A2-9) 학습비 외부 지원기관__(5)문화예술스포츠교육_3,0,문A2-9) 학습비 외부 지원기관__(5)문화예술스포츠교육_3,문A2-9) 학습비 외부 지원기관__(5)문화예술스포츠교육_3,문A2-9) 학습비 외부 지원기관__(5)문화예술스포츠교육_3
문A2-6) 연간참여시간__(5)문화예술스포츠교육_1,문A2-6) 연간참여시간__(5)문화예술스포츠교육_1,문A2-6) 연간참여시간__(5)문화예술스포츠교육_1,문A2-6) 연간참여시간__(5)문화예술스포츠교육_1,문A2-6) 연간참여시간__(5)문화예술스포츠교육_1
문A2-10) 프로그램만족도__(5)문화예술스포츠교육_3,0,문A2-10) 프로그램만족도__(5)문화예술스포츠교육_3,문A2-10) 프로그램만족도__(5)문화예술스포츠교육_3,문A2-10) 프로그램만족도__(5)문화예술스포츠교육_3
문A2-11) 프로그램 불만족 요인(중복응답)__(5)문화예술스포츠교육_3-2,0,문A2-11) 프로그램 불만족 요인(중복응답)__(5)문화예술스포츠교육_3-2,문A2-11) 프로그램 불만족 요인(중복응답)__(5)문화예술스포츠교육_3-2,문A2-11) 프로그램 불만족 요인(중복응답)__(5)문화예술스포츠교육_3-2
문A2-11) 프로그램 불만족 요인(중복응답)__(5)문화예술스포츠교육_3-3,0,문A2-11) 프로그램 불만족 요인(중복응답)__(5)문화예술스포츠교육_3-3,문A2-11) 프로그램 불만족 요인(중복응답)__(5)문화예술스포츠교육_3-3,문A2-11) 프로그램 불만족 요인(중복응답)__(5)문화예술스포츠교육_3-3
문A2-11) 프로그램 불만족 요인(중복응답)__(4)인문교양교육_1-5,문A2-11) 프로그램 불만족 요인(중복응답)__(4)인문교양교육_1-5,문A2-11) 프로그램 불만족 요인(중복응답)__(4)인문교양교육_1-5,문A2-11) 프로그램 불만족 요인(중복응답)__(4)인문교양교육_1-5,문A2-11) 프로그램 불만족 요인(중복응답)__(4)인문교양교육_1-5
문A2-11) 프로그램 불만족 요인(중복응답)__(5)문화예술스포츠교육_3-5,0,문A2-11) 프로그램 불만족 요인(중복응답)__(5)문화예술스포츠교육_3-5,문A2-11) 프로그램 불만족 요인(중복응답)__(5)문화예술스포츠교육_3-5,문A2-11) 프로그램 불만족 요인(중복응답)__(5)문화예술스포츠교육_3-5
문A2-1) 프로그램 유형__(6)시민참여교육_1,문A2-1) 프로그램 유형__(6)시민참여교육_1,문A2-1) 프로그램 유형__(6)시민참여교육_1,문A2-1) 프로그램 유형__(6)시민참여교육_1,문A2-1) 프로그램 유형__(6)시민참여교육_1
문A2-2) 프로그램 형태__(6)시민참여교육_1,문A2-2) 프로그램 형태__(6)시민참여교육_1,문A2-2) 프로그램 형태__(6)시민참여교육_1,문A2-2) 프로그램 형태__(6)시민참여교육_1,문A2-2) 프로그램 형태__(6)시민참여교육_1
문A2-11) 프로그램 불만족 요인(중복응답)__(4)인문교양교육_1-7,문A2-11) 프로그램 불만족 요인(중복응답)__(4)인문교양교육_1-7,문A2-11) 프로그램 불만족 요인(중복응답)__(4)인문교양교육_1-7,문A2-11) 프로그램 불만족 요인(중복응답)__(4)인문교양교육_1-7,0
문A2-5) 참여목적__(6)시민참여교육_1,문A2-5) 참여목적__(6)시민참여교육_1,문A2-5) 참여목적__(6)시민참여교육_1,문A2-5) 참여목적__(6)시민참여교육_1,문A2-5) 참여목적__(6)시민참여교육_1
문A2-11) 프로그램 불만족 요인(중복응답)__(5)문화예술스포츠교육_1-2,문A2-11) 프로그램 불만족 요인(중복응답)__(5)문화예술스포츠교육_1-2,문A2-11) 프로그램 불만족 요인(중복응답)__(5)문화예술스포츠교육_1-2,문A2-11) 프로그램 불만족 요인(중복응답)__(5)문화예술스포츠교육_1-2,문A2-11) 프로그램 불만족 요인(중복응답)__(5)문화예술스포츠교육_1-2
문A2-1) 프로그램 유형__(4)인문교양교육_2,문A2-1) 프로그램 유형__(4)인문교양교육_2,문A2-1) 프로그램 유형__(4)인문교양교육_2,문A2-1) 프로그램 유형__(4)인문교양교육_2,문A2-1) 프로그램 유형__(4)인문교양교육_2
문A2-7) 자기부담학습비__(6)시민참여교육_1,문A2-7) 자기부담학습비__(6)시민참여교육_1,문A2-7) 자기부담학습비__(6)시민참여교육_1,문A2-7) 자기부담학습비__(6)시민참여교육_1,문A2-7) 자기부담학습비__(6)시민참여교육_1
문A2-11) 프로그램 불만족 요인(중복응답)__(5)문화예술스포츠교육_1-4,문A2-11) 프로그램 불만족 요인(중복응답)__(5)문화예술스포츠교육_1-4,문A2-11) 프로그램 불만족 요인(중복응답)__(5)문화예술스포츠교육_1-4,문A2-11) 프로그램 불만족 요인(중복응답)__(5)문화예술스포츠교육_1-4,문A2-11) 프로그램 불만족 요인(중복응답)__(5)문화예술스포츠교육_1-4
문A2-3) 기관 유형__(4)인문교양교육_2,문A2-3) 기관 유형__(4)인문교양교육_2,문A2-3) 기관 유형__(4)인문교양교육_2,문A2-3) 기관 유형__(4)인문교양교육_2,문A2-3) 기관 유형__(4)인문교양교육_2
문A2-11) 프로그램 불만족 요인(중복응답)__(6)시민참여교육_1-1,문A2-11) 프로그램 불만족 요인(중복응답)__(6)시민참여교육_1-1,문A2-11) 프로그램 불만족 요인(중복응답)__(6)시민참여교육_1-1,문A2-11) 프로그램 불만족 요인(중복응답)__(6)시민참여교육_1-1,문A2-11) 프로그램 불만족 요인(중복응답)__(6)시민참여교육_1-1
문A2-11) 프로그램 불만족 요인(중복응답)__(6)시민참여교육_1-3,문A2-11) 프로그램 불만족 요인(중복응답)__(6)시민참여교육_1-3,문A2-11) 프로그램 불만족 요인(중복응답)__(6)시민참여교육_1-3,문A2-11) 프로그램 불만족 요인(중복응답)__(6)시민참여교육_1-3,문A2-11) 프로그램 불만족 요인(중복응답)__(6)시민참여교육_1-3
문A2-2) 프로그램 형태__(5)문화예술스포츠교육_2,문A2-2) 프로그램 형태__(5)문화예술스포츠교육_2,문A2-2) 프로그램 형태__(5)문화예술스포츠교육_2,문A2-2) 프로그램 형태__(5)문화예술스포츠교육_2,문A2-2) 프로그램 형태__(5)문화예술스포츠교육_2
문A2-6) 연간참여시간__(4)인문교양교육_2,문A2-6) 연간참여시간__(4)인문교양교육_2,문A2-6) 연간참여시간__(4)인문교양교육_2,0,문A2-6) 연간참여시간__(4)인문교양교육_2
문A2-1) 프로그램 유형__(6)시민참여교육_2,문A2-1) 프로그램 유형__(6)시민참여교육_2,문A2-1) 프로그램 유형__(6)시민참여교육_2,문A2-1) 프로그램 유형__(6)시민참여교육_2,문A2-1) 프로그램 유형__(6)시민참여교육_2
문A2-5) 참여목적__(5)문화예술스포츠교육_2,문A2-5) 참여목적__(5)문화예술스포츠교육_2,문A2-5) 참여목적__(5)문화예술스포츠교육_2,문A2-5) 참여목적__(5)문화예술스포츠교육_2,문A2-5) 참여목적__(5)문화예술스포츠교육_2
문A2-2) 프로그램 형태__(6)시민참여교육_2,문A2-2) 프로그램 형태__(6)시민참여교육_2,문A2-2) 프로그램 형태__(6)시민참여교육_2,문A2-2) 프로그램 형태__(6)시민참여교육_2,문A2-2) 프로그램 형태__(6)시민참여교육_2
문A2-3) 기관 유형__(6)시민참여교육_2,문A2-3) 기관 유형__(6)시민참여교육_2,문A2-3) 기관 유형__(6)시민참여교육_2,문A2-3) 기관 유형__(6)시민참여교육_2,문A2-3) 기관 유형__(6)시민참여교육_2
문A2-5) 참여목적__(6)시민참여교육_2,문A2-5) 참여목적__(6)시민참여교육_2,문A2-5) 참여목적__(6)시민참여교육_2,문A2-5) 참여목적__(6)시민참여교육_2,문A2-5) 참여목적__(6)시민참여교육_2
문A2-7) 자기부담학습비__(5)문화예술스포츠교육_2,문A2-7) 자기부담학습비__(5)문화예술스포츠교육_2,문A2-7) 자기부담학습비__(5)문화예술스포츠교육_2,문A2-7) 자기부담학습비__(5)문화예술스포츠교육_2,문A2-7) 자기부담학습비__(5)문화예술스포츠교육_2
문A2-6) 연간참여시간__(6)시민참여교육_2,문A2-6) 연간참여시간__(6)시민참여교육_2,문A2-6) 연간참여시간__(6)시민참여교육_2,문A2-6) 연간참여시간__(6)시민참여교육_2,문A2-6) 연간참여시간__(6)시민참여교육_2
문A2-8) 학습비 외부 지원여부__(6)시민참여교육_2,문A2-8) 학습비 외부 지원여부__(6)시민참여교육_2,문A2-8) 학습비 외부 지원여부__(6)시민참여교육_2,문A2-8) 학습비 외부 지원여부__(6)시민참여교육_2,문A2-8) 학습비 외부 지원여부__(6)시민참여교육_2
문A2-9) 학습비 외부 지원기관__(6)시민참여교육_2,문A2-9) 학습비 외부 지원기관__(6)시민참여교육_2,문A2-9) 학습비 외부 지원기관__(6)시민참여교육_2,문A2-9) 학습비 외부 지원기관__(6)시민참여교육_2,문A2-9) 학습비 외부 지원기관__(6)시민참여교육_2
문A2-10) 프로그램만족도__(5)문화예술스포츠교육_2,문A2-10) 프로그램만족도__(5)문화예술스포츠교육_2,문A2-10) 프로그램만족도__(5)문화예술스포츠교육_2,문A2-10) 프로그램만족도__(5)문화예술스포츠교육_2,문A2-10) 프로그램만족도__(5)문화예술스포츠교육_2
문A2-11) 프로그램 불만족 요인(중복응답)__(5)문화예술스포츠교육_2-2,문A2-11) 프로그램 불만족 요인(중복응답)__(5)문화예술스포츠교육_2-2,문A2-11) 프로그램 불만족 요인(중복응답)__(5)문화예술스포츠교육_2-2,문A2-11) 프로그램 불만족 요인(중복응답)__(5)문화예술스포츠교육_2-2,문A2-11) 프로그램 불만족 요인(중복응답)__(5)문화예술스포츠교육_2-2
문A2-11) 프로그램 불만족 요인(중복응답)__(6)시민참여교육_2-1,문A2-11) 프로그램 불만족 요인(중복응답)__(6)시민참여교육_2-1,문A2-11) 프로그램 불만족 요인(중복응답)__(6)시민참여교육_2-1,문A2-11) 프로그램 불만족 요인(중복응답)__(6)시민참여교육_2-1,문A2-11) 프로그램 불만족 요인(중복응답)__(6)시민참여교육_2-1
문A2-11) 프로그램 불만족 요인(중복응답)__(5)문화예술스포츠교육_2-6,문A2-11) 프로그램 불만족 요인(중복응답)__(5)문화예술스포츠교육_2-6,문A2-11) 프로그램 불만족 요인(중복응답)__(5)문화예술스포츠교육_2-6,문A2-11) 프로그램 불만족 요인(중복응답)__(5)문화예술스포츠교육_2-6,문A2-11) 프로그램 불만족 요인(중복응답)__(5)문화예술스포츠교육_2-6
문A2-11) 프로그램 불만족 요인(중복응답)__(6)시민참여교육_2-3,문A2-11) 프로그램 불만족 요인(중복응답)__(6)시민참여교육_2-3,문A2-11) 프로그램 불만족 요인(중복응답)__(6)시민참여교육_2-3,문A2-11) 프로그램 불만족 요인(중복응답)__(6)시민참여교육_2-3,문A2-11) 프로그램 불만족 요인(중복응답)__(6)시민참여교육_2-3
문A2-11) 프로그램 불만족 요인(중복응답)__(6)시민참여교육_2-5,문A2-11) 프로그램 불만족 요인(중복응답)__(6)시민참여교육_2-5,문A2-11) 프로그램 불만족 요인(중복응답)__(6)시민참여교육_2-5,문A2-11) 프로그램 불만족 요인(중복응답)__(6)시민참여교육_2-5,문A2-11) 프로그램 불만족 요인(중복응답)__(6)시민참여교육_2-5
문A2-11) 프로그램 불만족 요인(중복응답)__(6)시민참여교육_2-6,문A2-11) 프로그램 불만족 요인(중복응답)__(6)시민참여교육_2-6,문A2-11) 프로그램 불만족 요인(중복응답)__(6)시민참여교육_2-6,문A2-11) 프로그램 불만족 요인(중복응답)__(6)시민참여교육_2-6,문A2-11) 프로그램 불만족 요인(중복응답)__(6)시민참여교육_2-6
문A2-2) 프로그램 형태__(5)문화예술스포츠교육_3,0,문A2-2) 프로그램 형태__(5)문화예술스포츠교육_3,문A2-2) 프로그램 형태__(5)문화예술스포츠교육_3,문A2-2) 프로그램 형태__(5)문화예술스포츠교육_3
문A2-3) 기관 유형__(6)시민참여교육_3,문A2-3) 기관 유형__(6)시민참여교육_3,문A2-3) 기관 유형__(6)시민참여교육_3,문A2-3) 기관 유형__(6)시민참여교육_3,문A2-3) 기관 유형__(6)시민참여교육_3
문A2-5) 참여목적__(6)시민참여교육_3,문A2-5) 참여목적__(6)시민참여교육_3,문A2-5) 참여목적__(6)시민참여교육_3,문A2-5) 참여목적__(6)시민참여교육_3,문A2-5) 참여목적__(6)시민참여교육_3
문A2-6) 연간참여시간__(6)시민참여교육_3,문A2-6) 연간참여시간__(6)시민참여교육_3,문A2-6) 연간참여시간__(6)시민참여교육_3,문A2-6) 연간참여시간__(6)시민참여교육_3,문A2-6) 연간참여시간__(6)시민참여교육_3
문A2-10) 프로그램만족도__(4)인문교양교육_3,문A2-10) 프로그램만족도__(4)인문교양교육_3,문A2-10) 프로그램만족도__(4)인문교양교육_3,문A2-10) 프로그램만족도__(4)인문교양교육_3,문A2-10) 프로그램만족도__(4)인문교양교육_3
문A2-11) 프로그램 불만족 요인(중복응답)__(4)인문교양교육_3-4,문A2-11) 프로그램 불만족 요인(중복응답)__(4)인문교양교육_3-4,문A2-11) 프로그램 불만족 요인(중복응답)__(4)인문교양교육_3-4,문A2-11) 프로그램 불만족 요인(중복응답)__(4)인문교양교육_3-4,문A2-11) 프로그램 불만족 요인(중복응답)__(4)인문교양교육_3-4
문A2-11) 프로그램 불만족 요인(중복응답)__(4)인문교양교육_3-6,문A2-11) 프로그램 불만족 요인(중복응답)__(4)인문교양교육_3-6,문A2-11) 프로그램 불만족 요인(중복응답)__(4)인문교양교육_3-6,문A2-11) 프로그램 불만족 요인(중복응답)__(4)인문교양교육_3-6,문A2-11) 프로그램 불만족 요인(중복응답)__(4)인문교양교육_3-6
문A2-11) 프로그램 불만족 요인(중복응답)__(6)시민참여교육_3-1,문A2-11) 프로그램 불만족 요인(중복응답)__(6)시민참여교육_3-1,문A2-11) 프로그램 불만족 요인(중복응답)__(6)시민참여교육_3-1,문A2-11) 프로그램 불만족 요인(중복응답)__(6)시민참여교육_3-1,문A2-11) 프로그램 불만족 요인(중복응답)__(6)시민참여교육_3-1
문A2-11) 프로그램 불만족 요인(중복응답)__(6)시민참여교육_3-2,문A2-11) 프로그램 불만족 요인(중복응답)__(6)시민참여교육_3-2,문A2-11) 프로그램 불만족 요인(중복응답)__(6)시민참여교육_3-2,문A2-11) 프로그램 불만족 요인(중복응답)__(6)시민참여교육_3-2,문A2-11) 프로그램 불만족 요인(중복응답)__(6)시민참여교육_3-2
문A2-8) 학습비 외부 지원여부__(5)문화예술스포츠교육_1,문A2-8) 학습비 외부 지원여부__(5)문화예술스포츠교육_1,문A2-8) 학습비 외부 지원여부__(5)문화예술스포츠교육_1,문A2-8) 학습비 외부 지원여부__(5)문화예술스포츠교육_1,문A2-8) 학습비 외부 지원여부__(5)문화예술스포츠교육_1
문A3-1) 귀하께서 작년에 참여한 학습경험이 전반적으로 다음 각 항목과 관련하여 귀하에게 어느 정도 도움이 되었다고 생각하십니까?__건강 관리,문A3-1) 귀하께서 작년에 참여한 학습경험이 전반적으로 다음 각 항목과 관련하여 귀하에게 어느 정도 도움이 되었다고 생각하십니까?__건강 관리,문A3-1) 귀하께서 작년에 참여한 학습경험이 전반적으로 다음 각 항목과 관련하여 귀하에게 어느 정도 도움이 되었다고 생각하십니까?__건강 관리,문A3-1) 귀하께서 작년에 참여한 학습경험이 전반적으로 다음 각 항목과 관련하여 귀하에게 어느 정도 도움이 되었다고 생각하십니까?__건강 관리,문A3-1) 귀하께서 작년에 참여한 학습경험이 전반적으로 다음 각 항목과 관련하여 귀하에게 어느 정도 도움이 되었다고 생각하십니까?__건강 관리
문A2-11) 프로그램 불만족 요인(중복응답)__(5)문화예술스포츠교육_1-5,문A2-11) 프로그램 불만족 요인(중복응답)__(5)문화예술스포츠교육_1-5,문A2-11) 프로그램 불만족 요인(중복응답)__(5)문화예술스포츠교육_1-5,문A2-11) 프로그램 불만족 요인(중복응답)__(5)문화예술스포츠교육_1-5,문A2-11) 프로그램 불만족 요인(중복응답)__(5)문화예술스포츠교육_1-5
문A2-11) 프로그램 불만족 요인(중복응답)__(5)문화예술스포츠교육_1-7,문A2-11) 프로그램 불만족 요인(중복응답)__(5)문화예술스포츠교육_1-7,문A2-11) 프로그램 불만족 요인(중복응답)__(5)문화예술스포츠교육_1-7,문A2-11) 프로그램 불만족 요인(중복응답)__(5)문화예술스포츠교육_1-7,0
문A3-5) 귀하께서 작년에 참여한 학습경험이 전반적으로 다음 각 항목과 관련하여 귀하에게 어느 정도 도움이 되었다고 생각하십니까?__일하는데 필요한 기능 습득 등,문A3-5) 귀하께서 작년에 참여한 학습경험이 전반적으로 다음 각 항목과 관련하여 귀하에게 어느 정도 도움이 되었다고 생각하십니까?__일하는데 필요한 기능 습득 등,문A3-5) 귀하께서 작년에 참여한 학습경험이 전반적으로 다음 각 항목과 관련하여 귀하에게 어느 정도 도움이 되었다고 생각하십니까?__일하는데 필요한 기능 습득 등,문A3-5) 귀하께서 작년에 참여한 학습경험이 전반적으로 다음 각 항목과 관련하여 귀하에게 어느 정도 도움이 되었다고 생각하십니까?__일하는데 필요한 기능 습득 등,문A3-5) 귀하께서 작년에 참여한 학습경험이 전반적으로 다음 각 항목과 관련하여 귀하에게 어느 정도 도움이 되었다고 생각하십니까?__일하는데 필요한 기능 습득 등
문A3-6) 귀하께서 작년에 참여한 학습경험이 전반적으로 다음 각 항목과 관련하여 귀하에게 어느 정도 도움이 되었다고 생각하십니까?__성과급^ 연봉 등 소득 증대,문A3-6) 귀하께서 작년에 참여한 학습경험이 전반적으로 다음 각 항목과 관련하여 귀하에게 어느 정도 도움이 되었다고 생각하십니까?__성과급^ 연봉 등 소득 증대,문A3-6) 귀하께서 작년에 참여한 학습경험이 전반적으로 다음 각 항목과 관련하여 귀하에게 어느 정도 도움이 되었다고 생각하십니까?__성과급^ 연봉 등 소득 증대,문A3-6) 귀하께서 작년에 참여한 학습경험이 전반적으로 다음 각 항목과 관련하여 귀하에게 어느 정도 도움이 되었다고 생각하십니까?__성과급^ 연봉 등 소득 증대,문A3-6) 귀하께서 작년에 참여한 학습경험이 전반적으로 다음 각 항목과 관련하여 귀하에게 어느 정도 도움이 되었다고 생각하십니까?__성과급^ 연봉 등 소득 증대
문A2-6) 연간참여시간__(5)문화예술스포츠교육_2,문A2-6) 연간참여시간__(5)문화예술스포츠교육_2,문A2-6) 연간참여시간__(5)문화예술스포츠교육_2,문A2-6) 연간참여시간__(5)문화예술스포츠교육_2,문A2-6) 연간참여시간__(5)문화예술스포츠교육_2
문A3-8) 귀하께서 작년에 참여한 학습경험이 전반적으로 다음 각 항목과 관련하여 귀하에게 어느 정도 도움이 되었다고 생각하십니까?__사회참여,문A3-8) 귀하께서 작년에 참여한 학습경험이 전반적으로 다음 각 항목과 관련하여 귀하에게 어느 정도 도움이 되었다고 생각하십니까?__사회참여,문A3-8) 귀하께서 작년에 참여한 학습경험이 전반적으로 다음 각 항목과 관련하여 귀하에게 어느 정도 도움이 되었다고 생각하십니까?__사회참여,문A3-8) 귀하께서 작년에 참여한 학습경험이 전반적으로 다음 각 항목과 관련하여 귀하에게 어느 정도 도움이 되었다고 생각하십니까?__사회참여,문A3-8) 귀하께서 작년에 참여한 학습경험이 전반적으로 다음 각 항목과 관련하여 귀하에게 어느 정도 도움이 되었다고 생각하십니까?__사회참여
문A3-10) 귀하께서 작년에 참여한 학습경험이 전반적으로 다음 각 항목과 관련하여 귀하에게 어느 정도 도움이 되었다고 생각하십니까?__기타,문A3-10) 귀하께서 작년에 참여한 학습경험이 전반적으로 다음 각 항목과 관련하여 귀하에게 어느 정도 도움이 되었다고 생각하십니까?__기타,문A3-10) 귀하께서 작년에 참여한 학습경험이 전반적으로 다음 각 항목과 관련하여 귀하에게 어느 정도 도움이 되었다고 생각하십니까?__기타,문A3-10) 귀하께서 작년에 참여한 학습경험이 전반적으로 다음 각 항목과 관련하여 귀하에게 어느 정도 도움이 되었다고 생각하십니까?__기타,문A3-10) 귀하께서 작년에 참여한 학습경험이 전반적으로 다음 각 항목과 관련하여 귀하에게 어느 정도 도움이 되었다고 생각하십니까?__기타
문A2-11) 프로그램 불만족 요인(중복응답)__(5)문화예술스포츠교육_2-3,문A2-11) 프로그램 불만족 요인(중복응답)__(5)문화예술스포츠교육_2-3,문A2-11) 프로그램 불만족 요인(중복응답)__(5)문화예술스포츠교육_2-3,문A2-11) 프로그램 불만족 요인(중복응답)__(5)문화예술스포츠교육_2-3,문A2-11) 프로그램 불만족 요인(중복응답)__(5)문화예술스포츠교육_2-3
문B1-5) 귀하께서는 작년에 다음과 같은 학습에 참여해 본 적이 있으십니까?__학습을 목적으로 텔레비전^ 라디오 등을 활용해서 새로운 지식을 습득한 적이 있다,문B1-5) 귀하께서는 작년에 다음과 같은 학습에 참여해 본 적이 있으십니까?__학습을 목적으로 텔레비전^ 라디오 등을 활용해서 새로운 지식을 습득한 적이 있다,문B1-5) 귀하께서는 작년에 다음과 같은 학습에 참여해 본 적이 있으십니까?__학습을 목적으로 텔레비전^ 라디오 등을 활용해서 새로운 지식을 습득한 적이 있다,문B1-5) 귀하께서는 작년에 다음과 같은 학습에 참여해 본 적이 있으십니까?__학습을 목적으로 텔레비전^ 라디오 등을 활용해서 새로운 지식을 습득한 적이 있다,문B1-5) 귀하께서는 작년에 다음과 같은 학습에 참여해 본 적이 있으십니까?__학습을 목적으로 텔레비전^ 라디오 등을 활용해서 새로운 지식을 습득한 적이 있다
문A2-11) 프로그램 불만족 요인(중복응답)__(5)문화예술스포츠교육_2-5,문A2-11) 프로그램 불만족 요인(중복응답)__(5)문화예술스포츠교육_2-5,문A2-11) 프로그램 불만족 요인(중복응답)__(5)문화예술스포츠교육_2-5,문A2-11) 프로그램 불만족 요인(중복응답)__(5)문화예술스포츠교육_2-5,문A2-11) 프로그램 불만족 요인(중복응답)__(5)문화예술스포츠교육_2-5
문A2-11) 프로그램 불만족 요인(중복응답)__(5)문화예술스포츠교육_2-7,문A2-11) 프로그램 불만족 요인(중복응답)__(5)문화예술스포츠교육_2-7,문A2-11) 프로그램 불만족 요인(중복응답)__(5)문화예술스포츠교육_2-7,문A2-11) 프로그램 불만족 요인(중복응답)__(5)문화예술스포츠교육_2-7,0
문B1-7) 귀하께서는 작년에 다음과 같은 학습에 참여해 본 적이 있으십니까?__역사적·자연적·산업적 장소를 방문해서 지식을 습득한 적이 있다,문B1-7) 귀하께서는 작년에 다음과 같은 학습에 참여해 본 적이 있으십니까?__역사적·자연적·산업적 장소를 방문해서 지식을 습득한 적이 있다,문B1-7) 귀하께서는 작년에 다음과 같은 학습에 참여해 본 적이 있으십니까?__역사적·자연적·산업적 장소를 방문해서 지식을 습득한 적이 있다,문B1-7) 귀하께서는 작년에 다음과 같은 학습에 참여해 본 적이 있으십니까?__역사적·자연적·산업적 장소를 방문해서 지식을 습득한 적이 있다,문B1-7) 귀하께서는 작년에 다음과 같은 학습에 참여해 본 적이 있으십니까?__역사적·자연적·산업적 장소를 방문해서 지식을 습득한 적이 있다
문A2-6) 연간참여시간__(5)문화예술스포츠교육_3,0,문A2-6) 연간참여시간__(5)문화예술스포츠교육_3,문A2-6) 연간참여시간__(5)문화예술스포츠교육_3,문A2-6) 연간참여시간__(5)문화예술스포츠교육_3
문A2-7) 자기부담학습비__(5)문화예술스포츠교육_3,0,문A2-7) 자기부담학습비__(5)문화예술스포츠교육_3,문A2-7) 자기부담학습비__(5)문화예술스포츠교육_3,문A2-7) 자기부담학습비__(5)문화예술스포츠교육_3
문B1-11) 귀하께서는 작년에 다음과 같은 학습에 참여해 본 적이 있으십니까?__기타,문B1-11) 귀하께서는 작년에 다음과 같은 학습에 참여해 본 적이 있으십니까?__기타,문B1-11) 귀하께서는 작년에 다음과 같은 학습에 참여해 본 적이 있으십니까?__기타,문B1-11) 귀하께서는 작년에 다음과 같은 학습에 참여해 본 적이 있으십니까?__기타,문B1-11) 귀하께서는 작년에 다음과 같은 학습에 참여해 본 적이 있으십니까?__기타
문A2-11) 프로그램 불만족 요인(중복응답)__(5)문화예술스포츠교육_3-1,0,문A2-11) 프로그램 불만족 요인(중복응답)__(5)문화예술스포츠교육_3-1,문A2-11) 프로그램 불만족 요인(중복응답)__(5)문화예술스포츠교육_3-1,문A2-11) 프로그램 불만족 요인(중복응답)__(5)문화예술스포츠교육_3-1
문C1) 앞으로 참여하길 희망하는 프로그램은 무엇입니까? (중복응답)7,문C1) 앞으로 참여하길 희망하는 프로그램은 무엇입니까? (중복응답)7,문C1) 앞으로 참여하길 희망하는 프로그램은 무엇입니까? (중복응답)7,문C1) 앞으로 참여하길 희망하는 프로그램은 무엇입니까? (중복응답)7,문C1) 앞으로 참여하길 희망하는 프로그램은 무엇입니까? (중복응답)7
문C1) 앞으로 참여하길 희망하는 프로그램은 무엇입니까? (중복응답)10,문C1) 앞으로 참여하길 희망하는 프로그램은 무엇입니까? (중복응답)10,문C1) 앞으로 참여하길 희망하는 프로그램은 무엇입니까? (중복응답)10,문C1) 앞으로 참여하길 희망하는 프로그램은 무엇입니까? (중복응답)10,문C1) 앞으로 참여하길 희망하는 프로그램은 무엇입니까? (중복응답)10
문A2-11) 프로그램 불만족 요인(중복응답)__(5)문화예술스포츠교육_3-4,0,문A2-11) 프로그램 불만족 요인(중복응답)__(5)문화예술스포츠교육_3-4,문A2-11) 프로그램 불만족 요인(중복응답)__(5)문화예술스포츠교육_3-4,문A2-11) 프로그램 불만족 요인(중복응답)__(5)문화예술스포츠교육_3-4
문A2-11) 프로그램 불만족 요인(중복응답)__(5)문화예술스포츠교육_3-6,0,문A2-11) 프로그램 불만족 요인(중복응답)__(5)문화예술스포츠교육_3-6,문A2-11) 프로그램 불만족 요인(중복응답)__(5)문화예술스포츠교육_3-6,문A2-11) 프로그램 불만족 요인(중복응답)__(5)문화예술스포츠교육_3-6
문A2-11) 프로그램 불만족 요인(중복응답)__(5)문화예술스포츠교육_3-7,0,문A2-11) 프로그램 불만족 요인(중복응답)__(5)문화예술스포츠교육_3-7,문A2-11) 프로그램 불만족 요인(중복응답)__(5)문화예술스포츠교육_3-7,0
문C1) 앞으로 참여하길 희망하는 프로그램은 무엇입니까? (중복응답)13,문C1) 앞으로 참여하길 희망하는 프로그램은 무엇입니까? (중복응답)13,문C1) 앞으로 참여하길 희망하는 프로그램은 무엇입니까? (중복응답)13,문C1) 앞으로 참여하길 희망하는 프로그램은 무엇입니까? (중복응답)13,문C1) 앞으로 참여하길 희망하는 프로그램은 무엇입니까? (중복응답)13
문C1) 앞으로 참여하길 희망하는 프로그램은 무엇입니까? (중복응답)14,문C1) 앞으로 참여하길 희망하는 프로그램은 무엇입니까? (중복응답)14,문C1) 앞으로 참여하길 희망하는 프로그램은 무엇입니까? (중복응답)14,문C1) 앞으로 참여하길 희망하는 프로그램은 무엇입니까? (중복응답)14,문C1) 앞으로 참여하길 희망하는 프로그램은 무엇입니까? (중복응답)14
문A2-3) 기관 유형__(6)시민참여교육_1,문A2-3) 기관 유형__(6)시민참여교육_1,문A2-3) 기관 유형__(6)시민참여교육_1,문A2-3) 기관 유형__(6)시민참여교육_1,문A2-3) 기관 유형__(6)시민참여교육_1
문A2-6) 연간참여시간__(6)시민참여교육_1,문A2-6) 연간참여시간__(6)시민참여교육_1,문A2-6) 연간참여시간__(6)시민참여교육_1,문A2-6) 연간참여시간__(6)시민참여교육_1,문A2-6) 연간참여시간__(6)시민참여교육_1
문A2-8) 학습비 외부 지원여부__(6)시민참여교육_1,문A2-8) 학습비 외부 지원여부__(6)시민참여교육_1,문A2-8) 학습비 외부 지원여부__(6)시민참여교육_1,문A2-8) 학습비 외부 지원여부__(6)시민참여교육_1,문A2-8) 학습비 외부 지원여부__(6)시민참여교육_1
문A2-9) 학습비 외부 지원기관__(6)시민참여교육_1,문A2-9) 학습비 외부 지원기관__(6)시민참여교육_1,문A2-9) 학습비 외부 지원기관__(6)시민참여교육_1,문A2-9) 학습비 외부 지원기관__(6)시민참여교육_1,문A2-9) 학습비 외부 지원기관__(6)시민참여교육_1
문A2-10) 프로그램만족도__(6)시민참여교육_1,문A2-10) 프로그램만족도__(6)시민참여교육_1,문A2-10) 프로그램만족도__(6)시민참여교육_1,문A2-10) 프로그램만족도__(6)시민참여교육_1,문A2-10) 프로그램만족도__(6)시민참여교육_1
문A2-11) 프로그램 불만족 요인(중복응답)__(6)시민참여교육_1-2,문A2-11) 프로그램 불만족 요인(중복응답)__(6)시민참여교육_1-2,문A2-11) 프로그램 불만족 요인(중복응답)__(6)시민참여교육_1-2,문A2-11) 프로그램 불만족 요인(중복응답)__(6)시민참여교육_1-2,문A2-11) 프로그램 불만족 요인(중복응답)__(6)시민참여교육_1-2
문A2-11) 프로그램 불만족 요인(중복응답)__(6)시민참여교육_1-4,문A2-11) 프로그램 불만족 요인(중복응답)__(6)시민참여교육_1-4,문A2-11) 프로그램 불만족 요인(중복응답)__(6)시민참여교육_1-4,문A2-11) 프로그램 불만족 요인(중복응답)__(6)시민참여교육_1-4,문A2-11) 프로그램 불만족 요인(중복응답)__(6)시민참여교육_1-4
문A2-11) 프로그램 불만족 요인(중복응답)__(6)시민참여교육_1-5,문A2-11) 프로그램 불만족 요인(중복응답)__(6)시민참여교육_1-5,문A2-11) 프로그램 불만족 요인(중복응답)__(6)시민참여교육_1-5,문A2-11) 프로그램 불만족 요인(중복응답)__(6)시민참여교육_1-5,문A2-11) 프로그램 불만족 요인(중복응답)__(6)시민참여교육_1-5
문A2-11) 프로그램 불만족 요인(중복응답)__(6)시민참여교육_1-6,문A2-11) 프로그램 불만족 요인(중복응답)__(6)시민참여교육_1-6,문A2-11) 프로그램 불만족 요인(중복응답)__(6)시민참여교육_1-6,문A2-11) 프로그램 불만족 요인(중복응답)__(6)시민참여교육_1-6,문A2-11) 프로그램 불만족 요인(중복응답)__(6)시민참여교육_1-6
문A2-11) 프로그램 불만족 요인(중복응답)__(6)시민참여교육_1-7,문A2-11) 프로그램 불만족 요인(중복응답)__(6)시민참여교육_1-7,문A2-11) 프로그램 불만족 요인(중복응답)__(6)시민참여교육_1-7,문A2-11) 프로그램 불만족 요인(중복응답)__(6)시민참여교육_1-7,0
문C1) 앞으로 참여하길 희망하는 프로그램은 무엇입니까? (중복응답)30,문C1) 앞으로 참여하길 희망하는 프로그램은 무엇입니까? (중복응답)30,문C1) 앞으로 참여하길 희망하는 프로그램은 무엇입니까? (중복응답)30,문C1) 앞으로 참여하길 희망하는 프로그램은 무엇입니까? (중복응답)30,문C1) 앞으로 참여하길 희망하는 프로그램은 무엇입니까? (중복응답)30
문A2-7) 자기부담학습비__(6)시민참여교육_2,문A2-7) 자기부담학습비__(6)시민참여교육_2,문A2-7) 자기부담학습비__(6)시민참여교육_2,문A2-7) 자기부담학습비__(6)시민참여교육_2,문A2-7) 자기부담학습비__(6)시민참여교육_2
문A2-10) 프로그램만족도__(6)시민참여교육_2,문A2-10) 프로그램만족도__(6)시민참여교육_2,문A2-10) 프로그램만족도__(6)시민참여교육_2,문A2-10) 프로그램만족도__(6)시민참여교육_2,문A2-10) 프로그램만족도__(6)시민참여교육_2
문A2-11) 프로그램 불만족 요인(중복응답)__(6)시민참여교육_2-2,문A2-11) 프로그램 불만족 요인(중복응답)__(6)시민참여교육_2-2,문A2-11) 프로그램 불만족 요인(중복응답)__(6)시민참여교육_2-2,문A2-11) 프로그램 불만족 요인(중복응답)__(6)시민참여교육_2-2,문A2-11) 프로그램 불만족 요인(중복응답)__(6)시민참여교육_2-2
문A2-11) 프로그램 불만족 요인(중복응답)__(6)시민참여교육_2-4,문A2-11) 프로그램 불만족 요인(중복응답)__(6)시민참여교육_2-4,문A2-11) 프로그램 불만족 요인(중복응답)__(6)시민참여교육_2-4,문A2-11) 프로그램 불만족 요인(중복응답)__(6)시민참여교육_2-4,문A2-11) 프로그램 불만족 요인(중복응답)__(6)시민참여교육_2-4
문A2-11) 프로그램 불만족 요인(중복응답)__(6)시민참여교육_2-7,문A2-11) 프로그램 불만족 요인(중복응답)__(6)시민참여교육_2-7,문A2-11) 프로그램 불만족 요인(중복응답)__(6)시민참여교육_2-7,문A2-11) 프로그램 불만족 요인(중복응답)__(6)시민참여교육_2-7,0
문D1-1) 귀하께서는 평생교육 프로그램 관련 정보를 어떻게 얻으셨습니까? (중복응답)2,문D1-1) 귀하께서는 평생교육 프로그램 관련 정보를 어떻게 얻으셨습니까? (중복응답)2,문D1-1) 귀하께서는 평생교육 프로그램 관련 정보를 어떻게 얻으셨습니까? (중복응답)2,문D1-1) 귀하께서는 평생교육 프로그램 관련 정보를 어떻게 얻으셨습니까? (중복응답)2,문D1-1) 귀하께서는 평생교육 프로그램 관련 정보를 어떻게 얻으셨습니까? (중복응답)2
문A2-1) 프로그램 유형__(6)시민참여교육_3,문A2-1) 프로그램 유형__(6)시민참여교육_3,문A2-1) 프로그램 유형__(6)시민참여교육_3,문A2-1) 프로그램 유형__(6)시민참여교육_3,문A2-1) 프로그램 유형__(6)시민참여교육_3
문A2-2) 프로그램 형태__(6)시민참여교육_3,문A2-2) 프로그램 형태__(6)시민참여교육_3,문A2-2) 프로그램 형태__(6)시민참여교육_3,문A2-2) 프로그램 형태__(6)시민참여교육_3,문A2-2) 프로그램 형태__(6)시민참여교육_3
문A2-7) 자기부담학습비__(6)시민참여교육_3,문A2-7) 자기부담학습비__(6)시민참여교육_3,문A2-7) 자기부담학습비__(6)시민참여교육_3,문A2-7) 자기부담학습비__(6)시민참여교육_3,문A2-7) 자기부담학습비__(6)시민참여교육_3
문A2-8) 학습비 외부 지원여부__(6)시민참여교육_3,문A2-8) 학습비 외부 지원여부__(6)시민참여교육_3,문A2-8) 학습비 외부 지원여부__(6)시민참여교육_3,문A2-8) 학습비 외부 지원여부__(6)시민참여교육_3,문A2-8) 학습비 외부 지원여부__(6)시민참여교육_3
문A2-9) 학습비 외부 지원기관__(6)시민참여교육_3,문A2-9) 학습비 외부 지원기관__(6)시민참여교육_3,문A2-9) 학습비 외부 지원기관__(6)시민참여교육_3,문A2-9) 학습비 외부 지원기관__(6)시민참여교육_3,문A2-9) 학습비 외부 지원기관__(6)시민참여교육_3
문A2-10) 프로그램만족도__(6)시민참여교육_3,문A2-10) 프로그램만족도__(6)시민참여교육_3,문A2-10) 프로그램만족도__(6)시민참여교육_3,문A2-10) 프로그램만족도__(6)시민참여교육_3,문A2-10) 프로그램만족도__(6)시민참여교육_3
문A2-11) 프로그램 불만족 요인(중복응답)__(6)시민참여교육_3-3,문A2-11) 프로그램 불만족 요인(중복응답)__(6)시민참여교육_3-3,문A2-11) 프로그램 불만족 요인(중복응답)__(6)시민참여교육_3-3,문A2-11) 프로그램 불만족 요인(중복응답)__(6)시민참여교육_3-3,문A2-11) 프로그램 불만족 요인(중복응답)__(6)시민참여교육_3-3
문A2-11) 프로그램 불만족 요인(중복응답)__(6)시민참여교육_3-4,문A2-11) 프로그램 불만족 요인(중복응답)__(6)시민참여교육_3-4,문A2-11) 프로그램 불만족 요인(중복응답)__(6)시민참여교육_3-4,문A2-11) 프로그램 불만족 요인(중복응답)__(6)시민참여교육_3-4,문A2-11) 프로그램 불만족 요인(중복응답)__(6)시민참여교육_3-4
문A2-11) 프로그램 불만족 요인(중복응답)__(6)시민참여교육_3-5,문A2-11) 프로그램 불만족 요인(중복응답)__(6)시민참여교육_3-5,문A2-11) 프로그램 불만족 요인(중복응답)__(6)시민참여교육_3-5,문A2-11) 프로그램 불만족 요인(중복응답)__(6)시민참여교육_3-5,문A2-11) 프로그램 불만족 요인(중복응답)__(6)시민참여교육_3-5
문A2-11) 프로그램 불만족 요인(중복응답)__(6)시민참여교육_3-6,문A2-11) 프로그램 불만족 요인(중복응답)__(6)시민참여교육_3-6,문A2-11) 프로그램 불만족 요인(중복응답)__(6)시민참여교육_3-6,문A2-11) 프로그램 불만족 요인(중복응답)__(6)시민참여교육_3-6,문A2-11) 프로그램 불만족 요인(중복응답)__(6)시민참여교육_3-6
문A2-11) 프로그램 불만족 요인(중복응답)__(6)시민참여교육_3-7,문A2-11) 프로그램 불만족 요인(중복응답)__(6)시민참여교육_3-7,문A2-11) 프로그램 불만족 요인(중복응답)__(6)시민참여교육_3-7,문A2-11) 프로그램 불만족 요인(중복응답)__(6)시민참여교육_3-7,0
문A3-2) 귀하께서 작년에 참여한 학습경험이 전반적으로 다음 각 항목과 관련하여 귀하에게 어느 정도 도움이 되었다고 생각하십니까?__심리적 만족 및 행복감 증대,문A3-2) 귀하께서 작년에 참여한 학습경험이 전반적으로 다음 각 항목과 관련하여 귀하에게 어느 정도 도움이 되었다고 생각하십니까?__심리적 만족 및 행복감 증대,문A3-2) 귀하께서 작년에 참여한 학습경험이 전반적으로 다음 각 항목과 관련하여 귀하에게 어느 정도 도움이 되었다고 생각하십니까?__심리적 만족 및 행복감 증대,문A3-2) 귀하께서 작년에 참여한 학습경험이 전반적으로 다음 각 항목과 관련하여 귀하에게 어느 정도 도움이 되었다고 생각하십니까?__심리적 만족 및 행복감 증대,문A3-2) 귀하께서 작년에 참여한 학습경험이 전반적으로 다음 각 항목과 관련하여 귀하에게 어느 정도 도움이 되었다고 생각하십니까?__심리적 만족 및 행복감 증대
문A3-3) 귀하께서 작년에 참여한 학습경험이 전반적으로 다음 각 항목과 관련하여 귀하에게 어느 정도 도움이 되었다고 생각하십니까?__교양 함양이나 지식 습득 등 자기 계발,문A3-3) 귀하께서 작년에 참여한 학습경험이 전반적으로 다음 각 항목과 관련하여 귀하에게 어느 정도 도움이 되었다고 생각하십니까?__교양 함양이나 지식 습득 등 자기 계발,문A3-3) 귀하께서 작년에 참여한 학습경험이 전반적으로 다음 각 항목과 관련하여 귀하에게 어느 정도 도움이 되었다고 생각하십니까?__교양 함양이나 지식 습득 등 자기 계발,문A3-3) 귀하께서 작년에 참여한 학습경험이 전반적으로 다음 각 항목과 관련하여 귀하에게 어느 정도 도움이 되었다고 생각하십니까?__교양 함양이나 지식 습득 등 자기 계발,문A3-3) 귀하께서 작년에 참여한 학습경험이 전반적으로 다음 각 항목과 관련하여 귀하에게 어느 정도 도움이 되었다고 생각하십니까?__교양 함양이나 지식 습득 등 자기 계발
문A3-4) 귀하께서 작년에 참여한 학습경험이 전반적으로 다음 각 항목과 관련하여 귀하에게 어느 정도 도움이 되었다고 생각하십니까?__취업^ 이직^ 창업에 도움,문A3-4) 귀하께서 작년에 참여한 학습경험이 전반적으로 다음 각 항목과 관련하여 귀하에게 어느 정도 도움이 되었다고 생각하십니까?__취업^ 이직^ 창업에 도움,문A3-4) 귀하께서 작년에 참여한 학습경험이 전반적으로 다음 각 항목과 관련하여 귀하에게 어느 정도 도움이 되었다고 생각하십니까?__취업^ 이직^ 창업에 도움,문A3-4) 귀하께서 작년에 참여한 학습경험이 전반적으로 다음 각 항목과 관련하여 귀하에게 어느 정도 도움이 되었다고 생각하십니까?__취업^ 이직^ 창업에 도움,문A3-4) 귀하께서 작년에 참여한 학습경험이 전반적으로 다음 각 항목과 관련하여 귀하에게 어느 정도 도움이 되었다고 생각하십니까?__취업^ 이직^ 창업에 도움
문A3-7) 귀하께서 작년에 참여한 학습경험이 전반적으로 다음 각 항목과 관련하여 귀하에게 어느 정도 도움이 되었다고 생각하십니까?__고용안정,문A3-7) 귀하께서 작년에 참여한 학습경험이 전반적으로 다음 각 항목과 관련하여 귀하에게 어느 정도 도움이 되었다고 생각하십니까?__고용안정,문A3-7) 귀하께서 작년에 참여한 학습경험이 전반적으로 다음 각 항목과 관련하여 귀하에게 어느 정도 도움이 되었다고 생각하십니까?__고용안정,문A3-7) 귀하께서 작년에 참여한 학습경험이 전반적으로 다음 각 항목과 관련하여 귀하에게 어느 정도 도움이 되었다고 생각하십니까?__고용안정,문A3-7) 귀하께서 작년에 참여한 학습경험이 전반적으로 다음 각 항목과 관련하여 귀하에게 어느 정도 도움이 되었다고 생각하십니까?__고용안정
문A3-9) 귀하께서 작년에 참여한 학습경험이 전반적으로 다음 각 항목과 관련하여 귀하에게 어느 정도 도움이 되었다고 생각하십니까?__친목도모 증진,문A3-9) 귀하께서 작년에 참여한 학습경험이 전반적으로 다음 각 항목과 관련하여 귀하에게 어느 정도 도움이 되었다고 생각하십니까?__친목도모 증진,문A3-9) 귀하께서 작년에 참여한 학습경험이 전반적으로 다음 각 항목과 관련하여 귀하에게 어느 정도 도움이 되었다고 생각하십니까?__친목도모 증진,문A3-9) 귀하께서 작년에 참여한 학습경험이 전반적으로 다음 각 항목과 관련하여 귀하에게 어느 정도 도움이 되었다고 생각하십니까?__친목도모 증진,문A3-9) 귀하께서 작년에 참여한 학습경험이 전반적으로 다음 각 항목과 관련하여 귀하에게 어느 정도 도움이 되었다고 생각하십니까?__친목도모 증진
문B1-1) 귀하께서는 작년에 다음과 같은 학습에 참여해 본 적이 있으십니까?__가족^ 친구 또는 직장동료^ 상사의 도움이나 조언을 통해 지식을 습득한 적이 있다,문B1-1) 귀하께서는 작년에 다음과 같은 학습에 참여해 본 적이 있으십니까?__가족^ 친구 또는 직장동료^ 상사의 도움이나 조언을 통해 지식을 습득한 적이 있다,문B1-1) 귀하께서는 작년에 다음과 같은 학습에 참여해 본 적이 있으십니까?__가족^ 친구 또는 직장동료^ 상사의 도움이나 조언을 통해 지식을 습득한 적이 있다,문B1-1) 귀하께서는 작년에 다음과 같은 학습에 참여해 본 적이 있으십니까?__가족^ 친구 또는 직장동료^ 상사의 도움이나 조언을 통해 지식을 습득한 적이 있다,문B1-1) 귀하께서는 작년에 다음과 같은 학습에 참여해 본 적이 있으십니까?__가족^ 친구 또는 직장동료^ 상사의 도움이나 조언을 통해 지식을 습득한 적이 있다
문B1-2) 귀하께서는 작년에 다음과 같은 학습에 참여해 본 적이 있으십니까?__트위터^ 페이스북^ 카페^ 블로그^ 밴드 등을 활용해서 새로운 정보나 기술을 습득한 적이 있다,문B1-2) 귀하께서는 작년에 다음과 같은 학습에 참여해 본 적이 있으십니까?__트위터^ 페이스북^ 카페^ 블로그^ 밴드 등을 활용해서 새로운 정보나 기술을 습득한 적이 있다,문B1-2) 귀하께서는 작년에 다음과 같은 학습에 참여해 본 적이 있으십니까?__트위터^ 페이스북^ 카페^ 블로그^ 밴드 등을 활용해서 새로운 정보나 기술을 습득한 적이 있다,문B1-2) 귀하께서는 작년에 다음과 같은 학습에 참여해 본 적이 있으십니까?__트위터^ 페이스북^ 카페^ 블로그^ 밴드 등을 활용해서 새로운 정보나 기술을 습득한 적이 있다,문B1-2) 귀하께서는 작년에 다음과 같은 학습에 참여해 본 적이 있으십니까?__트위터^ 페이스북^ 카페^ 블로그^ 밴드 등을 활용해서 새로운 정보나 기술을 습득한 적이 있다
문B1-3) 귀하께서는 작년에 다음과 같은 학습에 참여해 본 적이 있으십니까?__유튜브(Youtube) 등을 활용해서 새로운 정보나 기술을 습득한 적이 있다,문B1-3) 귀하께서는 작년에 다음과 같은 학습에 참여해 본 적이 있으십니까?__유튜브(Youtube) 등을 활용해서 새로운 정보나 기술을 습득한 적이 있다,문B1-3) 귀하께서는 작년에 다음과 같은 학습에 참여해 본 적이 있으십니까?__유튜브(Youtube) 등을 활용해서 새로운 정보나 기술을 습득한 적이 있다,0,0
문F1-1) 다음 학습 관련 질문에 어느 정도 동의하시는지 동의 정도를 말씀해주시기 바랍니다.__성인이 되어서도 지속적으로 학습을 하는 사람은 일자리를 잃을 가능성이 적다.,문F1-1) 다음 학습 관련 질문에 어느 정도 동의하시는지 동의 정도를 말씀해주시기 바랍니다.__성인이 되어서도 지속적으로 학습을 하는 사람은 일자리를 잃을 가능성이 적다.,문F1-1) 다음 학습 관련 질문에 어느 정도 동의하시는지 동의 정도를 말씀해주시기 바랍니다.__성인이 되어서도 지속적으로 학습을 하는 사람은 일자리를 잃을 가능성이 적다.,문F1-1) 다음 학습 관련 질문에 어느 정도 동의하시는지 동의 정도를 말씀해주시기 바랍니다.__성인이 되어서도 지속적으로 학습을 하는 사람은 일자리를 잃을 가능성이 적다.,문F1-1) 다음 학습 관련 질문에 어느 정도 동의하시는지 동의 정도를 말씀해주시기 바랍니다.__성인이 되어서도 지속적으로 학습을 하는 사람은 일자리를 잃을 가능성이 적다.
문C2-1) 평생교육에 참여하지 못했던 이유는 무엇입니까? (중복응답)2,문C2-1) 평생교육에 참여하지 못했던 이유는 무엇입니까? (중복응답)2,문C2-1) 평생교육에 참여하지 못했던 이유는 무엇입니까? (중복응답)2,문C2-1) 평생교육에 참여하지 못했던 이유는 무엇입니까? (중복응답)2,문C2-1) 평생교육에 참여하지 못했던 이유는 무엇입니까? (중복응답)2
문B1-4) 귀하께서는 작년에 다음과 같은 학습에 참여해 본 적이 있으십니까?__인터넷 뉴스^ E-book 등 온라인매체를 활용해서 새로운 정보나 기술을 습득한 적이 있다,문B1-4) 귀하께서는 작년에 다음과 같은 학습에 참여해 본 적이 있으십니까?__인터넷 뉴스^ E-book 등 온라인매체를 활용해서 새로운 정보나 기술을 습득한 적이 있다,문B1-4) 귀하께서는 작년에 다음과 같은 학습에 참여해 본 적이 있으십니까?__인터넷 뉴스^ E-book 등 온라인매체를 활용해서 새로운 정보나 기술을 습득한 적이 있다,0,0
문F1-3) 다음 학습 관련 질문에 어느 정도 동의하시는지 동의 정도를 말씀해주시기 바랍니다.__고용주는 고용인들의 훈련을 책임져야 한다.,문F1-3) 다음 학습 관련 질문에 어느 정도 동의하시는지 동의 정도를 말씀해주시기 바랍니다.__고용주는 고용인들의 훈련을 책임져야 한다.,문F1-3) 다음 학습 관련 질문에 어느 정도 동의하시는지 동의 정도를 말씀해주시기 바랍니다.__고용주는 고용인들의 훈련을 책임져야 한다.,문F1-3) 다음 학습 관련 질문에 어느 정도 동의하시는지 동의 정도를 말씀해주시기 바랍니다.__고용주는 고용인들의 훈련을 책임져야 한다.,문F1-3) 다음 학습 관련 질문에 어느 정도 동의하시는지 동의 정도를 말씀해주시기 바랍니다.__고용주는 고용인들의 훈련을 책임져야 한다.
문C2-1) 평생교육에 참여하지 못했던 이유는 무엇입니까? (중복응답)3,문C2-1) 평생교육에 참여하지 못했던 이유는 무엇입니까? (중복응답)3,문C2-1) 평생교육에 참여하지 못했던 이유는 무엇입니까? (중복응답)3,문C2-1) 평생교육에 참여하지 못했던 이유는 무엇입니까? (중복응답)3,문C2-1) 평생교육에 참여하지 못했던 이유는 무엇입니까? (중복응답)3
문B1-6) 귀하께서는 작년에 다음과 같은 학습에 참여해 본 적이 있으십니까?__책이나 전문잡지 등 인쇄매체를 활용해서 지식을 습득한 적이 있다,문B1-6) 귀하께서는 작년에 다음과 같은 학습에 참여해 본 적이 있으십니까?__책이나 전문잡지 등 인쇄매체를 활용해서 지식을 습득한 적이 있다,문B1-6) 귀하께서는 작년에 다음과 같은 학습에 참여해 본 적이 있으십니까?__책이나 전문잡지 등 인쇄매체를 활용해서 지식을 습득한 적이 있다,문B1-6) 귀하께서는 작년에 다음과 같은 학습에 참여해 본 적이 있으십니까?__책이나 전문잡지 등 인쇄매체를 활용해서 지식을 습득한 적이 있다,문B1-6) 귀하께서는 작년에 다음과 같은 학습에 참여해 본 적이 있으십니까?__책이나 전문잡지 등 인쇄매체를 활용해서 지식을 습득한 적이 있다
문B1-8) 귀하께서는 작년에 다음과 같은 학습에 참여해 본 적이 있으십니까?__도서관 등을 방문해서 새로운 사실을 배운 적이 있다,문B1-8) 귀하께서는 작년에 다음과 같은 학습에 참여해 본 적이 있으십니까?__도서관 등을 방문해서 새로운 사실을 배운 적이 있다,문B1-8) 귀하께서는 작년에 다음과 같은 학습에 참여해 본 적이 있으십니까?__도서관 등을 방문해서 새로운 사실을 배운 적이 있다,문B1-8) 귀하께서는 작년에 다음과 같은 학습에 참여해 본 적이 있으십니까?__도서관 등을 방문해서 새로운 사실을 배운 적이 있다,문B1-8) 귀하께서는 작년에 다음과 같은 학습에 참여해 본 적이 있으십니까?__도서관 등을 방문해서 새로운 사실을 배운 적이 있다
문B1-9) 귀하께서는 작년에 다음과 같은 학습에 참여해 본 적이 있으십니까?__축제^ 박람회^ 음악회 등에 참여해서 무언가를 새롭게 배우거나 깊이 있게 알게된 적이 있다,문B1-9) 귀하께서는 작년에 다음과 같은 학습에 참여해 본 적이 있으십니까?__축제^ 박람회^ 음악회 등에 참여해서 무언가를 새롭게 배우거나 깊이 있게 알게된 적이 있다,문B1-9) 귀하께서는 작년에 다음과 같은 학습에 참여해 본 적이 있으십니까?__축제^ 박람회^ 음악회 등에 참여해서 무언가를 새롭게 배우거나 깊이 있게 알게된 적이 있다,문B1-9) 귀하께서는 작년에 다음과 같은 학습에 참여해 본 적이 있으십니까?__축제^ 박람회^ 음악회 등에 참여해서 무언가를 새롭게 배우거나 깊이 있게 알게된 적이 있다,문B1-9) 귀하께서는 작년에 다음과 같은 학습에 참여해 본 적이 있으십니까?__축제^ 박람회^ 음악회 등에 참여해서 무언가를 새롭게 배우거나 깊이 있게 알게된 적이 있다
문B1-10) 귀하께서는 작년에 다음과 같은 학습에 참여해 본 적이 있으십니까?__스포츠^ 등산 등 신체를 움직이는 활동에 참여해서 무언가를 새롭게 배우거나 깊이 있게 알게 된 적이 있다,문B1-10) 귀하께서는 작년에 다음과 같은 학습에 참여해 본 적이 있으십니까?__스포츠^ 등산 등 신체를 움직이는 활동에 참여해서 무언가를 새롭게 배우거나 깊이 있게 알게 된 적이 있다,문B1-10) 귀하께서는 작년에 다음과 같은 학습에 참여해 본 적이 있으십니까?__스포츠^ 등산 등 신체를 움직이는 활동에 참여해서 무언가를 새롭게 배우거나 깊이 있게 알게 된 적이 있다,문B1-10) 귀하께서는 작년에 다음과 같은 학습에 참여해 본 적이 있으십니까?__스포츠^ 등산 등 신체를 움직이는 활동에 참여해서 무언가를 새롭게 배우거나 깊이 있게 알게 된 적이 있다,문B1-10) 귀하께서는 작년에 다음과 같은 학습에 참여해 본 적이 있으십니까?__스포츠^ 등산 등 신체를 움직이는 활동에 참여해서 무언가를 새롭게 배우거나 깊이 있게 알게 된 적이 있다
문C1) 앞으로 참여하길 희망하는 프로그램은 무엇입니까? (중복응답)1,문C1) 앞으로 참여하길 희망하는 프로그램은 무엇입니까? (중복응답)1,문C1) 앞으로 참여하길 희망하는 프로그램은 무엇입니까? (중복응답)1,문C1) 앞으로 참여하길 희망하는 프로그램은 무엇입니까? (중복응답)1,0
문G1-2) 지난 한 해 동안 자선단체에 기부 또는 후원한 적이 있습니까? 있다면^ 몇 회 정도 참여하셨습니까?__참여횟수,문G1-2) 지난 한 해 동안 자선단체에 기부 또는 후원한 적이 있습니까? 있다면^ 몇 회 정도 참여하셨습니까?__참여횟수,문G1-2) 지난 한 해 동안 자선단체에 기부 또는 후원한 적이 있습니까? 있다면^ 몇 회 정도 참여하셨습니까?__참여횟수,문G1-2) 지난 한 해 동안 자선단체에 기부 또는 후원한 적이 있습니까? 있다면^ 몇 회 정도 참여하셨습니까?__참여횟수,문G1-2) 지난 한 해 동안 자선단체에 기부 또는 후원한 적이 있습니까? 있다면^ 몇 회 정도 참여하셨습니까?__참여횟수
문C1) 앞으로 참여하길 희망하는 프로그램은 무엇입니까? (중복응답)2,문C1) 앞으로 참여하길 희망하는 프로그램은 무엇입니까? (중복응답)2,문C1) 앞으로 참여하길 희망하는 프로그램은 무엇입니까? (중복응답)2,문C1) 앞으로 참여하길 희망하는 프로그램은 무엇입니까? (중복응답)2,0
문G1-3) 지난 한 해 동안 동아리에서 활동한 적이 있습니까? 있다면^ 몇 회 정도 참여하셨습니까?__참여경험,문G1-3) 지난 한 해 동안 동아리에서 활동한 적이 있습니까? 있다면^ 몇 회 정도 참여하셨습니까?__참여경험,문G1-3) 지난 한 해 동안 동아리에서 활동한 적이 있습니까? 있다면^ 몇 회 정도 참여하셨습니까?__참여경험,문G1-3) 지난 한 해 동안 동아리에서 활동한 적이 있습니까? 있다면^ 몇 회 정도 참여하셨습니까?__참여경험,문G1-3) 지난 한 해 동안 동아리에서 활동한 적이 있습니까? 있다면^ 몇 회 정도 참여하셨습니까?__참여경험
문C1) 앞으로 참여하길 희망하는 프로그램은 무엇입니까? (중복응답)3,문C1) 앞으로 참여하길 희망하는 프로그램은 무엇입니까? (중복응답)3,문C1) 앞으로 참여하길 희망하는 프로그램은 무엇입니까? (중복응답)3,문C1) 앞으로 참여하길 희망하는 프로그램은 무엇입니까? (중복응답)3,0
문G1-3) 지난 한 해 동안 동아리에서 활동한 적이 있습니까? 있다면^ 몇 회 정도 참여하셨습니까?__참여횟수,문G1-3) 지난 한 해 동안 동아리에서 활동한 적이 있습니까? 있다면^ 몇 회 정도 참여하셨습니까?__참여횟수,문G1-3) 지난 한 해 동안 동아리에서 활동한 적이 있습니까? 있다면^ 몇 회 정도 참여하셨습니까?__참여횟수,문G1-3) 지난 한 해 동안 동아리에서 활동한 적이 있습니까? 있다면^ 몇 회 정도 참여하셨습니까?__참여횟수,문G1-3) 지난 한 해 동안 동아리에서 활동한 적이 있습니까? 있다면^ 몇 회 정도 참여하셨습니까?__참여횟수
문C1) 앞으로 참여하길 희망하는 프로그램은 무엇입니까? (중복응답)4,문C1) 앞으로 참여하길 희망하는 프로그램은 무엇입니까? (중복응답)4,문C1) 앞으로 참여하길 희망하는 프로그램은 무엇입니까? (중복응답)4,문C1) 앞으로 참여하길 희망하는 프로그램은 무엇입니까? (중복응답)4,문C1) 앞으로 참여하길 희망하는 프로그램은 무엇입니까? (중복응답)4
문C1) 앞으로 참여하길 희망하는 프로그램은 무엇입니까? (중복응답)5,문C1) 앞으로 참여하길 희망하는 프로그램은 무엇입니까? (중복응답)5,문C1) 앞으로 참여하길 희망하는 프로그램은 무엇입니까? (중복응답)5,문C1) 앞으로 참여하길 희망하는 프로그램은 무엇입니까? (중복응답)5,문C1) 앞으로 참여하길 희망하는 프로그램은 무엇입니까? (중복응답)5
문C1) 앞으로 참여하길 희망하는 프로그램은 무엇입니까? (중복응답)6,문C1) 앞으로 참여하길 희망하는 프로그램은 무엇입니까? (중복응답)6,문C1) 앞으로 참여하길 희망하는 프로그램은 무엇입니까? (중복응답)6,문C1) 앞으로 참여하길 희망하는 프로그램은 무엇입니까? (중복응답)6,문C1) 앞으로 참여하길 희망하는 프로그램은 무엇입니까? (중복응답)6
문C1) 앞으로 참여하길 희망하는 프로그램은 무엇입니까? (중복응답)8,문C1) 앞으로 참여하길 희망하는 프로그램은 무엇입니까? (중복응답)8,문C1) 앞으로 참여하길 희망하는 프로그램은 무엇입니까? (중복응답)8,문C1) 앞으로 참여하길 희망하는 프로그램은 무엇입니까? (중복응답)8,0
문H2-1) 평생학습 참여가 삶의 질 향상에 얼마나 도움^ 아직 경험이 없다면 삶의 질 향상에 얼마나 도움이 될 것인지 생각하십니까?__1) 정신적 건강(정서적 안정감),문H2-1) 평생학습 참여가 삶의 질 향상에 얼마나 도움^ 아직 경험이 없다면 삶의 질 향상에 얼마나 도움이 될 것인지 생각하십니까?__1) 정신적 건강(정서적 안정감),문H2-1) 평생학습 참여가 삶의 질 향상에 얼마나 도움^ 아직 경험이 없다면 삶의 질 향상에 얼마나 도움이 될 것인지 생각하십니까?__1) 정신적 건강(정서적 안정감),문H2-1) 평생학습 참여가 삶의 질 향상에 얼마나 도움^ 아직 경험이 없다면 삶의 질 향상에 얼마나 도움이 될 것인지 생각하십니까?__1) 정신적 건강(정서적 안정감),문H2-1) 평생학습 참여가 삶의 질 향상에 얼마나 도움^ 아직 경험이 없다면 삶의 질 향상에 얼마나 도움이 될 것인지 생각하십니까?__1) 정신적 건강(정서적 안정감)
문C1) 앞으로 참여하길 희망하는 프로그램은 무엇입니까? (중복응답)9,문C1) 앞으로 참여하길 희망하는 프로그램은 무엇입니까? (중복응답)9,문C1) 앞으로 참여하길 희망하는 프로그램은 무엇입니까? (중복응답)9,문C1) 앞으로 참여하길 희망하는 프로그램은 무엇입니까? (중복응답)9,0
문H2-1) 평생학습 참여가 삶의 질 향상에 얼마나 도움^ 아직 경험이 없다면 삶의 질 향상에 얼마나 도움이 될 것인지 생각하십니까?__2) 육체적 건강,문H2-1) 평생학습 참여가 삶의 질 향상에 얼마나 도움^ 아직 경험이 없다면 삶의 질 향상에 얼마나 도움이 될 것인지 생각하십니까?__2) 육체적 건강,문H2-1) 평생학습 참여가 삶의 질 향상에 얼마나 도움^ 아직 경험이 없다면 삶의 질 향상에 얼마나 도움이 될 것인지 생각하십니까?__2) 육체적 건강,문H2-1) 평생학습 참여가 삶의 질 향상에 얼마나 도움^ 아직 경험이 없다면 삶의 질 향상에 얼마나 도움이 될 것인지 생각하십니까?__2) 육체적 건강,문H2-1) 평생학습 참여가 삶의 질 향상에 얼마나 도움^ 아직 경험이 없다면 삶의 질 향상에 얼마나 도움이 될 것인지 생각하십니까?__2) 육체적 건강
문C1) 앞으로 참여하길 희망하는 프로그램은 무엇입니까? (중복응답)11,문C1) 앞으로 참여하길 희망하는 프로그램은 무엇입니까? (중복응답)11,문C1) 앞으로 참여하길 희망하는 프로그램은 무엇입니까? (중복응답)11,문C1) 앞으로 참여하길 희망하는 프로그램은 무엇입니까? (중복응답)11,문C1) 앞으로 참여하길 희망하는 프로그램은 무엇입니까? (중복응답)11
DQ1. 귀하의 최종 학력은 어떻게 되십니까?__학교급,DQ1. 귀하의 최종 학력은 어떻게 되십니까?__학교급,DQ1. 귀하의 최종 학력은 어떻게 되십니까?__학교급,DQ1. 귀하의 최종 학력은 어떻게 되십니까?__학교급,DQ1. 귀하의 최종 학력은 어떻게 되십니까?__학교급
문C1) 앞으로 참여하길 희망하는 프로그램은 무엇입니까? (중복응답)12,문C1) 앞으로 참여하길 희망하는 프로그램은 무엇입니까? (중복응답)12,문C1) 앞으로 참여하길 희망하는 프로그램은 무엇입니까? (중복응답)12,문C1) 앞으로 참여하길 희망하는 프로그램은 무엇입니까? (중복응답)12,문C1) 앞으로 참여하길 희망하는 프로그램은 무엇입니까? (중복응답)12
문C1) 앞으로 참여하길 희망하는 프로그램은 무엇입니까? (중복응답)15,문C1) 앞으로 참여하길 희망하는 프로그램은 무엇입니까? (중복응답)15,문C1) 앞으로 참여하길 희망하는 프로그램은 무엇입니까? (중복응답)15,문C1) 앞으로 참여하길 희망하는 프로그램은 무엇입니까? (중복응답)15,문C1) 앞으로 참여하길 희망하는 프로그램은 무엇입니까? (중복응답)15
문C1) 앞으로 참여하길 희망하는 프로그램은 무엇입니까? (중복응답)16,문C1) 앞으로 참여하길 희망하는 프로그램은 무엇입니까? (중복응답)16,문C1) 앞으로 참여하길 희망하는 프로그램은 무엇입니까? (중복응답)16,문C1) 앞으로 참여하길 희망하는 프로그램은 무엇입니까? (중복응답)16,문C1) 앞으로 참여하길 희망하는 프로그램은 무엇입니까? (중복응답)16
문C1) 앞으로 참여하길 희망하는 프로그램은 무엇입니까? (중복응답)17,문C1) 앞으로 참여하길 희망하는 프로그램은 무엇입니까? (중복응답)17,문C1) 앞으로 참여하길 희망하는 프로그램은 무엇입니까? (중복응답)17,0,0
문C1) 앞으로 참여하길 희망하는 프로그램은 무엇입니까? (중복응답)18,문C1) 앞으로 참여하길 희망하는 프로그램은 무엇입니까? (중복응답)18,문C1) 앞으로 참여하길 희망하는 프로그램은 무엇입니까? (중복응답)18,문C1) 앞으로 참여하길 희망하는 프로그램은 무엇입니까? (중복응답)18,문C1) 앞으로 참여하길 희망하는 프로그램은 무엇입니까? (중복응답)18
문C1) 앞으로 참여하길 희망하는 프로그램은 무엇입니까? (중복응답)19,문C1) 앞으로 참여하길 희망하는 프로그램은 무엇입니까? (중복응답)19,문C1) 앞으로 참여하길 희망하는 프로그램은 무엇입니까? (중복응답)19,문C1) 앞으로 참여하길 희망하는 프로그램은 무엇입니까? (중복응답)19,문C1) 앞으로 참여하길 희망하는 프로그램은 무엇입니까? (중복응답)19
문C1) 앞으로 참여하길 희망하는 프로그램은 무엇입니까? (중복응답)20,문C1) 앞으로 참여하길 희망하는 프로그램은 무엇입니까? (중복응답)20,문C1) 앞으로 참여하길 희망하는 프로그램은 무엇입니까? (중복응답)20,문C1) 앞으로 참여하길 희망하는 프로그램은 무엇입니까? (중복응답)20,문C1) 앞으로 참여하길 희망하는 프로그램은 무엇입니까? (중복응답)20
DQ9-2. 귀하의 현재 근로시간형태는 어떻게 되십니까?,DQ9-2. 귀하의 현재 근로시간형태는 어떻게 되십니까?,DQ9-2. 귀하의 현재 근로시간형태는 어떻게 되십니까?,DQ9-2. 귀하의 현재 근로시간형태는 어떻게 되십니까?,DQ9-2. 귀하의 현재 근로시간형태는 어떻게 되십니까?
문C1) 앞으로 참여하길 희망하는 프로그램은 무엇입니까? (중복응답)21,문C1) 앞으로 참여하길 희망하는 프로그램은 무엇입니까? (중복응답)21,문C1) 앞으로 참여하길 희망하는 프로그램은 무엇입니까? (중복응답)21,문C1) 앞으로 참여하길 희망하는 프로그램은 무엇입니까? (중복응답)21,문C1) 앞으로 참여하길 희망하는 프로그램은 무엇입니까? (중복응답)21
DQ11. 귀하가 현재 소속되어 있는 직장의 규모는 어느 정도입니까? (사업장^ 상시근로자 기준),DQ11. 귀하가 현재 소속되어 있는 직장의 규모는 어느 정도입니까? (사업장^ 상시근로자 기준),DQ11. 귀하가 현재 소속되어 있는 직장의 규모는 어느 정도입니까? (사업장^ 상시근로자 기준),DQ11. 귀하가 현재 소속되어 있는 직장의 규모는 어느 정도입니까? (사업장^ 상시근로자 기준),DQ11. 귀하가 현재 소속되어 있는 직장의 규모는 어느 정도입니까? (사업장^ 상시근로자 기준)
문C1) 앞으로 참여하길 희망하는 프로그램은 무엇입니까? (중복응답)22,문C1) 앞으로 참여하길 희망하는 프로그램은 무엇입니까? (중복응답)22,문C1) 앞으로 참여하길 희망하는 프로그램은 무엇입니까? (중복응답)22,문C1) 앞으로 참여하길 희망하는 프로그램은 무엇입니까? (중복응답)22,문C1) 앞으로 참여하길 희망하는 프로그램은 무엇입니까? (중복응답)22
DQ12. 귀하의 현재 직장에서의 근무기간은 얼마나 되십니까?__개월,DQ12. 귀하의 현재 직장에서의 근무기간은 얼마나 되십니까?__개월,DQ12. 귀하의 현재 직장에서의 근무기간은 얼마나 되십니까?__개월,DQ12. 귀하의 현재 직장에서의 근무기간은 얼마나 되십니까?__개월,DQ12. 귀하의 현재 직장에서의 근무기간은 얼마나 되십니까?__개월
문C1) 앞으로 참여하길 희망하는 프로그램은 무엇입니까? (중복응답)23,문C1) 앞으로 참여하길 희망하는 프로그램은 무엇입니까? (중복응답)23,문C1) 앞으로 참여하길 희망하는 프로그램은 무엇입니까? (중복응답)23,문C1) 앞으로 참여하길 희망하는 프로그램은 무엇입니까? (중복응답)23,문C1) 앞으로 참여하길 희망하는 프로그램은 무엇입니까? (중복응답)23
연령별(1),연령별(1),연령별(1),연령별(1),연령별(1)
문C1) 앞으로 참여하길 희망하는 프로그램은 무엇입니까? (중복응답)24,문C1) 앞으로 참여하길 희망하는 프로그램은 무엇입니까? (중복응답)24,문C1) 앞으로 참여하길 희망하는 프로그램은 무엇입니까? (중복응답)24,문C1) 앞으로 참여하길 희망하는 프로그램은 무엇입니까? (중복응답)24,문C1) 앞으로 참여하길 희망하는 프로그램은 무엇입니까? (중복응답)24
학력별,학력별,학력별,학력별,학력별
문C1) 앞으로 참여하길 희망하는 프로그램은 무엇입니까? (중복응답)25,문C1) 앞으로 참여하길 희망하는 프로그램은 무엇입니까? (중복응답)25,문C1) 앞으로 참여하길 희망하는 프로그램은 무엇입니까? (중복응답)25,문C1) 앞으로 참여하길 희망하는 프로그램은 무엇입니까? (중복응답)25,문C1) 앞으로 참여하길 희망하는 프로그램은 무엇입니까? (중복응답)25
월 가구소득,월 가구소득,월 가구소득,월 가구소득,월 가구소득
문C1) 앞으로 참여하길 희망하는 프로그램은 무엇입니까? (중복응답)26,문C1) 앞으로 참여하길 희망하는 프로그램은 무엇입니까? (중복응답)26,문C1) 앞으로 참여하길 희망하는 프로그램은 무엇입니까? (중복응답)26,문C1) 앞으로 참여하길 희망하는 프로그램은 무엇입니까? (중복응답)26,문C1) 앞으로 참여하길 희망하는 프로그램은 무엇입니까? (중복응답)26
자녀유무 및 막내자녀 상태,자녀유무 및 막내자녀 상태,자녀유무 및 막내자녀 상태,자녀유무 및 막내자녀 상태,자녀유무 및 막내자녀 상태
문C1) 앞으로 참여하길 희망하는 프로그램은 무엇입니까? (중복응답)27,문C1) 앞으로 참여하길 희망하는 프로그램은 무엇입니까? (중복응답)27,문C1) 앞으로 참여하길 희망하는 프로그램은 무엇입니까? (중복응답)27,문C1) 앞으로 참여하길 희망하는 프로그램은 무엇입니까? (중복응답)27,문C1) 앞으로 참여하길 희망하는 프로그램은 무엇입니까? (중복응답)27
부양가족 유무,부양가족 유무,부양가족 유무,부양가족 유무,부양가족 유무
문C1) 앞으로 참여하길 희망하는 프로그램은 무엇입니까? (중복응답)28,문C1) 앞으로 참여하길 희망하는 프로그램은 무엇입니까? (중복응답)28,문C1) 앞으로 참여하길 희망하는 프로그램은 무엇입니까? (중복응답)28,문C1) 앞으로 참여하길 희망하는 프로그램은 무엇입니까? (중복응답)28,문C1) 앞으로 참여하길 희망하는 프로그램은 무엇입니까? (중복응답)28
문C1) 앞으로 참여하길 희망하는 프로그램은 무엇입니까? (중복응답)29,문C1) 앞으로 참여하길 희망하는 프로그램은 무엇입니까? (중복응답)29,문C1) 앞으로 참여하길 희망하는 프로그램은 무엇입니까? (중복응답)29,문C1) 앞으로 참여하길 희망하는 프로그램은 무엇입니까? (중복응답)29,문C1) 앞으로 참여하길 희망하는 프로그램은 무엇입니까? (중복응답)29
문C1) 앞으로 참여하길 희망하는 프로그램은 무엇입니까? (중복응답)31,문C1) 앞으로 참여하길 희망하는 프로그램은 무엇입니까? (중복응답)31,문C1) 앞으로 참여하길 희망하는 프로그램은 무엇입니까? (중복응답)31,문C1) 앞으로 참여하길 희망하는 프로그램은 무엇입니까? (중복응답)31,문C1) 앞으로 참여하길 희망하는 프로그램은 무엇입니까? (중복응답)31
문C2) 귀하께서는 작년(교육이나 학습 프로그램의 참여여부와 관계없이)에 참여하고 싶었지만 참여하지 못했던 평생교육 프로그램이 있었습니까?,문C2) 귀하께서는 작년(교육이나 학습 프로그램의 참여여부와 관계없이)에 참여하고 싶었지만 참여하지 못했던 평생교육 프로그램이 있었습니까?,문C2) 귀하께서는 작년(교육이나 학습 프로그램의 참여여부와 관계없이)에 참여하고 싶었지만 참여하지 못했던 평생교육 프로그램이 있었습니까?,문C2) 귀하께서는 작년(교육이나 학습 프로그램의 참여여부와 관계없이)에 참여하고 싶었지만 참여하지 못했던 평생교육 프로그램이 있었습니까?,문C2) 귀하께서는 작년(교육이나 학습 프로그램의 참여여부와 관계없이)에 참여하고 싶었지만 참여하지 못했던 평생교육 프로그램이 있었습니까?
문C2-1) 평생교육에 참여하지 못했던 이유는 무엇입니까? (중복응답)1,문C2-1) 평생교육에 참여하지 못했던 이유는 무엇입니까? (중복응답)1,문C2-1) 평생교육에 참여하지 못했던 이유는 무엇입니까? (중복응답)1,문C2-1) 평생교육에 참여하지 못했던 이유는 무엇입니까? (중복응답)1,문C2-1) 평생교육에 참여하지 못했던 이유는 무엇입니까? (중복응답)1
문C2-1) 평생교육에 참여하지 못했던 이유는 무엇입니까? (중복응답)4,문C2-1) 평생교육에 참여하지 못했던 이유는 무엇입니까? (중복응답)4,문C2-1) 평생교육에 참여하지 못했던 이유는 무엇입니까? (중복응답)4,문C2-1) 평생교육에 참여하지 못했던 이유는 무엇입니까? (중복응답)4,문C2-1) 평생교육에 참여하지 못했던 이유는 무엇입니까? (중복응답)4
문C2-1) 평생교육에 참여하지 못했던 이유는 무엇입니까? (중복응답)5,문C2-1) 평생교육에 참여하지 못했던 이유는 무엇입니까? (중복응답)5,문C2-1) 평생교육에 참여하지 못했던 이유는 무엇입니까? (중복응답)5,문C2-1) 평생교육에 참여하지 못했던 이유는 무엇입니까? (중복응답)5,문C2-1) 평생교육에 참여하지 못했던 이유는 무엇입니까? (중복응답)5
문C2-1) 평생교육에 참여하지 못했던 이유는 무엇입니까? (중복응답)6,문C2-1) 평생교육에 참여하지 못했던 이유는 무엇입니까? (중복응답)6,문C2-1) 평생교육에 참여하지 못했던 이유는 무엇입니까? (중복응답)6,문C2-1) 평생교육에 참여하지 못했던 이유는 무엇입니까? (중복응답)6,문C2-1) 평생교육에 참여하지 못했던 이유는 무엇입니까? (중복응답)6
문C2-1) 평생교육에 참여하지 못했던 이유는 무엇입니까? (중복응답)7,문C2-1) 평생교육에 참여하지 못했던 이유는 무엇입니까? (중복응답)7,문C2-1) 평생교육에 참여하지 못했던 이유는 무엇입니까? (중복응답)7,문C2-1) 평생교육에 참여하지 못했던 이유는 무엇입니까? (중복응답)7,문C2-1) 평생교육에 참여하지 못했던 이유는 무엇입니까? (중복응답)7
문C2-1) 평생교육에 참여하지 못했던 이유는 무엇입니까? (중복응답)8,문C2-1) 평생교육에 참여하지 못했던 이유는 무엇입니까? (중복응답)8,문C2-1) 평생교육에 참여하지 못했던 이유는 무엇입니까? (중복응답)8,문C2-1) 평생교육에 참여하지 못했던 이유는 무엇입니까? (중복응답)8,문C2-1) 평생교육에 참여하지 못했던 이유는 무엇입니까? (중복응답)8
문C2-1) 평생교육에 참여하지 못했던 이유는 무엇입니까? (중복응답)9,문C2-1) 평생교육에 참여하지 못했던 이유는 무엇입니까? (중복응답)9,문C2-1) 평생교육에 참여하지 못했던 이유는 무엇입니까? (중복응답)9,문C2-1) 평생교육에 참여하지 못했던 이유는 무엇입니까? (중복응답)9,문C2-1) 평생교육에 참여하지 못했던 이유는 무엇입니까? (중복응답)9
문C2-1) 평생교육에 참여하지 못했던 이유는 무엇입니까? (중복응답)10,문C2-1) 평생교육에 참여하지 못했던 이유는 무엇입니까? (중복응답)10,문C2-1) 평생교육에 참여하지 못했던 이유는 무엇입니까? (중복응답)10,문C2-1) 평생교육에 참여하지 못했던 이유는 무엇입니까? (중복응답)10,문C2-1) 평생교육에 참여하지 못했던 이유는 무엇입니까? (중복응답)10
문C2-1) 평생교육에 참여하지 못했던 이유는 무엇입니까? (중복응답)11,문C2-1) 평생교육에 참여하지 못했던 이유는 무엇입니까? (중복응답)11,문C2-1) 평생교육에 참여하지 못했던 이유는 무엇입니까? (중복응답)11,문C2-1) 평생교육에 참여하지 못했던 이유는 무엇입니까? (중복응답)11,문C2-1) 평생교육에 참여하지 못했던 이유는 무엇입니까? (중복응답)11
문D1) 귀하께서는 작년에 평생교육 프로그램 관련 정보를 접한 적이 있습니까?,문D1) 귀하께서는 작년에 평생교육 프로그램 관련 정보를 접한 적이 있습니까?,문D1) 귀하께서는 작년에 평생교육 프로그램 관련 정보를 접한 적이 있습니까?,문D1) 귀하께서는 작년에 평생교육 프로그램 관련 정보를 접한 적이 있습니까?,문D1) 귀하께서는 작년에 평생교육 프로그램 관련 정보를 접한 적이 있습니까?
문D1-1) 귀하께서는 평생교육 프로그램 관련 정보를 어떻게 얻으셨습니까? (중복응답)1,문D1-1) 귀하께서는 평생교육 프로그램 관련 정보를 어떻게 얻으셨습니까? (중복응답)1,문D1-1) 귀하께서는 평생교육 프로그램 관련 정보를 어떻게 얻으셨습니까? (중복응답)1,문D1-1) 귀하께서는 평생교육 프로그램 관련 정보를 어떻게 얻으셨습니까? (중복응답)1,문D1-1) 귀하께서는 평생교육 프로그램 관련 정보를 어떻게 얻으셨습니까? (중복응답)1
문D1-1) 귀하께서는 평생교육 프로그램 관련 정보를 어떻게 얻으셨습니까? (중복응답)3,문D1-1) 귀하께서는 평생교육 프로그램 관련 정보를 어떻게 얻으셨습니까? (중복응답)3,문D1-1) 귀하께서는 평생교육 프로그램 관련 정보를 어떻게 얻으셨습니까? (중복응답)3,문D1-1) 귀하께서는 평생교육 프로그램 관련 정보를 어떻게 얻으셨습니까? (중복응답)3,문D1-1) 귀하께서는 평생교육 프로그램 관련 정보를 어떻게 얻으셨습니까? (중복응답)3
문D1-1) 귀하께서는 평생교육 프로그램 관련 정보를 어떻게 얻으셨습니까? (중복응답)4,문D1-1) 귀하께서는 평생교육 프로그램 관련 정보를 어떻게 얻으셨습니까? (중복응답)4,문D1-1) 귀하께서는 평생교육 프로그램 관련 정보를 어떻게 얻으셨습니까? (중복응답)4,문D1-1) 귀하께서는 평생교육 프로그램 관련 정보를 어떻게 얻으셨습니까? (중복응답)4,문D1-1) 귀하께서는 평생교육 프로그램 관련 정보를 어떻게 얻으셨습니까? (중복응답)4
문D1-1) 귀하께서는 평생교육 프로그램 관련 정보를 어떻게 얻으셨습니까? (중복응답)5,문D1-1) 귀하께서는 평생교육 프로그램 관련 정보를 어떻게 얻으셨습니까? (중복응답)5,문D1-1) 귀하께서는 평생교육 프로그램 관련 정보를 어떻게 얻으셨습니까? (중복응답)5,문D1-1) 귀하께서는 평생교육 프로그램 관련 정보를 어떻게 얻으셨습니까? (중복응답)5,문D1-1) 귀하께서는 평생교육 프로그램 관련 정보를 어떻게 얻으셨습니까? (중복응답)5
문D1-1) 귀하께서는 평생교육 프로그램 관련 정보를 어떻게 얻으셨습니까? (중복응답)6,문D1-1) 귀하께서는 평생교육 프로그램 관련 정보를 어떻게 얻으셨습니까? (중복응답)6,문D1-1) 귀하께서는 평생교육 프로그램 관련 정보를 어떻게 얻으셨습니까? (중복응답)6,문D1-1) 귀하께서는 평생교육 프로그램 관련 정보를 어떻게 얻으셨습니까? (중복응답)6,문D1-1) 귀하께서는 평생교육 프로그램 관련 정보를 어떻게 얻으셨습니까? (중복응답)6
문D1-1) 귀하께서는 평생교육 프로그램 관련 정보를 어떻게 얻으셨습니까? (중복응답)7,문D1-1) 귀하께서는 평생교육 프로그램 관련 정보를 어떻게 얻으셨습니까? (중복응답)7,문D1-1) 귀하께서는 평생교육 프로그램 관련 정보를 어떻게 얻으셨습니까? (중복응답)7,문D1-1) 귀하께서는 평생교육 프로그램 관련 정보를 어떻게 얻으셨습니까? (중복응답)7,문D1-1) 귀하께서는 평생교육 프로그램 관련 정보를 어떻게 얻으셨습니까? (중복응답)7
문D1-1) 귀하께서는 평생교육 프로그램 관련 정보를 어떻게 얻으셨습니까? (중복응답)8,문D1-1) 귀하께서는 평생교육 프로그램 관련 정보를 어떻게 얻으셨습니까? (중복응답)8,문D1-1) 귀하께서는 평생교육 프로그램 관련 정보를 어떻게 얻으셨습니까? (중복응답)8,문D1-1) 귀하께서는 평생교육 프로그램 관련 정보를 어떻게 얻으셨습니까? (중복응답)8,문D1-1) 귀하께서는 평생교육 프로그램 관련 정보를 어떻게 얻으셨습니까? (중복응답)8
문D1-1) 귀하께서는 평생교육 프로그램 관련 정보를 어떻게 얻으셨습니까? (중복응답)9,문D1-1) 귀하께서는 평생교육 프로그램 관련 정보를 어떻게 얻으셨습니까? (중복응답)9,문D1-1) 귀하께서는 평생교육 프로그램 관련 정보를 어떻게 얻으셨습니까? (중복응답)9,문D1-1) 귀하께서는 평생교육 프로그램 관련 정보를 어떻게 얻으셨습니까? (중복응답)9,문D1-1) 귀하께서는 평생교육 프로그램 관련 정보를 어떻게 얻으셨습니까? (중복응답)9
문D1-2) 얻은 정보를 바탕으로 해당 평생교육 프로그램에 참여 하셨습니까?,문D1-2) 얻은 정보를 바탕으로 해당 평생교육 프로그램에 참여 하셨습니까?,문D1-2) 얻은 정보를 바탕으로 해당 평생교육 프로그램에 참여 하셨습니까?,0,문D1-2) 얻은 정보를 바탕으로 해당 평생교육 프로그램에 참여 하셨습니까?
문E1-1) 자신의 학습패턴에 관하여 어느 정도 동의하시는지 동의 정도를 말씀해주시기 바랍니다.__나는 책이나 판서 수업 중심으로 공부하는 것이 익숙하고 잘된다.,문E1-1) 자신의 학습패턴에 관하여 어느 정도 동의하시는지 동의 정도를 말씀해주시기 바랍니다.__나는 책이나 판서 수업 중심으로 공부하는 것이 익숙하고 잘된다.,문E1-1) 자신의 학습패턴에 관하여 어느 정도 동의하시는지 동의 정도를 말씀해주시기 바랍니다.__나는 책이나 판서 수업 중심으로 공부하는 것이 익숙하고 잘된다.,문E1-1) 자신의 학습패턴에 관하여 어느 정도 동의하시는지 동의 정도를 말씀해주시기 바랍니다.__나는 책이나 판서 수업 중심으로 공부하는 것이 익숙하고 잘된다.,문E1-1) 자신의 학습패턴에 관하여 어느 정도 동의하시는지 동의 정도를 말씀해주시기 바랍니다.__나는 책이나 판서 수업 중심으로 공부하는 것이 익숙하고 잘된다.
문E1-2) 자신의 학습패턴에 관하여 어느 정도 동의하시는지 동의 정도를 말씀해주시기 바랍니다.__나는 인터넷강의 또는 컴퓨터(전자책^ 태블릿 PC^스마트폰)를 활용한 학습이 익숙하고 잘된다.,문E1-2) 자신의 학습패턴에 관하여 어느 정도 동의하시는지 동의 정도를 말씀해주시기 바랍니다.__나는 인터넷강의 또는 컴퓨터(전자책^ 태블릿 PC^스마트폰)를 활용한 학습이 익숙하고 잘된다.,문E1-2) 자신의 학습패턴에 관하여 어느 정도 동의하시는지 동의 정도를 말씀해주시기 바랍니다.__나는 인터넷강의 또는 컴퓨터(전자책^ 태블릿 PC^스마트폰)를 활용한 학습이 익숙하고 잘된다.,문E1-2) 자신의 학습패턴에 관하여 어느 정도 동의하시는지 동의 정도를 말씀해주시기 바랍니다.__나는 인터넷강의 또는 컴퓨터(전자책^ 태블릿 PC^스마트폰)를 활용한 학습이 익숙하고 잘된다.,문E1-2) 자신의 학습패턴에 관하여 어느 정도 동의하시는지 동의 정도를 말씀해주시기 바랍니다.__나는 인터넷강의 또는 컴퓨터(전자책^ 태블릿 PC^스마트폰)를 활용한 학습이 익숙하고 잘된다.
문E1-3) 자신의 학습패턴에 관하여 어느 정도 동의하시는지 동의 정도를 말씀해주시기 바랍니다.__나는 혼자서 공부하는 것이 익숙하고 좋다.,문E1-3) 자신의 학습패턴에 관하여 어느 정도 동의하시는지 동의 정도를 말씀해주시기 바랍니다.__나는 혼자서 공부하는 것이 익숙하고 좋다.,문E1-3) 자신의 학습패턴에 관하여 어느 정도 동의하시는지 동의 정도를 말씀해주시기 바랍니다.__나는 혼자서 공부하는 것이 익숙하고 좋다.,문E1-3) 자신의 학습패턴에 관하여 어느 정도 동의하시는지 동의 정도를 말씀해주시기 바랍니다.__나는 혼자서 공부하는 것이 익숙하고 좋다.,문E1-3) 자신의 학습패턴에 관하여 어느 정도 동의하시는지 동의 정도를 말씀해주시기 바랍니다.__나는 혼자서 공부하는 것이 익숙하고 좋다.
문E1-4) 자신의 학습패턴에 관하여 어느 정도 동의하시는지 동의 정도를 말씀해주시기 바랍니다.__나는 다른 사람들과 함께 공부 하는 것이 좋다.,문E1-4) 자신의 학습패턴에 관하여 어느 정도 동의하시는지 동의 정도를 말씀해주시기 바랍니다.__나는 다른 사람들과 함께 공부 하는 것이 좋다.,문E1-4) 자신의 학습패턴에 관하여 어느 정도 동의하시는지 동의 정도를 말씀해주시기 바랍니다.__나는 다른 사람들과 함께 공부 하는 것이 좋다.,문E1-4) 자신의 학습패턴에 관하여 어느 정도 동의하시는지 동의 정도를 말씀해주시기 바랍니다.__나는 다른 사람들과 함께 공부 하는 것이 좋다.,문E1-4) 자신의 학습패턴에 관하여 어느 정도 동의하시는지 동의 정도를 말씀해주시기 바랍니다.__나는 다른 사람들과 함께 공부 하는 것이 좋다.
문F1-2) 다음 학습 관련 질문에 어느 정도 동의하시는지 동의 정도를 말씀해주시기 바랍니다.__성공적인 직장생활을 위해서는 지식과 기술을 끊임없이 향상시켜야 한다.,문F1-2) 다음 학습 관련 질문에 어느 정도 동의하시는지 동의 정도를 말씀해주시기 바랍니다.__성공적인 직장생활을 위해서는 지식과 기술을 끊임없이 향상시켜야 한다.,문F1-2) 다음 학습 관련 질문에 어느 정도 동의하시는지 동의 정도를 말씀해주시기 바랍니다.__성공적인 직장생활을 위해서는 지식과 기술을 끊임없이 향상시켜야 한다.,문F1-2) 다음 학습 관련 질문에 어느 정도 동의하시는지 동의 정도를 말씀해주시기 바랍니다.__성공적인 직장생활을 위해서는 지식과 기술을 끊임없이 향상시켜야 한다.,문F1-2) 다음 학습 관련 질문에 어느 정도 동의하시는지 동의 정도를 말씀해주시기 바랍니다.__성공적인 직장생활을 위해서는 지식과 기술을 끊임없이 향상시켜야 한다.
문F1-4) 다음 학습 관련 질문에 어느 정도 동의하시는지 동의 정도를 말씀해주시기 바랍니다.__직장에서 필요로 하는 기술을 학교에서는 배울 수 없다.,문F1-4) 다음 학습 관련 질문에 어느 정도 동의하시는지 동의 정도를 말씀해주시기 바랍니다.__직장에서 필요로 하는 기술을 학교에서는 배울 수 없다.,문F1-4) 다음 학습 관련 질문에 어느 정도 동의하시는지 동의 정도를 말씀해주시기 바랍니다.__직장에서 필요로 하는 기술을 학교에서는 배울 수 없다.,문F1-4) 다음 학습 관련 질문에 어느 정도 동의하시는지 동의 정도를 말씀해주시기 바랍니다.__직장에서 필요로 하는 기술을 학교에서는 배울 수 없다.,문F1-4) 다음 학습 관련 질문에 어느 정도 동의하시는지 동의 정도를 말씀해주시기 바랍니다.__직장에서 필요로 하는 기술을 학교에서는 배울 수 없다.
문F1-5) 다음 학습 관련 질문에 어느 정도 동의하시는지 동의 정도를 말씀해주시기 바랍니다.__교육훈련은 보다 나은 일상생활을 영위하는 데 도움을 준다.,문F1-5) 다음 학습 관련 질문에 어느 정도 동의하시는지 동의 정도를 말씀해주시기 바랍니다.__교육훈련은 보다 나은 일상생활을 영위하는 데 도움을 준다.,문F1-5) 다음 학습 관련 질문에 어느 정도 동의하시는지 동의 정도를 말씀해주시기 바랍니다.__교육훈련은 보다 나은 일상생활을 영위하는 데 도움을 준다.,문F1-5) 다음 학습 관련 질문에 어느 정도 동의하시는지 동의 정도를 말씀해주시기 바랍니다.__교육훈련은 보다 나은 일상생활을 영위하는 데 도움을 준다.,문F1-5) 다음 학습 관련 질문에 어느 정도 동의하시는지 동의 정도를 말씀해주시기 바랍니다.__교육훈련은 보다 나은 일상생활을 영위하는 데 도움을 준다.
문F1-6) 다음 학습 관련 질문에 어느 정도 동의하시는지 동의 정도를 말씀해주시기 바랍니다.__새로운 것을 배우는 것은 즐겁다.,문F1-6) 다음 학습 관련 질문에 어느 정도 동의하시는지 동의 정도를 말씀해주시기 바랍니다.__새로운 것을 배우는 것은 즐겁다.,문F1-6) 다음 학습 관련 질문에 어느 정도 동의하시는지 동의 정도를 말씀해주시기 바랍니다.__새로운 것을 배우는 것은 즐겁다.,문F1-6) 다음 학습 관련 질문에 어느 정도 동의하시는지 동의 정도를 말씀해주시기 바랍니다.__새로운 것을 배우는 것은 즐겁다.,문F1-6) 다음 학습 관련 질문에 어느 정도 동의하시는지 동의 정도를 말씀해주시기 바랍니다.__새로운 것을 배우는 것은 즐겁다.
문F1-7) 다음 학습 관련 질문에 어느 정도 동의하시는지 동의 정도를 말씀해주시기 바랍니다.__학습을 통해 자신감을 얻는다.,문F1-7) 다음 학습 관련 질문에 어느 정도 동의하시는지 동의 정도를 말씀해주시기 바랍니다.__학습을 통해 자신감을 얻는다.,문F1-7) 다음 학습 관련 질문에 어느 정도 동의하시는지 동의 정도를 말씀해주시기 바랍니다.__학습을 통해 자신감을 얻는다.,문F1-7) 다음 학습 관련 질문에 어느 정도 동의하시는지 동의 정도를 말씀해주시기 바랍니다.__학습을 통해 자신감을 얻는다.,문F1-7) 다음 학습 관련 질문에 어느 정도 동의하시는지 동의 정도를 말씀해주시기 바랍니다.__학습을 통해 자신감을 얻는다.
문F1-8) 다음 학습 관련 질문에 어느 정도 동의하시는지 동의 정도를 말씀해주시기 바랍니다.__성인학습자는 자신의 학습을 위해 무언가를 지불할 각오를 해야 한다.,문F1-8) 다음 학습 관련 질문에 어느 정도 동의하시는지 동의 정도를 말씀해주시기 바랍니다.__성인학습자는 자신의 학습을 위해 무언가를 지불할 각오를 해야 한다.,문F1-8) 다음 학습 관련 질문에 어느 정도 동의하시는지 동의 정도를 말씀해주시기 바랍니다.__성인학습자는 자신의 학습을 위해 무언가를 지불할 각오를 해야 한다.,문F1-8) 다음 학습 관련 질문에 어느 정도 동의하시는지 동의 정도를 말씀해주시기 바랍니다.__성인학습자는 자신의 학습을 위해 무언가를 지불할 각오를 해야 한다.,문F1-8) 다음 학습 관련 질문에 어느 정도 동의하시는지 동의 정도를 말씀해주시기 바랍니다.__성인학습자는 자신의 학습을 위해 무언가를 지불할 각오를 해야 한다.
문G1-1) 지난 한 해 동안 자원봉사 또는 재능기부를 한 적이 있습니까? 있다면^ 몇 회 정도 참여하셨습니까?__참여경험,문G1-1) 지난 한 해 동안 자원봉사 또는 재능기부를 한 적이 있습니까? 있다면^ 몇 회 정도 참여하셨습니까?__참여경험,문G1-1) 지난 한 해 동안 자원봉사 또는 재능기부를 한 적이 있습니까? 있다면^ 몇 회 정도 참여하셨습니까?__참여경험,문G1-1) 지난 한 해 동안 자원봉사 또는 재능기부를 한 적이 있습니까? 있다면^ 몇 회 정도 참여하셨습니까?__참여경험,문G1-1) 지난 한 해 동안 자원봉사 또는 재능기부를 한 적이 있습니까? 있다면^ 몇 회 정도 참여하셨습니까?__참여경험
문G1-1) 지난 한 해 동안 자원봉사 또는 재능기부를 한 적이 있습니까? 있다면^ 몇 회 정도 참여하셨습니까?__참여횟수,문G1-1) 지난 한 해 동안 자원봉사 또는 재능기부를 한 적이 있습니까? 있다면^ 몇 회 정도 참여하셨습니까?__참여횟수,문G1-1) 지난 한 해 동안 자원봉사 또는 재능기부를 한 적이 있습니까? 있다면^ 몇 회 정도 참여하셨습니까?__참여횟수,문G1-1) 지난 한 해 동안 자원봉사 또는 재능기부를 한 적이 있습니까? 있다면^ 몇 회 정도 참여하셨습니까?__참여횟수,문G1-1) 지난 한 해 동안 자원봉사 또는 재능기부를 한 적이 있습니까? 있다면^ 몇 회 정도 참여하셨습니까?__참여횟수
문G1-2) 지난 한 해 동안 자선단체에 기부 또는 후원한 적이 있습니까? 있다면^ 몇 회 정도 참여하셨습니까?__참여경험,문G1-2) 지난 한 해 동안 자선단체에 기부 또는 후원한 적이 있습니까? 있다면^ 몇 회 정도 참여하셨습니까?__참여경험,문G1-2) 지난 한 해 동안 자선단체에 기부 또는 후원한 적이 있습니까? 있다면^ 몇 회 정도 참여하셨습니까?__참여경험,문G1-2) 지난 한 해 동안 자선단체에 기부 또는 후원한 적이 있습니까? 있다면^ 몇 회 정도 참여하셨습니까?__참여경험,문G1-2) 지난 한 해 동안 자선단체에 기부 또는 후원한 적이 있습니까? 있다면^ 몇 회 정도 참여하셨습니까?__참여경험
문G1-4) 지난 한 해 동안 지역사회단체에 참여한 적이 있습니까? 있다면^ 몇 회 정도 참여하셨습니까?__참여경험,문G1-4) 지난 한 해 동안 지역사회단체에 참여한 적이 있습니까? 있다면^ 몇 회 정도 참여하셨습니까?__참여경험,문G1-4) 지난 한 해 동안 지역사회단체에 참여한 적이 있습니까? 있다면^ 몇 회 정도 참여하셨습니까?__참여경험,문G1-4) 지난 한 해 동안 지역사회단체에 참여한 적이 있습니까? 있다면^ 몇 회 정도 참여하셨습니까?__참여경험,문G1-4) 지난 한 해 동안 지역사회단체에 참여한 적이 있습니까? 있다면^ 몇 회 정도 참여하셨습니까?__참여경험
문G1-4) 지난 한 해 동안 지역사회단체에 참여한 적이 있습니까? 있다면^ 몇 회 정도 참여하셨습니까?__참여횟수,문G1-4) 지난 한 해 동안 지역사회단체에 참여한 적이 있습니까? 있다면^ 몇 회 정도 참여하셨습니까?__참여횟수,문G1-4) 지난 한 해 동안 지역사회단체에 참여한 적이 있습니까? 있다면^ 몇 회 정도 참여하셨습니까?__참여횟수,문G1-4) 지난 한 해 동안 지역사회단체에 참여한 적이 있습니까? 있다면^ 몇 회 정도 참여하셨습니까?__참여횟수,문G1-4) 지난 한 해 동안 지역사회단체에 참여한 적이 있습니까? 있다면^ 몇 회 정도 참여하셨습니까?__참여횟수
문H1) 귀하께서는 전반적으로 현재의 생활에 얼마나 만족하십니까?,문H1) 귀하께서는 전반적으로 현재의 생활에 얼마나 만족하십니까?,문H1) 귀하께서는 전반적으로 현재의 생활에 얼마나 만족하십니까?,문H1) 귀하께서는 전반적으로 현재의 생활에 얼마나 만족하십니까?,문H1) 귀하께서는 전반적으로 현재의 생활에 얼마나 만족하십니까?
문H2-1) 평생학습 참여가 삶의 질 향상에 얼마나 도움^ 아직 경험이 없다면 삶의 질 향상에 얼마나 도움이 될 것인지 생각하십니까?__3) 사회참여 만족도,문H2-1) 평생학습 참여가 삶의 질 향상에 얼마나 도움^ 아직 경험이 없다면 삶의 질 향상에 얼마나 도움이 될 것인지 생각하십니까?__3) 사회참여 만족도,문H2-1) 평생학습 참여가 삶의 질 향상에 얼마나 도움^ 아직 경험이 없다면 삶의 질 향상에 얼마나 도움이 될 것인지 생각하십니까?__3) 사회참여 만족도,문H2-1) 평생학습 참여가 삶의 질 향상에 얼마나 도움^ 아직 경험이 없다면 삶의 질 향상에 얼마나 도움이 될 것인지 생각하십니까?__3) 사회참여 만족도,문H2-1) 평생학습 참여가 삶의 질 향상에 얼마나 도움^ 아직 경험이 없다면 삶의 질 향상에 얼마나 도움이 될 것인지 생각하십니까?__3) 사회참여 만족도
문H2-1) 평생학습 참여가 삶의 질 향상에 얼마나 도움^ 아직 경험이 없다면 삶의 질 향상에 얼마나 도움이 될 것인지 생각하십니까?__4) 경제적 안정감,문H2-1) 평생학습 참여가 삶의 질 향상에 얼마나 도움^ 아직 경험이 없다면 삶의 질 향상에 얼마나 도움이 될 것인지 생각하십니까?__4) 경제적 안정감,문H2-1) 평생학습 참여가 삶의 질 향상에 얼마나 도움^ 아직 경험이 없다면 삶의 질 향상에 얼마나 도움이 될 것인지 생각하십니까?__4) 경제적 안정감,문H2-1) 평생학습 참여가 삶의 질 향상에 얼마나 도움^ 아직 경험이 없다면 삶의 질 향상에 얼마나 도움이 될 것인지 생각하십니까?__4) 경제적 안정감,문H2-1) 평생학습 참여가 삶의 질 향상에 얼마나 도움^ 아직 경험이 없다면 삶의 질 향상에 얼마나 도움이 될 것인지 생각하십니까?__4) 경제적 안정감
DQ1. 귀하의 최종 학력은 어떻게 되십니까?__상태구분,DQ1. 귀하의 최종 학력은 어떻게 되십니까?__상태구분,DQ1. 귀하의 최종 학력은 어떻게 되십니까?__상태구분,DQ1. 귀하의 최종 학력은 어떻게 되십니까?__상태구분,DQ1. 귀하의 최종 학력은 어떻게 되십니까?__상태구분
DQ2. 귀하께서는 자녀가 있으십니까? 있다면^ 귀하의 막내자녀는 현재 어떤 상태입니까?,DQ2. 귀하께서는 자녀가 있으십니까? 있다면^ 귀하의 막내자녀는 현재 어떤 상태입니까?,DQ2. 귀하께서는 자녀가 있으십니까? 있다면^ 귀하의 막내자녀는 현재 어떤 상태입니까?,DQ2. 귀하께서는 자녀가 있으십니까? 있다면^ 귀하의 막내자녀는 현재 어떤 상태입니까?,DQ2. 귀하께서는 자녀가 있으십니까? 있다면^ 귀하의 막내자녀는 현재 어떤 상태입니까?
DQ2-1.미취학인 막내자녀의 주된 육아형태는 어떻게 되십니까?,DQ2-1.미취학인 막내자녀의 주된 육아형태는 어떻게 되십니까?,DQ2-1.미취학인 막내자녀의 주된 육아형태는 어떻게 되십니까?,DQ2-1.미취학인 막내자녀의 주된 육아형태는 어떻게 되십니까?,DQ2-1.미취학인 막내자녀의 주된 육아형태는 어떻게 되십니까?
DQ3. 귀하께서는 함께 동거하는 가족이 있습니까?,DQ3. 귀하께서는 함께 동거하는 가족이 있습니까?,DQ3. 귀하께서는 함께 동거하는 가족이 있습니까?,DQ3. 귀하께서는 함께 동거하는 가족이 있습니까?,DQ3. 귀하께서는 함께 동거하는 가족이 있습니까?
DQ3. 몇 명과 함께 지내고 있습니까?__명,DQ3. 몇 명과 함께 지내고 있습니까?__명,DQ3. 몇 명과 함께 지내고 있습니까?__명,DQ3. 몇 명과 함께 지내고 있습니까?__명,DQ3. 몇 명과 함께 지내고 있습니까?__명
DQ4. 귀하께서는 부양할 가족이 있습니까? (동거여부 무관),DQ4. 귀하께서는 부양할 가족이 있습니까? (동거여부 무관),DQ4. 귀하께서는 부양할 가족이 있습니까? (동거여부 무관),DQ4. 귀하께서는 부양할 가족이 있습니까? (동거여부 무관),DQ4. 귀하께서는 부양할 가족이 있습니까? (동거여부 무관)
DQ5. 귀하께서는 취학 전의 손자·손녀가 있습니까? (동거여부 무관),DQ5. 귀하께서는 취학 전의 손자·손녀가 있습니까? (동거여부 무관),DQ5. 귀하께서는 취학 전의 손자·손녀가 있습니까? (동거여부 무관),DQ5. 귀하께서는 취학 전의 손자·손녀가 있습니까? (동거여부 무관),DQ5. 귀하께서는 취학 전의 손자·손녀가 있습니까? (동거여부 무관)
DQ5-1.지난 한 해 동안 취학 전의 손자·손녀를 보육한 경험이 있습니까?,DQ5-1.지난 한 해 동안 취학 전의 손자·손녀를 보육한 경험이 있습니까?,DQ5-1.지난 한 해 동안 취학 전의 손자·손녀를 보육한 경험이 있습니까?,DQ5-1.지난 한 해 동안 취학 전의 손자·손녀를 보육한 경험이 있습니까?,DQ5-1.지난 한 해 동안 취학 전의 손자·손녀를 보육한 경험이 있습니까?
DQ6. 귀하께서는 건강에 자신 있습니까?,DQ6. 귀하께서는 건강에 자신 있습니까?,DQ6. 귀하께서는 건강에 자신 있습니까?,DQ6. 귀하께서는 건강에 자신 있습니까?,DQ6. 귀하께서는 건강에 자신 있습니까?
DQ7. 귀하의 주된 소득원천은 무엇입니까?,DQ7. 귀하의 주된 소득원천은 무엇입니까?,DQ7. 귀하의 주된 소득원천은 무엇입니까?,DQ7. 귀하의 주된 소득원천은 무엇입니까?,DQ7. 귀하의 주된 소득원천은 무엇입니까?
DQ8. 귀하께서는 현재 수입을 목적으로 일하고 계십니까?,DQ8. 귀하께서는 현재 수입을 목적으로 일하고 계십니까?,DQ8. 귀하께서는 현재 수입을 목적으로 일하고 계십니까?,DQ8. 귀하께서는 현재 수입을 목적으로 일하고 계십니까?,DQ8. 귀하께서는 현재 수입을 목적으로 일하고 계십니까?
DQ8-1. 귀하께서는 혹시 일자리를 찾고 계십니까?,DQ8-1. 귀하께서는 혹시 일자리를 찾고 계십니까?,DQ8-1. 귀하께서는 혹시 일자리를 찾고 계십니까?,DQ8-1. 귀하께서는 혹시 일자리를 찾고 계십니까?,DQ8-1. 귀하께서는 혹시 일자리를 찾고 계십니까?
DQ8-2. 귀하께서는 다음 중 어떤 상태에 가장 가까우십니까?,DQ8-2. 귀하께서는 다음 중 어떤 상태에 가장 가까우십니까?,DQ8-2. 귀하께서는 다음 중 어떤 상태에 가장 가까우십니까?,DQ8-2. 귀하께서는 다음 중 어떤 상태에 가장 가까우십니까?,DQ8-2. 귀하께서는 다음 중 어떤 상태에 가장 가까우십니까?
DQ8-3. 귀하는 은퇴 전에 어떤 직업에 종사 하셨습니까?,DQ8-3. 귀하는 은퇴 전에 어떤 직업에 종사 하셨습니까?,DQ8-3. 귀하는 은퇴 전에 어떤 직업에 종사 하셨습니까?,DQ8-3. 귀하는 은퇴 전에 어떤 직업에 종사 하셨습니까?,DQ8-3. 귀하는 은퇴 전에 어떤 직업에 종사 하셨습니까?
DQ9. 귀하의 현재 고용형태는 어떻게 되십니까?,DQ9. 귀하의 현재 고용형태는 어떻게 되십니까?,DQ9. 귀하의 현재 고용형태는 어떻게 되십니까?,DQ9. 귀하의 현재 고용형태는 어떻게 되십니까?,DQ9. 귀하의 현재 고용형태는 어떻게 되십니까?
DQ9-1. 귀하의 현재 종사상 지위는 어떻게 되십니까?,DQ9-1. 귀하의 현재 종사상 지위는 어떻게 되십니까?,DQ9-1. 귀하의 현재 종사상 지위는 어떻게 되십니까?,DQ9-1. 귀하의 현재 종사상 지위는 어떻게 되십니까?,DQ9-1. 귀하의 현재 종사상 지위는 어떻게 되십니까?
DQ10. 귀하는 현재 어떤 직업에 종사하고 계십니까?,DQ10. 귀하는 현재 어떤 직업에 종사하고 계십니까?,DQ10. 귀하는 현재 어떤 직업에 종사하고 계십니까?,DQ10. 귀하는 현재 어떤 직업에 종사하고 계십니까?,DQ10. 귀하는 현재 어떤 직업에 종사하고 계십니까?
DQ12. 귀하의 현재 직장에서의 근무기간은 얼마나 되십니까?__년,DQ12. 귀하의 현재 직장에서의 근무기간은 얼마나 되십니까?__년,DQ12. 귀하의 현재 직장에서의 근무기간은 얼마나 되십니까?__년,DQ12. 귀하의 현재 직장에서의 근무기간은 얼마나 되십니까?__년,DQ12. 귀하의 현재 직장에서의 근무기간은 얼마나 되십니까?__년
성별,성별,성별,성별,성별
만 연령,만 연령,만 연령,만 연령,만 연령
경활상태,경활상태,경활상태,경활상태,경활상태
지역규모별,지역규모별,지역규모별,지역규모별,지역규모별
동거가족 유무,동거가족 유무,동거가족 유무,동거가족 유무,동거가족 유무
취학 전의 손자/손녀 유무,취학 전의 손자/손녀 유무,취학 전의 손자/손녀 유무,취학 전의 손자/손녀 유무,취학 전의 손자/손녀 유무
건강에 대한 자신감,건강에 대한 자신감,건강에 대한 자신감,건강에 대한 자신감,건강에 대한 자신감
취약계층,취약계층,취약계층,0,0
취업구분,취업구분,취업구분,취업구분,취업구분
0,DQ13.귀하의 현재 월평균소득(임금 또는 사업소득만 세후 기준으로)은 얼마나 되십니까?,DQ13.귀하의 현재 월평균소득(임금 또는 사업소득만 세후 기준으로)은 얼마나 되십니까?,DQ13.귀하의 현재 월평균소득(임금 또는 사업소득만 세후 기준으로)은 얼마나 되십니까?,0
고용형태,고용형태,고용형태,고용형태,고용형태
근로시간형태,근로시간형태,근로시간형태,근로시간형태,근로시간형태
직업,직업,직업,직업,직업
직장의 규모,직장의 규모,직장의 규모,직장의 규모,직장의 규모
근무기간,근무기간,근무기간,근무기간,근무기간
원가중치,원가중치,원가중치,원가중치,원가중치
평생학습 참여자,평생학습 참여자,평생학습 참여자,평생학습 참여자,평생학습 참여자
형식교육 참여자,형식교육 참여자,형식교육 참여자,형식교육 참여자,형식교육 참여자
비형식교육 참여자,비형식교육 참여자,비형식교육 참여자,비형식교육 참여자,비형식교육 참여자
직업관련 비형식교육 참여자,0,0,직업관련 비형식교육 참여자,직업관련 비형식교육 참여자
동시 참여자,동시 참여자,동시 참여자,동시 참여자,동시 참여자
