username,date,review
bo**6749,2023.10.02,"완전 빠졌었음 
이제야 감상을 남기다니.."
ko**79a,2022.01.20,Good 👍 👍
jw**n0413,2020.06.30,볼만했어요치매영화임
st**love2003,2020.01.27,누구에게나 있을법한 내용이지만.. 노령화되가는 지금 이때에 너무나 마음아픈 스토리입니다..
행바,2020.01.05,최고의 로맨스영화입니다!
똘리맘,2019.12.18,"진짜~인생영화였어♡
영화관람 후 바로~부모님께~전화한통화
했습니다"
강하늘,2019.12.18,정말 눈물 콧물 다 뚝뚝 흘리고 나왔네요 이순재 정영숙 쌤 연기 역시 최고!!
평촌바닥,2019.11.24,부모님보여드렸습니다.
hs**814,2019.10.25,"앞으로 누구나 경험할수 있는 현실 앞에서 ...
엄숙히 고개를 숙일수 밖에 없었던 영화
계속 울다 나온 기억이~~
건강하게 삽시다.."
ho**est85,2019.10.19,완전 슬픈 영화이지만 현실에서 볼수 있는
곽민경사랑해,2019.10.17,좋았다. 잔잔한 감동과 슬픔이 잘 어울어짐.
bi**smoma,2019.09.05,그리 현실적이진 않은 얘기지만 어른 모시고 사는 모든 분들은 공감 가는 어떤 게 있었어요.
sk**inejong,2019.09.01,"보는 내내 눈물이나는 영화입니다ㅜㅜ
가슴이 찡ㅜㅜㅜ 흑흑ㅜㅜㅜ 사랑이 싹트는영화ㅜㅜ 옆사람에게 잘합시다"
co**717,2019.08.31,슬픔 현실을 반영하고  앞으로의삶을 되돌아봄
yeon237,2019.08.29,감동적인 노부부 사랑이야기
ps**201,2019.08.15,선생님들의 치매연기 최고에요~♡♡
as**qw1112,2019.08.13,슬프기도 했지만 감동도 있었고 먹먹하고 ㅠㅠ
yc**m667,2019.08.10,가족애를 느낄 수있는 따뜻한 영화
아름다운 인생♡,2019.07.11,늙어가는 것에 대해..남은사람들에 대해  ..생각해보게 되는 영화네요
le**723,2019.07.11,진짜 엉엉 울었던 영화.. 엄마랑 같이 봤는데 엄마는 옆에서 주무셨지만ㅋㅋㅋㅋ 덕분에 진짜 펑펑 울 수 있었음
찡츄리,2019.07.06,실제 있을 수 있는 이야기로 공감과 슬픔을 가져다주었다.
ju**ssi123,2019.07.03,뜻깊은영화였어요 ㅎㅎ
ar**riah,2019.07.03,자식들의입장에이입이되어 씁쓸했어요ㅠ
봉E,2019.06.28,노화로 생기는 인간의 문제점
dl**dgml2255,2019.06.26,아름다운  영화였습니다.. 감동
에츄,2019.06.22,보면서 울었습니다 부모님 생각도 나고 제가 늙었을 때도 상상하게 되고 그랬습니다 슬퍼요
BIue,2019.06.16,좋았어여 눈물나여~~~
21**4bun,2019.06.16,정말 아름다웠습니다 오랜만에 펑펑울었어요
미니챠챠,2019.06.14,엄마와 함께 영화관에 들러 관람하였습니다. 엄마는 먼나라 이야기가 아닌것같다시며 많은 공감을 하시며 보셨던것같아요. 배우들의 연기와 스토리에 함께 슬퍼하며 기뻐하며 관람했던것같습니다.
썽난이,2019.06.12,노년의 이야기로 묶기에는 현실 우리 가족의 이야기...
se**75,2019.06.11,하염없이 흐르는 눈물이 감상평을 대신합니다
ly**15,2019.06.10,인생사는 것이 마음 짠하네요
냉이야,2019.06.08,졓아... 형 눈물없는데 눈물흘렸다
방학돌려줘,2019.06.08,"할머니 할아버지가 많이 생각나네요,,"
db**ud1008,2019.06.04,좋앗어요ㆍ ㆍ여러분도보세요
열정앙,2019.06.04,사실이고 현실인 이야기...가슴아픈 이야기...
al**ydekdns,2019.06.01,보는동안눈물이계속흘렀던...ㅜㅜ정말감동또감동이었어요
WiseLamp,2019.06.01,"어머니와 함께 봤는데, 너무 가슴이 아프네요."
리오의태양,2019.05.30,감동이 밀려옵니다 어머니 생각도 나고~
귀요미갱이,2019.05.30,감동쓰 눈물 주륵입니다
ma**z5050,2019.05.28,로망은 결코 노망이 아니더라
그레이스,2019.05.28,더욱더 부모님을 생각하는 마음이 듭니다
tt**167,2019.05.28,감동적이었고 재밌었어요
gs**890,2019.05.27,부부의 아름다운 사랑을 보았습니다
th**s13579,2019.05.19,진짜 펑펑 울고싶을 때 보면 좋을 거같은 영화!
ye**190,2019.05.19,너무 슬프네요.감동적이야
한화인,2019.05.18,넘  슬픈 현실이네여  계속 울었어요
hw**ungyom,2019.05.17,"고령화 나이듦 치매 
세상에서제일좋은건부부"
윤민녕,2019.05.16,치매는 자신보다 내 옆에 있는 사람이 더 무너져가는 병이 아닐까...
하랑5189,2019.05.16,"두 원로 배우의 연기가 너무 실감나서
몰입하였고 부모님 생각나서 눈물이 ...
치매, 걸리지 말아야 할  힘든 병임을
다시금 느끼게 하는  영화였어요."
jeongsu1026,2019.05.15,"누구에게도 일어날 수 없는 일~
저는 부모님이나 다른 사람보다 저에게 일어날 수 있다 생각하면서 봤습니다
모두 이해되고 공감되고"
wk**hdntru1,2019.05.14,예매해놓고못봤는데 진짜 궁금.. 볼만한가요..?
Aileen,2019.05.14,좋았어요 ㅎ 감동적이고
ek**jd1004,2019.05.13,강추합니다 꼭보세요 감사합니다
류제스,2019.05.13,내용뿐만아니라 연출이좋았습니다
블루나무꾼,2019.05.11,부모님 사랑해요~^^
rn**ls1357,2019.05.11,부모님이 펑펑 우신영화
동글이,2019.05.11,술프지만 좋았슴 니그당 ..
pa**ime1,2019.05.10,감동적이고 좋았어요.
날다77,2019.05.08,너무너무 울었던 기억.나의 미래가 될거 같아 두려웠던 영화입니다
깜찍영화광,2019.05.07,가슴 찡~~!한 영화 부모님께 효도합시다
할인적립쿠폰,2019.05.07,영화 보는내내 눈물 흘리면서 봤습니다
민군2,2019.05.07,너무 슬퍼요ㅜ 이런 실버영화 많이 좀 나왔으면
1g**13,2019.05.06,좋아요????????연기력도 좋고 근데 조금 슬프긴하더라구요 안타깝고
탱구리,2019.05.04,좋은데 좀 부족한 느낌이에요
eu**ung6525,2019.05.04,"계속울면서 봤어요~
영화잘만든거같아요"
상큼샘물,2019.05.03,늙어감에 대해 아픔을 공감하는 것에 대해
유혜조,2019.05.02,잔잔하구..넘 좋았습니다
다당2♡,2019.05.02,젊었을때나  잘하지. . .왜  다늘어서 잘하려고하는거야 ?
jw**492,2019.05.01,재미나게 보고오셧러요
"안녕,워리",2019.05.01,최고예요. 무조건 봐야 합니다.
오예진입니당,2019.04.30,안조이이상해싫어 보디마요
95101328,2019.04.30,"눈물 바다 영화입니다.
손수건 휴지 꼭 챙기세요"
Stella♤,2019.04.30,"한번쯤 꼭 볼만한 영화인것같아요
눈물이 주륵주륵 ㅠ
효도해야지 !!!! ㅠ"
마곰,2019.04.30,잔잔한 노년의 감동 ㅠ_ㅠ
휴먼조,2019.04.30,인생 황혼기의 마지막 로맨스!!
Whitehead,2019.04.30,치매는 꼭 치료법이 나오기를..
지니여보,2019.04.30,정말 재미있게 봤어요~!
pa**89,2019.04.30,생각보다 그냥.  화가남 왜 남자들은 큰소리로 부인한테 말을 함부로 하는지 짜증남
양파링뽀,2019.04.30,엄빠께서 아주 좋았다고함 박수!!!
두빛나래0726,2019.04.29,언젠가  내게도  일어날  수  있는  이야기
돼ㅈㅣㅣ,2019.04.29,생일볼까 로망볼까 했는데 진짜 이거보면서 펑펑 울었어요ㅠㅠㅠ 부모님생각도 나고 너무 슬퍼서 후반부에 진짜 많이 울었던 영화에요ㅜㅠ
db1230,2019.04.29,감동적이고 여운이남네여 ㅠㅜ
빛나는 별처럼,2019.04.28,잔잔한 영화 잘봤어요  생각하게 되는 영화예요
하나야,2019.04.28,정말 아름다운 노년입니다.  현실은 어떨지...???
wi**my7,2019.04.28,재미있게 잘 봤습니다 좋은 영화
햇무리,2019.04.27,누구나 보낼수 있는 시기이며 생각해봐야 할 사회적 문제들~
gk**jd3421,2019.04.27,재밌어요 조아요 조아조아
세준s,2019.04.27,ㅜㅜㅜ스러르우우ㅜㅜㅜㅜ떡볶이맛있어
지식나눔,2019.04.27,"노년에 부부가 침해관련
그린영화로 남일같지 않네요"
gp**5718,2019.04.26,너무 감동입니다 ㅜ 꼭보세요!!
쥬니하치,2019.04.26,쪽지로 대화할때 정말.. 귀엽기도 하지만 마음이 아팠네요ㅠㅠ 죽지 마세요 ㅜㅜㅠ
씨지브이12,2019.04.26,엄마랑같이봤어요~~
좋은 나날,2019.04.26,부모님생각에 보는내내 울었어요
dl**wjd456,2019.04.26,눈물을 부르는 요소가 많더라구요 참으려ㆍ고해도 흐르는건 막을수가없네요 그만큼 몰입도가 최고
우리는천사가족,2019.04.26,웃음과 눈물로 보낸 시간 끝나고나니 부모님이 생각나네요
yh**617,2019.04.26,"너무 감동적이에요
치매에대해 다시 생각하게끔하네요"
gu**gyun1985,2019.04.26,감동적이에요..ㅎㅎ
na**r82,2019.04.26,눈물 났네요 ~~ 좋은 영화 감사합니다
varkala,2019.04.25,늙으면 쓸쓸.... 함께 하는 사람이 있으면 해요
hy**i6993,2019.04.25,현실감 있어 조금 섭섭했어요
kj**660,2019.04.25,감동적이었어요 눈물남
아차산엔젤,2019.04.25,가치봄 취지는 좋은데 영화 몰입도가 떨어져서 좀 실망스럽네요
lo**kyj812,2019.04.25,이영화를보고 많은 사람들이 치매에대해서 알았으면 좋겠습니다.
du**ms1856,2019.04.25,너무너무 감동적이에요
영ㅇㅇ민,2019.04.25,살포시 어긋난 퍼즐이지만 연기력으로 승화
하비비153,2019.04.25,머지않아 내 일이 될 수도 있겠다는 생각...
zadk,2019.04.25,상업영화는 아니지만 많은 사람들이 꼭 한번은 봤으면 싶은 영화예요. 정말 감동적입니다.
클레버폰유저,2019.04.25,안봐서 어떠한지 모르겠다.
cYRAnO,2019.04.24,"가치봄. 우리말 영화에 자막이 있는 것도 말로 해설하는 것도 처음이었고 집중하기 어려울 거라 생각했지만, 배우들 연기와 연출 덕분에 펑펑 울고 뭉클해져 나왔다. 치매에 대해 생각해볼 수 있는 영화를 장애를 함께 하는 것도 좋다는 것을 알게 해줬다."
ki**5498,2019.04.24,부모님‥부모님‥죄송해요 사랑해요
Su812,2019.04.24,잘봤어요 치매 환자들의 다른 시선도 볼 수 있었어요
hongababy,2019.04.24,부모님을 다시 한번 생각하게하는 영화였네요...
ky**eoun,2019.04.24,너무나 슬프고 우리 현실인것 같다
do**d2,2019.04.24,가지고 간 휴지 다씀 ㅠㅠㅠㅠ
돌안나님,2019.04.24,부모님이랑 다시한번 더 보고싶네요
사토타케루,2019.04.24,내가  사는  지역에서  촬영된거라 봤는데  배우님들 연기에  눈물  한바가지  쏟으면서  봤어요  멀지않은  내 이야기여서  공감이  됐습니다
pj**735,2019.04.24,잔잔하고 은은한. 여운이 남는 영화였어요~~
강솔,2019.04.24,어째서 명배우라 하는지 알수있다
ch**ple77,2019.04.24,볼만햇어요~~~~ㅎㅎㅎㅎ
매너김,2019.04.24,함께하는 베어프리영화 조금집중이힘드네여~
깨비내사랑,2019.04.23,부모님 생각이 많이 나네요.
범사감사^^,2019.04.23,우리가 비껴갈수 없는 현실인것 같아요..
mplay,2019.04.23,흠~좀 별로였어요;;;
3000 만큼 사랑해~♡,2019.04.22,"어느 누구도 비켜 갈 수가 없겠죠~
나이를 먹고, 병이 걸리고~
현실을 너무 반영한다는 느낌이랄까~
엄청 울었네요~
저희 아빠도 영화관 나오시면서 엄마(아내)에게 잘 해야겠다~라고 하시네요~^^"
미필적고의,2019.04.22,분명 다양성 영화들이 흥행과는 상관없이 제작되어지고 있는건 반가운 일이지만....잘만들지 못한 영화는 외면 받을 수 밖에 ㅠ ㅠ 아무리 배우들 연기가 좋으면 뭐하나 서사를 이끌어가는 연출력이 드라마 신입 P.D 만도 못한데;;
ay**st,2019.04.22,너무슬퍼서 많이울었어요
dl**jwls403,2019.04.22,진짜 펑펑 울었습니당 .. 너무 슬퍼요
kh**78,2019.04.21,너무 슬프지만 좋았음!
el**y24,2019.04.21,재미를 기대하고 본 영화가 아니라서 그럭저럭 볼만해요
힐링~~^^,2019.04.21,가슴이아프고 마음멍해지는영화
ph**71,2019.04.21,배우들의 연기가 굉장히 좋았고 슬펐다.
kh**70608,2019.04.21,좋았어요. 하지만앤딩부분이약간아쉽네요
po**one,2019.04.21,너무감동적이에요~~~
soojin00,2019.04.21,잘봤습니다. 슬퍼요ㅜㅜ
Like,2019.04.20,노무 좋으요 으흐흐~~
dl**ssk0713,2019.04.20,"처음부터 끝까지 감동적입니다
우느라 정신이없던..
휴지꼭챙겨가세요 ㅠㅠ"
고죠사토루,2019.04.20,엔딩도 짠하고 부모님 생각하게 하는 영화였어요
내사랑푸우,2019.04.20,좋아요 좋아요 감동 짱짱
ja**ajum,2019.04.20,꼭 보세용 ㅠㅠ 눈이 부어 죽는줄 알았어요
windisky,2019.04.20,치매라는 소재를 다루는 방식이 현실적이면서도 너무 슬펐어요. 서로가 서로를 돌보시려고 벽에 글씨 쓴 종이로 의사소통하는 장면 너무 인상적이었습니다. 많이 울었어요.
마영달,2019.04.19,어머니가 좋게 보셨네요.
mn**jh14,2019.04.19,슬펏어요 마음아푸네여....
romicomi,2019.04.19,정말 웃고울고^^ 나이드는걸 잘받아들이고 아픈것도 받아들여야겠어요~
di**ghdnru,2019.04.19,설정을 활용하는 방법은 도식적이고 과장된 캐릭터 때문에 영화 보다는 주말 연속극 느낌이 난다 그래도 설정의 기본이 주는 힘은 있다.
우를,2019.04.19,나도 저렇게될수도...  너무 많이울었다
청위,2019.04.19,"꼭 보세요.   준비하는 노후 영화
네요"
알쏭달쏭무지개,2019.04.19,우리는누구나늙어가겠죠?어떻케사느냐가아니고잘늙어가는것은인생에서커다란숙제입니다저알감동을주는영화입니다이순재ㅡ정영숙어르신연기는최고입니다지금머머니아버지안부전화하고싶네요
라포미,2019.04.19,생각보다별로....
no**ona1,2019.04.18,이순재...할아버지..연기..짱~
로보캅21,2019.04.18,마음이 아픈 이야기네요
남트리,2019.04.18,너무슬픔ㅜㅜ...인생중 제일슬픈영화에요
이솔,2019.04.18,ㅎㅎㅎ 이순재 선생님 연기는 역시!!!
Reesia,2019.04.18,"올때가 되서 오는거라 무섭지 않다는 말이
뭐 이렇게 슬퍼..
코는 훌쩍대고 눈물줄줄.."
nayaho,2019.04.18,"받아들이기 힘든 것들을 받아들이는 과정. 삶의 순환. 주위사람에게, 나에게 다가올 수 있는 미래이자 현재진행중인.. 사랑을 나눌 시간은 지금 현재 입니다."
와따시와세이,2019.04.18,"개봉관이적어아쉬움  억지 신파겠거니했는데 자연스럽게 감동 , 눈물주는영화 , 결말도신선했다"
빛그림,2019.04.18,"왜 이 영화가 이렇게 상영관이 적지?
더 많이 봤으면 좋겠다는 생각~~"
칼릴 지브란,2019.04.18,"로망이라 쓰고, 노망이라 부른다."
러브강이,2019.04.17,로망 너무좋았습니다. 최고에요
밍듕쓰,2019.04.17,부모님생각과 미래의 저에대한 생각 많이 드는 영화였습니다ㅠㅠ
융낭v,2019.04.17,부모님이 치매라면..하는 생각이 많이 드네요
bu**lestep,2019.04.17,스토리는 진부하고 별로입니다. 캐릭터도 진짜 전형적인...그런 캐릭터고 하지만 배우분들 연기가 너무 좋았고 감정이입이 잘됐습니다
내세끼,2019.04.17,"누구나 아픔은 있나봐요
자신의 실수로 자식을잃고  그속에서 혜어날수 없어 일만하던
제자신을돌아보게되네요"
tj**d827,2019.04.17,배우들의 좋은 연기!!
성령이오셨네,2019.04.17,너무너무재밌고 볼만해요 강추 꼭봐요
cg팬,2019.04.17,완전 슬퍼요 폭풍눈물 부모님이 계실때 잘해드려야되는데 속만썩이네요ㅜㅜ
캣츠아이,2019.04.17,"따뜻한 영화이예요.
단지 스토리가 않좋았던거 같네요.
저희 할머니두 치매으로 돌아가셨는데요.
그해 오빠가 결혼식을 올린해였답니다.
전 눈물을 흠치며 본거 같아요.
부모님이 항상 기다리지 않습니다."
dh**um,2019.04.17,"당신의 로망은 무엇인가요?
쟈스민의 향기처럼 진한 향기가 남는 아름다운 영화"
wj**uf928,2019.04.17,"완전 울컥하며
짠한 마음으로 보는내내 눈시울적시며 봤어요"
맑은눈송이,2019.04.17,너무재밌으셨대요 부모님이
슈렉여친,2019.04.17,두 노배우의 대단한 연기력에 못미치는 연출력
lseonga_00,2019.04.17,감동적이였어요! 부모님 생각이 많이 나는 영화였습니다.
재클린,2019.04.17,"그저 그랬답니다
이순재님께 화이팅을"
aradne,2019.04.16,부모님의 소중함을 다시 한번 느끼게 해준 영화
kh**1010,2019.04.16,"잘봤어요
잔잔한영화입니다"
션동하오,2019.04.16,치매에 대해 다시 생각하게 하다
Kaizoku Banbaku,2019.04.16,슬프고 슬프고 슬펐다.
민지,2019.04.16,가슴이 찡해지는 영화ㅠㅠㅠㅠ잔잔한영화 너무 좋아요
리사매튜,2019.04.16,깜빡하고 못 갔다는 ㅠㅜ
쏘17,2019.04.16,믿고 보는 이순재선생님의 연기와 중년의 로맨스 스토리 잘봤습니다:)
si**sik2,2019.04.16,어머니께서 감동 받으셨다고 합니다
난 영화를 좋아해,2019.04.16,모든 사람들이 나이를 들것이니 한번쯤 보는건 어떠한가
sa**acafe,2019.04.16,"연극을 그대로ㅜㅜ 
연극으론 좋은데, 감독의 실수
  그 좋은 배우들과 이정도 밖에 못하다니. 
내가 좋아하던 연극였는데"
le**97141,2019.04.16,씁쓸하지만 재밌게봤네요
짜민,2019.04.16,슬펐지만 잔잔한 감동을 주는 영화
li**9jj,2019.04.16,배우 연기가 많이 좋았어요
비디럽,2019.04.16,"할머니생각났어요
보는내내 마음이무겁고아팠네요"
jo**316,2019.04.15,goodgoodgood
쫑널스,2019.04.15,흥미진진한 스토리가 최고
my**ng303,2019.04.15,"티비 드라마느낌
그냥 그랬음"
뽐뽀뽀,2019.04.15,ㅠㅠㅠㅠ 흐규 ㅎ흐규 엉 어어멍 ㅠㅜ엉
♡봄봄♡,2019.04.15,ㅜㅜ씁쓸.. 생각하게하는 영화
신주,2019.04.15,엄청울었어요 아정말슬퍼요
신미르,2019.04.15,굿굿 하고 싶은 마음이 있습니다 그리고
거참...,2019.04.15,너무 감동적이고 보는 내내 가족이 생각 나는 영화
행복영원하라,2019.04.15,가끔 나도 치매인가 나 스스로를 의심하곤 하는데 남 이야기 같지 않네요.보는 내내 돌아가신 부모님이 생각나고.
gy**ung7,2019.04.15,있을법한 이야기....
영화광,2019.04.15,"우리네 살아가는게 노인이 되가는 예행 연습이니 배척하지말고 수긍하는 삶을 보고
배우게 되는 영화네요"
pi**7608,2019.04.15,곧 겪게될 일이라 더 슬프고 무서웠던..
홍당무~♡,2019.04.15,엄마랑 같이 울면서 봤어요
GrinBe,2019.04.15,"함께 아파서 다행이고, 부럽다"
크레이지 바비,2019.04.15,마음이 아프고 저리네요.. 메모지를 통한 소통이 너무 감동 적 이었어요.. 젊었을 때는 돈 벌어야해서 가족과 자식과 소통을 못하고 커서는.. 모든 부모님을 응원 합니다.
samurai,2019.04.15,실제로 일어나는 일들이라 가슴이 너무 아팠네요
3.5 KSH,2019.04.15,"엄마랑 둘이 보러 왔어요 
슬프네요"
셀린7,2019.04.15,마음 따뜻한 영화 로망.
cookiwi,2019.04.15,완전 재밌어요 강추합니다
쀵쀵와따,2019.04.15,짠하면서도 좋았어요.
cy**496,2019.04.15,잔잔하고 좋았어요...
옹미미,2019.04.15,일상속에서 겪을수있는 또 다른 로망
무비 더럽,2019.04.15,"부모님생각을 많이했습니다.
곧 다가올 현실..슬픔."
영화광,2019.04.15,치매노인이 둘인 집안에서 현실적으로 받아들일수 있는 내용이에요
또리뚜니,2019.04.15,"혼자 봤는데 보는 내내 엄마, 아빠 그리고 신랑까지 많은 사람들이 생각났어요"
jo**rae1,2019.04.15,주제는 좋았으나...
졔♥,2019.04.14,마음이따뜻해지는 영화
THE YOUNG KING,2019.04.14,단막극본듯한 느킴적인 느낌이네요..
sc**025,2019.04.14,재미있게 잘 보고왔어요
mi**1216,2019.04.14,부부가 같이보면좋은것같아요 울고또울고했네요~~
kn**399,2019.04.14,노년층의 감성을 충만시키는 드라마
거둥라온맘,2019.04.14,함께 사는 짝꿍과 행복하게~
yo**sebang,2019.04.14,"고맙습니다
미안합니다"
과니-,2019.04.14,미친듯 슬프고 부모님 생각을 많이 하게됩니다... 너무 좋은 영화에요
ha**un11,2019.04.14,잘봤습니다 평범하네요
누구냐넌도대체,2019.04.14,두분노배우의훌륭한연기
bl**jean0707,2019.04.14,특별할 것이 없는 스토리인데도 너무 마음이 아팠어요. 휴지가 부족해서 힘들었네요.
완소느바,2019.04.14,부모님 모시고 다녀왔는데 너무 좋아하시네요 덩달아 즐거웠습니다
mad영화,2019.04.14,"실제라면 생각하지도 못할 상황인데, 감정이입해서보면 폭풍눈물입니다_ 결말이 눈에 보이지만..출연하는 모든 배우님들의 연기력에 박수를!"
ky**k82,2019.04.14,"눈물이 계속 나던 영화, 배우들의 연기가 정말 훌륭한 영화 였어요"
칼데쓰마,2019.04.14,감성이 풍부한 영화였어요 치매 어른이 있는 가정이 얼마나 힘든지 ..
dotasun,2019.04.14,"머지않아 우리에게 일어날일
준비해야되겠네요."
보니비,2019.04.14,너무나도 현실적인...
즐거운인생 이야기,2019.04.14,함께  있어  행복이라는걸 알게 해 주는 영화.
클라라김,2019.04.14,혈압약을 매일 복용하는 중년의 나. 건강검진을 하면 혈관성 치매 위험군이라고 나오는데 영화속의 이매자 할머니가 머지않은 나의 모습일까 두렵다 정말 두렵다 남봉 할아버지와 똑닮은 여보씨 나중에 후회하지 말고 저 건강할 때 사랑해주세요.
ar**522,2019.04.14,가족들이랑 함께 보기 좋아요
tm**us1397,2019.04.14,감동을 억지로 자아 내려고 해 진부함이 든다.
헵번공주,2019.04.14,"누구는 망각이 신의 선물이라고 했지만준비없이.갑자기 찾아오는 .내 의지와 상관없는 망각은 당황스럽다.
영화가 아닌 주변에서 흔히 겪는 현실적인 아픔이기 때문에..더 공감되고 마음아팠다.나라면 담담하게 감당할수있을까.
생각이많아지는영화였음."
gys0756,2019.04.14,너무 감동입니다~  꼭 봐야할 영화 입니다 ~~^^♡
지환 91,2019.04.14,다시한번또봐도 좋을영화다
영사여유,2019.04.14,삶을 생각해보게 하네요.
reminiscents,2019.04.14,너무 울어서 눈물콧물 범벅이 되어 나왔습니다.. 재밌게 봤네요
넘보고싶다,2019.04.14,역시였네요 잘봤습니다 ㅎㅎ
지구별자유인,2019.04.14,"무서워요 이게 현실이란걸 알지만
힘든네요"
wh**oel,2019.04.14,연기와 잔잔함이 좋음..
주hang,2019.04.13,진짜 펑펑 울었어요 감동도 있고 좋아요
복♬,2019.04.13,좋았어요~^^ 좋았어요~^^
정인윤태컾,2019.04.13,슬펐어요ㅠㅠㅠㅠ 흑흑
ja**oung125,2019.04.13,",너무감동이에요 부모님과볼만하네요"
나라라~~,2019.04.13,잘봤어요. 좋았어요..
순재국밥,2019.04.13,희망이 한 스푼도 없는 것 같은 스토리들에 눈물 흘렸네요 네다섯번은 눈물 흐른 것 같습니다 둘만 남았을 때 제일 힘들지만 제일 즐거운 것 같은 모습에 단 둘이 같이 화면에 잡히면 그냥 눈물이 나더라고요
gy**n21,2019.04.13,진ㅉㅏ 부모님 생각이 많이 나는 영화에요 ㅠ 슬퍼요
y61,2019.04.13,재미있는 영화 입니다...
mi**suk2000,2019.04.13,"마음에 와닿는 영화입니다.
상영내내 눈물이 났답니다"
밤이민주,2019.04.13,갬동이였다아아아ㅏ엉
dr**m620,2019.04.13,공감되면서 부모님 생각이 많이났어요~ 연기 영상미 스토리 모두 좋았습니다 ^^
최별님,2019.04.13,이순재와 진선규의 연기가 너무 좋았습니다
쪠!!,2019.04.13,슬퍼요ㅠ 너무 잘 만든거같아요 연기도짱
풍운각시,2019.04.13,"누구에게나  닥칠수있는
치매  얘기에  가슴이  먹먹해지는
영화~  자식에게  손  내밀지 못하는
그 마음이  이해되며  서글퍼집니다"
영화 쪼아!,2019.04.13,마음이 아프고 감동적이네요.
엘리트진짱,2019.04.13,부모님께 잘하자 ㅠㅠ사랑해요
ArtHonG,2019.04.13,"부모님께 효도해야죠
부모님께 감사"
th**1991,2019.04.13,재미있게 잘 봤어요..
oneki,2019.04.13,"앞으로 함께 늙어갈 내 옆의 소중한 반려자에 대해 생각해 보게 하는.. 그리고 이제 우리 모두 출가시키고 두 분만 남아 노부부가 되어가는 부모님에 대해 생각해 보게 하는 영화..
정말 소중한 것은 너무 가까이 있어서 자꾸 잊고 산다.."
솔라리,2019.04.13,진짜 꼭 봤으면 하는 영화입니다 ㅠㅠ 엉엉
th**toeo0919,2019.04.13,연기가 너무 뛰어나서 눈물이 많이났고 부모님이 생각나는 영화였어요
영화한편해,2019.04.13,연기가 너무 좋았어요ㅜ
ne**hade,2019.04.13,감동적입니다. 좋아요
이현일,2019.04.13,"치매란? 병을 완전히 
치료될 수는 없을까? 
남겨진 가족들에게 큰 아픔과
상처를 주는거 같아서.. 
극단적인 선택도 해보았지만,
실패! 가족이 얼마나 소중한지를..
더 나아가 회복을 이야기하고
있어서 감사하다!"
ba**w0923,2019.04.13,명배우들이 함께한 명작
flower0926,2019.04.13,많은 공감을 가지고 봤어요
이슬,2019.04.13,엄청 슬펐다. 영화관 말고 집에서 봤으면 흐느끼면서 울 정도였다. 연기도 잘하는 배우들이 했기 때문에 감정이입이 더 잘됐던 것 같다.
촸,2019.04.13,슬프고도 아름다운 두노망의 로망스토리.
ly**208,2019.04.13,최고의 영화입니다 강추합니다
사오,2019.04.13,부모님도 나도 울었다 ㅜㅠ
uu**h82,2019.04.13,이순재 박영옥 배우의 연기가 인상적
*윤슬*,2019.04.13,"78세 노모와 함께 이 영화를 보며 울컥해서 훌쩍, 훌쩍 울다가 또 다시 깔깔깔거리며 웃다가…… , 아~! 살다보면 저럴수도 있겠구나……"
유하린,2019.04.13,"미치도록 사랑했고, 미쳤어도 사랑하오."
nan01111,2019.04.13,그저중년아니노년의삶을생각해보면슬퍼요
별하_,2019.04.12,뻔한 이야기지만 너무 현실적이어서 보는 내내 눈물이 주르륵 흘렀네요...부모님과 같이 보니 더 슬프네요
스마일,2019.04.12,"우리 부모님의 모습,나의 미래 등등 만감도 교차하고ㅠㅠ
두시간가량 오열을 하면서 봤네요. 주변 모든이들이 건강했으면하는 바램과 감사의 일상이길..."
wh**wo,2019.04.12,좋았어요 좋았어요..
이사벨라스잔,2019.04.12,너무 너무 슬펐어요..  할머니 생각이 났고 너무 울어서 눈이 부어서 나왔어요ㅠㅠ
mr**eks,2019.04.12,"휴지 꼭 챙겨가세요, 제 여친님의 강력한 조언입니다.."
메리블,2019.04.12,"괜찮다, 아무 일 없다는 말씀을 그대로 믿고 싶었습니다 죄송합니다 그립습니다 사랑합니다"
길챔,2019.04.12,슬펐어요ㅜㅜ 할머니 ㅜㅜ
co**akgie,2019.04.12,함께 살아간다는 것. 미안하다 말 아끼지 말 것
탦.,2019.04.12,살아있을 동안에는 죽음을 생각하지않고 앞만 보고 가정에 관심없는 삶을 살다 병과 죽음이 다가오니 새로운 생각으로 가족을 대하는 여유있는 배려와 사랑이 우리의 삶에도 좋은 전환점이 될 수 있는 영화였습니다.
Movie is my life.,2019.04.12,부모님 생각이 많이 납니다;;;너무 슬퍼요;;
인생한방3,2019.04.12,부모님이 많이 생각나네요. 슬퍼요
ha**601,2019.04.12,너무 너무 눈물이 났어요
크리스-우주맘,2019.04.12,"연기자분들이 실감나게 연기하셔서 너무 현실적으로 와닿았고, 눈물이 계속 멈추지 않았네요ㅠㅠ"
떼껄룩,2019.04.12,뻔한 소재이긴해도 보다가 계속 눈물날 정도로 원로배우들의 연기가 너무 좋았다. 왜이렇게 이 영화가 상영관에서 빨리 내려가는지 이해가지 않을 정도..
JU_YA,2019.04.12,다른 건 몰라도 이 영화는 꼭 봤으면
yo**gpd2002,2019.04.12,역시 프로다운 노련한 연기력 너무 가슴이 아팠어요 난 와이프가 치매이면 어떡할지 다시 한번  생각하게하는 계기가 되었어요
km**0020014,2019.04.12,가족들을 다시 둘러보게 되네요
체리슈,2019.04.12,부모님의 건강을 기원하게 되는 영화ㅠㅠ
난나야,2019.04.12,"예쁘고, 슬퍼요. 번갈아가며 고통나눔 등.. 잔잔하고, 자극적이지 않은 내용.."
mo**gy33,2019.04.12,부모님생각하게만들고 우리들의모습도 생각하게만드네요...
블루베리v,2019.04.12,잔잔하고 좋았습니다.
J.Su~,2019.04.12,"가슴 절절하네요
꼭 추천하고싶은 영화입ㄴ다
연기력 최고~~
소박한 우리네 인생과 현실을 잘 표현해준 영화"
미령짱짱,2019.04.12,개슬품 ㅜㅜ 진짜 외않봐 ?!
990헌,2019.04.12,"펑펑 울면서 감상했습니다, 마음이 따뜻해지는 영화에요"
ka**075469,2019.04.12,한번은 볼 만해요  우리의 앞으로 닥칠 미래의 모습
funnyturnip,2019.04.12,"가슴이 많이 아팠다...
배우들 연기 훌륭하다. 
그러나 아침드라마에서 보는 듯한 카메라 각도는 너무 안습인...  확신하건데 old TV카메라맨이 촬영했다. 뒤의 1/5빼고..."
슈밍구찌,2019.04.12,쌩얼로 가야됩니다. 눈물이 계속 나네요 ㅠㅠㅠ
공원여행,2019.04.12,울고 싶어서 봤는데 생각보다 더 많이 울었어요..ㅠㅜ
엄지공주07,2019.04.11,정말 감동적입니다ㅠㅠ 꼭 보세요
예니주니,2019.04.11,이순재 그리고 정영숙 배우님의 매력!
ye**nfa,2019.04.11,기대보다 더 좋았던 굿 무비!
MovieGoer,2019.04.11,"엄마랑 이모랑 잼있게 봤어요.  믿고보는 이순재 정영숙님의 연기지만, 뭔가 아쉬운느낌은 들었네요. 그래도 착한 치매로 많이 미화된점이 보이네요. 연출은 아쉬움..."
Joanna won,2019.04.11,"너무 좋았습니다.
치매에 대해 생각해보고, 가족에 대한 의미도 느낄 수 있는 영화입니다. 이런 영화가 많이 나왔으면 하는 바람입니다. ^^"
또또,2019.04.11,마음이 아프네요.ㅠㅠ
mj차우,2019.04.11,잔잔한 먹먹함이 느껴지는 영화이네요.
py**26,2019.04.11,감동적이었어요 잘봤어요
현영,2019.04.11,부모님을 떠올리게되는 영화네요...
yn**on70,2019.04.11,아주 감동적이었습니다.
llil,2019.04.11,"나는, 어떻게 늙게 될까"
그레토스,2019.04.11,배우들의 연기가 좋았고 눈물이 나는 영화.
돈탕탕,2019.04.11,"보는내내 눈물바다...
한해한해 나이 먹는다는것이 무섭기도합니다
이순재님의 대사중
 ""하나 보다는 둘이 났지""
가슴이 찢어집니다
다시 한번 부모님을 떠올리게 만드는 영화!!
우리 모두 나이먹는다는것을 잊지말고 살아야겠습니다"
cl**2525,2019.04.11,영화 좋았습니다.!!
bo**aaa,2019.04.11,아주 괜찮은 영화예요! 감동적입니다
ja**5jars5,2019.04.11,부모님 생각이 많이 났어요
페르시안♡,2019.04.11,"ㅋㅋ 슬펐어요ㅜㅜ
부모님께 있을때 잘해드립시다"
오주리,2019.04.11,시부모님 예매 해드렸는데
qj**qjel1007,2019.04.11,"요즘 제가 치매에 관심도 많아서
이번에  본 로망은 세삼 부모님을
생각하고 더더욱 나역시 외롭지
않고 사는날까지 재미나게 살자"
ks**788,2019.04.11,최고의영화 배우들 연기가 최곱니다 ㅠㅠ
인생은아름다워,2019.04.11,알지만 뻔히 당하게되는 눈물샘영화
샤니트리,2019.04.11,결말이 살짝 아쉽지만...현실적으로 공감할수 있는 부분들이 많았구요...주연배우 두분의 연기에 박수를 보냅니다.
kw**0102,2019.04.11,뭉쿨하네요.재미있게봤습니다
이쁜이민지,2019.04.11,재밌다 재밌어요 재밌었어요오
광민바라기♡,2019.04.11,보면서  미우나고우나  내가 나이들때  같이 있어주는  남편
꿈님,2019.04.11,"한 번쯤은 생각해 볼, 남의 일이 아닌 영화"
이경형,2019.04.11,명품배우분들의 가슴찡한 연기 잘봤습니다.
hjylee1005,2019.04.11,잘봤습니다 감사합니다
dh**77,2019.04.11,마음이 뭉클..가족에 대해 다시 생각하게되는..마무리가..;;
SSSU,2019.04.11,부모님 생각이 많이 났네요..
신영♥혜린,2019.04.11,너무너무슬퍼요ㅠㅠ재밌습니다
sjh98,2019.04.11,펑펑울었어요ㅠㅠㅠㅠ
bk**22,2019.04.11,"기대없이 봐서 그런가
이순재 정영숙 두분 연기 뿐만아니라
다른 등장인물들도 자연스런 연기가
너무 좋았다"
kh**ws431,2019.04.11,"자식입장으로...먹먹하네요.
모든 부모님들 고생하셨습니다.
아프지들마시고 건강하시길..."
점등인,2019.04.11,치매는 늘 우리를 절망에 빠드리지만 사랑으로 이길 수 있음을 보여준 영화
S2_JUDI,2019.04.11,영화보는데 심장이아프네요ㅠㅜ
95x5x2,2019.04.11,진짜 눈물났어요 감동입니다 ㅜㅜ
ti**l827,2019.04.11,흥미로운 이야기! 신선한소재!
ha**on1227,2019.04.11,어머니가 보고 오셨는데 잘보셨데요~
am**u1346,2019.04.11,잔잔하고 아름다운 영화
칠불,2019.04.11,사랑하는 사람들은 시간을 투자하는 것도 보람있지요.
lg**08,2019.04.11,느낌있는 영화..  마지막 선택은 좀....
go**ani98,2019.04.11,"치매가 심화되어가는 과정이 안타깝지만, 어쩌면 치매 덕분에 부부의 관계가 개선된 거라고 생각하니 씁쓸하네요. 눈물을 흘리다가도 웃게 만듭니다."
빛나삐,2019.04.11,이야기가 툭툭끊김. 연결고리가없고  노잼.. 연출이 너무별로
jo**na00,2019.04.11,한가정을 서서히 파괴시키는 치매~
정~~~~~~~,2019.04.11,goood goood goood
휼군,2019.04.11,할매가 치매라 너무 감정 이입되서 눈물 펑펑
pig04,2019.04.11,넘울었더니 눈이팅팅 부었어요
후니스트,2019.04.11,부모임보여드렸는데 슬펏다고하네요
벙개,2019.04.11,"남일이아닌누군가에게일어날수있는현실을알게해주는영화입니다
치매정말무서운병인거같습니다 ㅠ"
나는나,2019.04.11,잔잔하니 슬프네요_잘 봤습니다
SYS1589,2019.04.11,눈물이 주르륵~치매라는 병~너무 무섭고 시르요 왜 그런병이 생겼는지....슬픈영화지만 괜찮았어요
gh**wndud123,2019.04.11,로망을 노망인줄 알았네요 zzz
똘혤,2019.04.11,넘 슬펐어요ㅠㅠ...
en**ec89,2019.04.11,부모님에대한 사랑과 평생을 함께할 인생의 반려자에 대한 소중함을 다시한번 생각하게되었던영화
쏭쏭만두,2019.04.11,부모님을  생각하게하네요
김양순,2019.04.11,"주제는 묵직하고 중요한데 너무 식상한 배역들로 인해 따분했어요.
안방극장용 드라마를 굳이 영화관에서 볼 필요가 있을까 싶더군요."
rn**otls,2019.04.10,한마디로 좀 서글픈 현실입니다
co**s919,2019.04.10,역시 믿고보는 배우님들
love날이,2019.04.10,결국남는건끝까지동행할수있는배우자인것같아용
WOOSOOSEOK,2019.04.10,화ㅗㄹㅇㅇㅇㄹㄹ호ㅗㅗㅊㅊㅇㅇㄹㅎㄹㄹ
ng**88,2019.04.10,영화보고잘안우는데이번엔눈물이흘렀다나도저렇게될수가있다는게참겁나고무섭게느껴졌다
real해기,2019.04.10,이렇게 신파로 흐를필요 있었을까... 배우분들 연기가 다함
크크섬,2019.04.10,배우님들의 연기가 명불허전이네요
ba**jw98,2019.04.10,가장 소중한 무엇인가를 점점 잊어가는 슬픔은 너무 가슴아프다
cy**37,2019.04.10,"너무 슬프고 재밋네요
눈물흐리면서 봤어요
연기자들 모두 잘하셨네요
감사합니다"
df**ud,2019.04.10,눈물이나서 힘들었네요..
여의주,2019.04.10,남일이 아닌 누구든지 일어날수있는 현실과   문제에 대해  다시한번  생각하게 하는  감동적인영화
rh**kvf123,2019.04.10,영화감동있게 잘봤어요 상영관이랑 상영시간이 거의없어서 정말아쉬우야
쪼디,2019.04.10,"버스 운전을 하셨던, 돌아가신 아버지 생각에 눈시울이 촉촉히 젖어들었습니다..
홀어머니랑 봤는데, 어머니도 아부지 생각이 많은 난 듯 합니다.."
ga**214,2019.04.10,"좋아요
잘보았습니다"
샘,2019.04.10,좋은소재를 감독이 잘 살리지 못했네요~
JH포도,2019.04.10,"시간이 지나 늙어간다는게, 늙어서 아파간다는게, 그렇게 아프고 병들고 가족과 멀어지기도하고... 나의 가족이. 아니면 내가. 나를 기억못하면 정말 마음이 아플것 같더라고요. 한참을 울고 또 울었어요. 정말 좋았습니다. 감사합니다!"
장진수,2019.04.10,"울고~울고~~울고~~~
재밌고 감동은 그닥~!"
hu**com,2019.04.10,"★★★☆☆ 늦어버린 키스. (장난스런 키스 50년후, 포스터 참조)"
dqs2,2019.04.10,엔딩크레딧 다 올라갔는데도 영화관에 있던 사람들 전부 못일어나고 있었네요ㅜㅜ 스토리가 너무 현실적이라 더 슬프고 가슴이 먹먹합니다
콩도리\,2019.04.10,ㅠㅠㅠㅠ 눈물 한바가지 흘렸어요
규슥정슥코슥,2019.04.10,어디에나 있을 현실적인 이야기라 더 마음에 와 닿는 영화였어요 ㅎㅎ
케이에이아이,2019.04.10,너무 감동적이었어요 ㅠㅠ 마지막에 정말 뭉클해서 눈물이 났어요. 현실적이면서 주위에 있을 것 같아 더 마음 아프고 아름다운 이야기
사라포바,2019.04.10,젊을때 로망이 늙어서는 노망으로 가는 슬픈 이야기  더늙기전에  사랑과 행복을 사랑하는 사람과 함께하기를
gu**ml8506,2019.04.10,"사랑하는방식은 다 다르고 한번더 생각을하게끔 해주는영화
내 주위사람들에게 더 표현을 잘하자"
no**top,2019.04.10,현실적인 스토리와 두배우의 명품연기!
세례자요한,2019.04.10,"가족 구성원 생각 나고 부부가 동시에 치매를
아...  효도"
프리 프리,2019.04.10,"고령화사회ㅡ삶의 긴여정 ㅡ
누구나의 로망!!"
sb**0107i,2019.04.10,"인생을 돌아보게 만드는, 볼 가치 있는 영화였어요~."
리니바라기,2019.04.10,한국인 정서에 맞는 정통 감성영화
보물이들맘,2019.04.10,치매걸린 노부부의 삶~마지막선택이 공감대가 형성되지는 않지만~그럴수도 있겠다~잔잔한 울림이 있는 영화였어요~
좋아지는중,2019.04.10,부모님 생각이 많이 나서 가슴 아팠습니다.
이선슈,2019.04.10,멀리 따로 사는 부모님도 예매해서 보여드리고 저도 따로 보았습니다. 부모님도 정말 영화좋았다며 말씀하셨고 뒤이어서 본 저도 감동적이고 애잔한 마음이 들었습니다. 치매 치료약이 꼭 개발되어서 사람들이 치매로 힘들지 않으면 좋겠습니다
건청,2019.04.10,영화 시작 조금 지나 박차고 나가고 싶었다. 며칠전 생일 영화 때문에 너무 슬프고 힘들었는데 이영화도 마찬가지였다. 같이 사는 어머니 생각하니 너무도 죄송하다. 돌아가신 아버지도 그립다.
덜렁이1,2019.04.10,와.... 눈물이 멈추지 않는.. 여운이 남는 그런영화였어요!!
게임도리쭈니,2019.04.10,감동적입니다.. 저희부모님같아서요..재미있게 봤습니다
qh**ndi23,2019.04.10,감동적인 영화였습니다
이쁜전지현,2019.04.10,"러닝타임이 2시간인데 영화시작 10분만에 눈물이 주룩주룩.. 남친은 영화 다 끝났는데 우느라 못일어날 지경 ㅎㅎ 우리커플이랑 어떤남자 1분, 총 3명봤는데 더 많은 분들이 보셨으면 좋겠어요 ㅠㅠ 혼자오신분도 우느라 정신없으셨음ㅋ 강추강추입니다!!"
"♡""more""love♡",2019.04.10,받는 사랑에 익숙해져서 혼자다큰줄알았는데 성인이 되서 결혼후 처자식을 챙겨야할 의무로 부모님의 받은사랑 돌려드리기에 시간은 참 야속합니다.ㅠㅠ있을때 잘해드려야 겠네요.
yl과 hm,2019.04.10,3포인트 눈물자극 ㅠㅠ
sy21cs,2019.04.10,너무 슬퍼서 눈물이 났다. 결혼할 때 의례하는 마지막까지 함께 한다는 것이 기적일 수 있다는 것을 알았다.
purmeice,2019.04.10,"치매는 인격과 자존을 무너트리고 존재마저도 앗아간다. 부모님, 할머니 생각하니 너무 눈물이 났다."
미천한천사,2019.04.10,가슴아픈 영화입니다 뭉클
tp**d922,2019.04.10,너무슬펐어요 ㅠㅠㅠㅠ
an**jsrndlq,2019.04.10,잔잔한 감동과 효도에 대한~~^
Angela_jisook.yun,2019.04.10,얼마나 울었는지요 ㅜㅜ
릴리몬,2019.04.10,잔잔하고 감동적인 영화
vo**k0716,2019.04.10,부모님에게 잘해야겠다..눈물콧물 줄줄
pe**h0105,2019.04.10,감동적이고 재미있어요
yw**975,2019.04.10,"진짜였음
느낄 것이 많은 영화였음"
퍼니랜드,2019.04.10,잔잔하게 잘봤어요 ^^
왜이러쎄염,2019.04.10,부모. 나. 자식.. 과거. 현재. 미래... 현실적인 소재로 많은 생각을 하게하는 영화에요.
dm**ml192,2019.04.10,생각보다 괜찮았어요 즐거운 시간이었습니다
우아한 아줌마,2019.04.10,내용은 좋지만 장면의 연결이 자연스럽지 못하고 싱겁디
중계하계님,2019.04.10,그저그런듯아닌듯한영화
영화중,2019.04.10,마음이 슬픈 영화. 나이가 듥어가는 모습의 진정성을 보여준영화
골드 미소,2019.04.10,"마음시리고 먹먹하네요
한번쯤 생각하게 하는영화입니다"
forever0785,2019.04.10,추천합니다 너무 감동적입니다
늘보,2019.04.10,상당히 현실적으로 만든 영화 돌아가신 부모님 생각에 뭉클!
리차드문,2019.04.10,전반적으로 스토리는 좋았는데 마무리라 조금 아쉬운....
tl**sl144,2019.04.10,저런 상황이었다면.. 나는과연 어땠을까 생각하게되는 영화인거 같습니다.
so**ta27,2019.04.10,로망로망로망로망로망
ha**6039,2019.04.10,"정말 명품연기!! 스스로의 삶을 다시금 생각해보고 부모님에대한 생각을 하게하는 영화였습니다.
여운이 오래가는 따뜻한 영화입니다♡"
jinni08,2019.04.10,엔딩을 보며 그래서 결론이 뭘까 의아했지만 연륜과 경력이 묻어나는 두 주연배우의 연기는 느낌표 열개로도 모자랐다.
sj**577,2019.04.10,좋은 여운이 남는 영화였어요. 항상 킬링타임용 영화만 보다가 가족에 대해 생각해 볼 수 있는 영화였어요.  치매부부가 되어도 함께하는 모습과 부자간의 관계 등 가족구성원 안에서 일어날 수 있는 다양한 이야기를 통해 깊이생각해보는시간이 되었네요 강추!
가나다라마봐,2019.04.10,"슬펏어요,마음도애잔해지고"
dh**fdb78,2019.04.10,너무 짠하고 슬픈 영화였어요ㅜㅜ첨부터 끝까지 울게 한 영화에요
ha**yong987,2019.04.10,4/10 로망이 노망이었구나.. 그냥 그런 영화
주정뱅이자혀니,2019.04.10,정말두번세번봐도 슬플꺼같아요ㅜㅜ
아로미,2019.04.10,너무슬펏어요ㅠㅠㅠㅠ
장똘뱅이7,2019.04.10,"슬프다앙~~....,"
lg**51025,2019.04.10,진짜 울음지뢰가 처음부터..
gy**n0710,2019.04.10,따뜻하면서도 슬펐어요 잘봤어요
구리구리동동,2019.04.10,재미있게 잘 보고왔어요
뿌요맘,2019.04.10,"영화보다 훨씬 무서운 현실..ㅠ
치매는 정말 잔인한 질병"
ga**003,2019.04.10,"ㅜㅜㅜㅠㅜㅜ할아버지 사랑해요
꿈에 한번 와주세요"
jw**64,2019.04.10,로망의 나의 평점은 슬픔
black6277,2019.04.10,마음 따뜻해지는 마지막 동행
귤빛,2019.04.10,잘 봤습니다. 배우분들 연기가 아주 좋았어요.
winterhot,2019.04.10,부모님이 잘 보고 오셨다고 하네요
mo**s5353,2019.04.10,내 인생을 다시 돌아보게 됐다.
서광원,2019.04.10,노배우들의 연기가 탁월하네요.
bluesky,2019.04.10,인생(ㄷㄷ)  모두가 보면 좋을 영화!
hy**ung8409,2019.04.10,공감도 되고 울림이 있는 좋은 영화였습니다 너무 좋았어요 잘 봤습니다 감사해요??
뉑이,2019.04.10,ㅠㅠㅠㅠ 좋은영화 추천
pe**716,2019.04.10,슬퍼요ㅠㅠ흑흑...
lawrence,2019.04.10,죽기까지 자식걱정만하시는부모님.. 너무나 죄송스럽고 마음이아파서 많이울었습니다ㅠㅠ
별eG,2019.04.09,"언젠가 뉴스에 나왔던 노부부의 이야기가 떠오르는 영화네요‥ 
아주 시원하게  울었어요"
ya**i216,2019.04.09,사랑을 표현하는 방법은 사람마다 다르며 받아들이는 것 역사 사람마다 다르다. 이순재의 하나보단 둘이 낫지라는 여운이 남는 한마디가 공감되는 영화. 치매라는 단어가 멀게 있지 않고 나의 그리고 내 부모님의 이야기였어요
귀공자,2019.04.09,"노인의 치매와 삶의 질, 가족의  아픈 상처들을 치유하고 살아가게 하는 영화!,"
통통이,2019.04.09,ㅡㅡㅡㆍㅡㆍㄴㅡㄴㄴㄴㅅㄷㅅ딧
욲,2019.04.09,올것이왔다싶으니깐 아무렇지않아요... 보는동안 적적해진 이영화 좋아요
하늘주니미니사랑,2019.04.09,"로망~~~~난 몰까?
열심히 산다는게 몰까?
슬프다~ㅠ.ㅠ"
africa76,2019.04.09,이순재님 정영숙님 명품연기에 감사할 따름
h9**282,2019.04.09,2시간도한먹먹한맘으로관람하고머리가아플정도로울었어요 진정현실영화인듯
ch**oo77,2019.04.09,좀 취향이 아닌거 같아서 별로 인거 깉았어요
天滿愛,2019.04.09,"부모는 자식을 바라보지만,자식은 자신만 바라본다.철없는 자식때문에 슬픈 희생이 아프다."
너와 나의 우정,2019.04.09,하필 이순재여서... 다른건 불만 없습니다...
pr**iss007,2019.04.09,너무슬펐어요~~슬퍼요
선냥,2019.04.09,가족을 다시 한번 생각하게 만드네요
yoonp,2019.04.09,뻔한 내용일줄알았는데 스토리.연기 완전 집중해서 봤습니다 굿굿
zq**ws3,2019.04.09,결말이 좀 찝찝하지만 전체적으로 연기가 좋았고 많은 생각을 하게 만들었습니다.
넘버원??,2019.04.09,"아주 펑펑 울면서봤어요~
ㅜㅜ 휴지없이 볼수없는 영화네요~~"
ys**0925,2019.04.09,우리 모두 청개구리 되지 말고 꼭 효도합시다.
wj**084,2019.04.09,현실성 있어서 더욱 슬펐습니다 .. 부모님께 효도 합시다
sw**676,2019.04.09,너무 슬퍼요 흑흑 눈물나요
°뭉게구름°,2019.04.09,"배우어르신들을  통해,  훈훈하면서  서글픈  노년의  로망을  만나  보았습니다."
se**ish320,2019.04.09,우리들의 이야기..두분 연기 감동이에요
영화경화,2019.04.09,"최고의 배우이신 이순재선생님 감사합니다.
가슴이 절여지네요. 가슴이 먹먹해지네요.
내 인생의 책임이 얼마나 무거운지를 알게 되었습니다. 
연기해주신 배우님들 감사합니다."
단미:-),2019.04.09,잔잔하게 찡해지는 영화다-
송현봄맘,2019.04.09,보는내내 울면서 봄요.  부모님 생각이  많이 나네요.
햐얀천사,2019.04.09,나의 미래를 보는것같아서~~
영회광샘,2019.04.09,"보는내내울었다 일찍돌아가신부모님생각도나고
나의앞날같기도하여 하여튼배우연기는짜미다"
xh**48,2019.04.09,역시 배우님들의 내공이 어마어마하네요...b
써니,2019.04.09,함께나이들어가는노부부인상적뭉클
sujini,2019.04.09,자식에게 피해주지 않으려는 부모 마음. 부모님께 잘해드려야겠어요.
sk**storn,2019.04.09,엄마생각에...나의 미래일수도 있고...
su**un304,2019.04.09,아부지는 그냥 그렇다고 하시고 어머니는 괜찮으시대여
박하사탕,2019.04.09,노년의 삶을 다시금 생각하게 하였어요
터프가이미용실,2019.04.09,여하튼 부모님 잘챙겨드리자는 마음과 저또한 언제 치매가 올지 모르니 하루하루를 소중하게 보내야겠다는 마음이 들게끔 하는 영화입니다 넘 잘보았습니다
난 써니,2019.04.09,진짜 꼭 한번보세요                                           눈물이 그냥 나오는 영화..                            부모님들도 나중에 우리한테도 올수 있는 치매입니다
땡큐33,2019.04.09,잘봤어요 연기 잘하시네요
ce**221,2019.04.09,"좋았어요.
눈물흘리며 보았어요.
연기가 좋네요."
샤락,2019.04.09,대배우들의 연기만남고 감동도 슬픔도 기대만큼 이었어요
ap**ee07,2019.04.09,완전와아아아아ㅏ안저어어언조아요오오
히야,2019.04.09,부모님 모습과 앞으로의 나의 모습일수 있겠다 싶어요. 넘 슬프지만 서로를 다시한번 생각하게 하는 영화였어요.
핑크라별,2019.04.09,영화를 소개하는 프로그램 보고 궁금해서 본 영화인데 기대를 해서인지 마무리가 조금 아쉬운듯 했어요
wukjinkim,2019.04.09,예상 가능한 내용이지만 계속 눈물이 나네요.
ahammi,2019.04.09,로망이 노망이 되지않도록 서로 배려해야겠다?ㆍ ㆍ  ㆍ
우주런어웨이,2019.04.09,삶의 흐름의  맥락인가?  무엇을 연구해야  인간이 인간답게 ~~~^*^
VIP입장하십니다,2019.04.09,감동적이고 좋았어요~
Kang,2019.04.09,"만족합니다 
추천합니다  잘 봤습니다 
수고하셨습니다"
쌩글 후니,2019.04.09,"배우들의 눈빛연기력  최고,
부모님 생각이 많이났어요~ㅠ"
뚜비무비,2019.04.09,역시 슬프네요 ㅠㅠ 치매는 정말 무서워요..부모님 생각 남편 생각 많이났어요
sm**16832,2019.04.09,엄청나게 슬퍼여 ㅠㅠㅠㅠ
sh**8931god,2019.04.09,완전 펑펑 울었어요ㅠㅠ
뽀삐얌22,2019.04.09,"생각에 잠기면서 슬프네요. 후회 하지 않으려면 부모님께 제일 잘해 드려야 하는게 맞는듯 하면서.. 슬프고 가슴이 먹먹해지네요.
선배님들의 연기력을 현실적으로 보게 되는 영화라서 의미 있게 본거 같아요.. 마음이 슬펐던 영화"
du**p929,2019.04.09,괜찮아요 볼만한거같아요
ce**34,2019.04.09,친구랑 잘 봤어요. 내용이 좀 슬퍼요
청솔감자탕,2019.04.09,감동이네요 부모님을 다시금보게 만들어주네여
sm**ju,2019.04.09,"감동적이네요 
산다는게 늙어간다는것이 참 슬프네"
바램,2019.04.09,가슴이 짠하고..  앞으로 누구에게나 올수있는..  많은생각이든다..
ij**r3014,2019.04.09,"2장의 티슈가 흠뻑 젖었다..
나의 로망은..."
seeyou,2019.04.09,늙는다는 거.. 더 나아가 삶이란 거에 대해 생각하게함
jw**947,2019.04.09,"어머니가 많이  생각났습니다.  아프고도 예쁜 이야기, 어떻게 해결해야 할지 숙제입니다."
lo**21141,2019.04.09,잘봤습니다잘봤습니다
키드드득,2019.04.09,많은 생각이 들게 하는 영화였어요
tn**w1,2019.04.09,생각에 잠기게 하는 영화네요
yyyJjjj,2019.04.09,순대할아버지 넘나 슬픕니다
드라이아이즈,2019.04.09,진부하고 뻔하지만 고령시대에 공감대가 있어요
고기먹는여자,2019.04.09,"영화가좋다에서 나온거 보고 꼭보고싶었던영화.마음 뭉클.
내가족에게도 일어날수있는 일이기에 더욱 마음찡했던 영화"
ju**318,2019.04.09,스토리도 좋고 아주 감동적이고 슬펐어요
무무ws,2019.04.09,연륜이 있는 배우들의 연기가 좋았어요.
welovecgv,2019.04.09,*모두가 남의 얘기가 아니다. 실감하지 못할 뿐이지 언젠가는 나의 일이리라. 신경성 3대 질환중 1위가  [치매]라는데... 노력하자!
Candy,2019.04.09,"나에겐 오지 않을줄 알았던 중년의 나이가 되었고 이제 황혼의 나이가 되겠지. 내 황혼은 어떤 모습일지, 다 걸려도 치매는 안걸려야 할텐데..."
jjangu21,2019.04.09,"노년의 애달픈 부부의 사는 이야기
사는게 뭔지??
나이드는게 두렵기까지 합니다."
블랙,2019.04.09,로망 좋았어요 로망 좋았어요
li**kga,2019.04.09,"부모님이 생각나네요.
부모님 모시고 또 볼까 싶습니다."
경아,2019.04.09,"로망.  늙은이의 소망.
마음이 무겁지만 이해되고 이해되어야 하는 영화였다"
rk**ls116,2019.04.09,나중에 후회하지 말고 지금 잘하며 삽시다~
mk0206,2019.04.09,부모님 제가 더 잘 할게요
mi**omin,2019.04.09,정신줄 꼭 잡고 살고 살아야 한다
ho**l827,2019.04.09,잊혀져가는것의 아쉬움!
ayyyy_,2019.04.09,재밌었습니다~~ㅎㅎ
보나벤뚜,2019.04.09,"로망!우리 부부가 저런날이 오고?
 감상에 젖어 한껏 둘이 아껴주는 시간이었다/끝나고 커피샵에서 차한잔 하면서"
돌쇠와 마님,2019.04.09,남얘기 같지 않고 앞으로  나에게 닥칠일 같네요 우리 부모님  누구 한테고 있을수 있는일인데 치매 어떤  답이 없네요 공감가고 이해되는 영화였습니다 감동 깊게 봤어요
bm**830,2019.04.09,너무슬프고공감가는영화
xodrh,2019.04.09,하나보단 둘이 낫지. 심심하지 않으니까...
카푸치노~,2019.04.09,감동도있구 재미도있었어요
주돌맘,2019.04.09,누구에게나 일어날수있는 일이라 그냥 가볍게 볼수없었던 영화~누구의 잘못이 아니라 그냥 우리의 삶이다. 그안에서 우리는 어떻게 살아가고있는가? 를 한번 생각하게 해주는 영화였다.
ls**231100,2019.04.09,슬프기도하지만 따뜻한 영화였어요!
에스페란사87,2019.04.09,잔잔한 감동과 스토리로 눈물이 많이났어요!
긍정앗싸,2019.04.09,"누구에게나 갑자기 찾아올수있는병이라! 너무나 공감되면서도, 마음이 아프네요...아름답고, 잔잔하게, 때론 슬프게...잘봤습니다~
엄마가 재밌다고 하시네요~^^"
사랑영화,2019.04.09,잔잔한감동 한번생각에잠김
LIUOK!!,2019.04.09,너무너무  슬프고  극히 현실적인 영화입니다 한번쯤 봐야할 영화
Glory Light,2019.04.09,"대본은 허술한데 빠져든다
배우들 연기 때문인가"
레오나르도 디카프리오잉,2019.04.09,나의 로망은 두분처럼 사는 것 입니다
호수나라,2019.04.09,"찡...하게 감동있는 영화
다시금 내자신을 돌아보게하는 영화"
ms**ng481,2019.04.09,좋았어요 재미나게 봤습니다.
류나,2019.04.09,내가 울기에는 조금은 부족했던 몰입도와 공감대
제국의사또,2019.04.09,"감정 이입해서보니 넘 슬프고
여러생각 나게 하네요
이순재 샘..정영숙님의 연기 내공
역시 최고네요...
 치매 대상자 가족분들 꼭 보세요."
유니0818,2019.04.09,현실가능한 영화라는 생각이 들어 넘 가슴에 와 닿는 느낌이였다
Kane Ji,2019.04.09,같이 늙을 수만 .ㅣㅆ다면 얼마나 좋을까.
km**l7,2019.04.09,감동적이었어요. 주연배우들 참 대단하십니다!!!
sh**hw12,2019.04.09,"내가입장바꿔서생각해보면?
치매가오면생각하기도ㅡㅡ"
rn**alal110,2019.04.09,실컷 펑펑 울게 되는 영화.. 부모님을 다시 한번 떠올리게 하는 그런 영화
바랑스토리,2019.04.09,좋은 영화 관객이 너무 없네요. 안타깝다 이런 영화를 많이 봐야 되는데...
천영서,2019.04.09,엄마아빠 사랑해요..
라씨에이,2019.04.09,"4.5/괜찮은몇아이디어들로간신히세운뼈대에구닥다리연출을덕지덕지.노부부스케치북대화나정영숙치매연기,로망이라는중의적제목등몇몇요소들은참괜찮음.이영화가쓰기엔아깝다느껴질정도로
캐릭터는없고연기자만있음.일관성개연성없는캐릭터속노배우들연기만남음
이야기도치매왔나;;뚝뚝끊김"
은랑,2019.04.09,"ㅠ.,ㅠ 겁내 울었어요  영화관 나가기 무섭다"
부자되기,2019.04.09,나의 황혼기 남은 여생에 커다란 교훈을 남겨준 감동적인 영화였다.
사랑  믿음 소망,2019.04.09,눈물콧물다빼고나왔어요 손수건준비하고보세요
me**ekd7,2019.04.09,배우들의 연기는 좋아요
an**ae,2019.04.09,"그냥
좀 그러네요
약간 아쉬움"
요오나♡,2019.04.09,가슴찡~~한 영화 너무 잘 봤습니당!!
건강☆,2019.04.09,로망 잘 보고 왔어요^ㅡ^
똥돼지,2019.04.09,"감동 있는 영화였어요
엄마랑 같이 봤는데 가슴 찡하네요"
jjoung2yang,2019.04.09,치매의 무서움과 한 부부의 고단함
쵸파무비,2019.04.09,"부모님이 생각나고..미래의 나의모습을 보는 듯하여 먹먹하고 슬펐습니다.
부모가 되어봐야 부모마음을 안다했지요..
이세상 모든 부모님 응원합니다."
호식찡,2019.04.09,내 사람에게 잘하는 하루가 되길
UNIQ,2019.04.09,가슴이 먹먹해집니다... ㅠ
오드리 유,2019.04.09,이시대를 사는 우리모두가 보고 알아야할 영화인것 같습니다. 하늘나라에 계신 아버지 보고 싶고 남은 어머님 두분 잘 공경해야겠다는 마음이 많이 들었어요.강추입니다. ♡♡
짝수,2019.04.09,가슴따뜻한이야기입니다
보뚜,2019.04.09,"눈물 뚝뚝뚝
저런 상황이면
난 어떡할까"
김율리아나,2019.04.09,부모님한테 잘해야겠습니다...
yasaea,2019.04.09,현 상황을 얘기하는것같아마니 공감됐어요.
나라마음,2019.04.09,감동이에요. 다시 보고 싶네요
작은악마123,2019.04.09,"할머니가 치매셨는데 생각나게 하는 영화네요 
잔잔한 가족영화
아침 조조 펑펑울고왔네요"
하방하방,2019.04.09,두분의 연기력에 박수를 보냅니다
icarus876,2019.04.09,감동과 연기가 돋보이는 영화!!!
CGV영화바라기,2019.04.09,감동적이고 여운있고 좋았습니다.
GEOMOOK,2019.04.09,이순재선생님 연기력 최고!
dk**dnjs,2019.04.09,감동입니다   최근 다른 영화보다 더 슬프네요
별벼리e,2019.04.09,배우들의 연기는 항상 옳다.
youra03,2019.04.09,시간 전개가 좀 빠르고 계속 너무 극적으로 흘러 가는 듯 합니다
우아한 고슴도치,2019.04.09,가족들과 함께 꼭 보러가세요
bs**480,2019.04.09,잔잔한 감동을 주는 영화
재밌으면웃어요,2019.04.09,감동적이었습니다감사합니다
도상,2019.04.09,자연스러움 흐름속에 진짜같은 연기로 처음으로 눈물이 났던 영화 반가워 이인사가 찡하긴첨이다
여신,2019.04.09,부모님께서 보신 영화다
23**nks,2019.04.09,soso한영화였음!
etti_laurent,2019.04.09,무난하게 잘 본거같아요
YN3chon,2019.04.09,그대들의 젊은시절 로망이 오직 가정만을 위한 것들인 우리 부모님들 생각에 두시간 내내 울기만 했다.
ghetto,2019.04.09,로망 로망 로망 로망 로망 로망 로망
wr**004,2019.04.09,"사랑은
끝까지
함께하는거"
amyZzang,2019.04.09,부모님 생각이 많이 나게하는 영화
le**imj1357,2019.04.09,"서글푸네요
현실입니다ㅠㅠ"
라부링,2019.04.09,ㅠ...휴지흠뻑 젖어요
ph**opola,2019.04.09,믿고 보는 배우들의 연기! 개인적으로 신파를 좋아하지는 않지만 이번 영화는 좋은 신파라고 생각합니다. 슬프면서 아름다운 영화고 부모님과 함께 본다면 좋을 영화에요~
ju**youp,2019.04.08,감동적입니다 추천합니다
hc**54,2019.04.08,goodgoodgood
dn**m1023,2019.04.08,두 배우의 연기만으로도 충분히 볼만했습니다. 많은 생각이 들게하는 영화였어요.
Lake,2019.04.08,잘 봤습니다~~~^^
yh**949,2019.04.08,부모님과 함께 봤어요~ 보는동안 계속 눈물이 나더라구요..연기자들의 연기가 일품이어 더 빛났던 영화인 것 같습니다 너무너무 좋았습니다 부모님도 한번쯤 삶을 돌아보게되어 또 앞으로의 삶도 생각하게하는 좋은 영화라고 하시네요~~^^
ju**hp0505,2019.04.08,좋았어요 좋았어요....
fl**er2316,2019.04.08,정말감동적인영화..
woosuzzang,2019.04.08,연기다들 좋았고 진짜 펑펑 울었어요 ㅠ
jj**on0221,2019.04.08,너무잘봤습니다~~~
호명현,2019.04.08,"나이들어감에 받아드려야할 감정들이 너무 많아  때때론 가슴한구섞이스라립니다
로망~꼭들보세요
배우자랑손잡고 꼭!!"
서뉴_,2019.04.08,정말 감동적인 영화입니다
초콜릿무스,2019.04.08,"여기저기 다들 우느라바쁘던 영화.
좋았어요!!"
오렌지00,2019.04.08,"좋았어요
눈물바다~ㅋ"
세규르맨,2019.04.08,좋은 영화였어요.연기도 내용도
ga**iflow1,2019.04.08,이순재 할아버지 ㅠㅠㅠㅠ
du**hk5502,2019.04.08,개인적으로 슬픕니다 나중에 저의 삶이 될지도 모른다는 생각이 울컥해요
su**2299,2019.04.08,감동적이고 재밌었어요
looshin,2019.04.08,배우들연기도너무좋았고너무슬프고감동적인영화 보는내내울었네요
jawoo,2019.04.08,goodgoodgood
yoyona,2019.04.08,"치매를 다룬영화라봤어요
먹먹한기분이들었네요"
dbmjlove,2019.04.08,혹시 치매에 걸리셨더라도 자살은 생각하지 마세요. 자식들은 부모님과 오래오래 같이 살며 보살펴 드리고 싶을거에요.
영화태후,2019.04.08,"마무리가 맘에 안드네요..
열심히 살아온 아빠에게도 박수를..
치매부모님을 돌보고 있는 모든사람에게도 박수를.."
제리,2019.04.08,"엄마와 엄마친구분들께 예매해드렷는데
영화보는내내 외할머니 생각나서 많이 우셧다고하네요 잔잔하게 괜찮으셧다고합니다^^"
BMNT,2019.04.08,작은 소망에 대해 생각해주게 하는 영화
채연이맘♡,2019.04.08,잘봤습니다~~~^^
movie=mi,2019.04.08,산다는건. .쉽지가않다. .그렇다고 살래 말래하면. .산다고들 한다. 쉽지는 않지만 살아볼만은한거. .그게인생. . 아등바등 하지말고 지금 이 순간을 즐기면 될꺼같다. .
독서왕,2019.04.08,부모님을 다시 생각하게 만드는 영화였네요.계실때 자주 찾아 가 뵈야 할것 같아요. 앤딩이 슬퍼요. 치매라고  저런것이  나을까요?
drahn.,2019.04.08,슬픔 포인트는 죄다 집어넣었구만
서빈백사,2019.04.08,가슴이 먹먹하네요~~^^  울엄마가 생각이 나네~ 엄마가 보고싶네ㅠㅠ
ts**so,2019.04.08,공감이 너무 가는 이야기...
Great Lake,2019.04.08,현실의 답이 없을때 마지막 선택이 느껴진다
jd**123,2019.04.08,좋았답니다 좋았답니다
누운풀,2019.04.08,삶이 연장될 수록 우리는 제대로 감당할 수 있을까?
새콤달콤쌉싸름,2019.04.08,"건강하게 늙고 싶네요,, 본인뿐만 아니라 가족까지 힘들게 하는,,공감되는 내용입니다"
ho**0117,2019.04.08,good good good
숩,2019.04.08,슬프다요슬프다짱슬프다
ex**l672002,2019.04.08,누구나 격고 싶지 않지만 생길수 있는 일. 인류가 꼭 정복해야 할 병. 연기 너무 좋고 감동이네요
at**acnam,2019.04.08,잔잔하지만 슬프고 그렇지만 아름다운 영화입니다
Nirvana♡,2019.04.08,많은 것을 생각하게 하는 슬픈 영화였습니다
하얀완두콩,2019.04.08,모두가 예상하는 뻔한 스토리지만.노배우 두 분의..애틋하면서도 애잔한..명연기는 충분히 감상할 수 있다..
블루지기,2019.04.08,부모님 생각이 많이 나는 영화였어요!!
사람이꽃보다아름다워,2019.04.08,삶과 죽음과 가족 사랑을 생각해 보는 시간...
이회장사모님♡,2019.04.08,잘 봤습니다~~~^^
Cinema_alone,2019.04.08,"너무나 현식적인 우리네 가족이야기..
노부부의 사랑이 너무 와 닿아서 마지막엔 눈물이 주르륵.."
cy**ng2012,2019.04.08,"저희 부모님께서 치매에걸리시게된다면이라는 전제로
많은것을 생각할수있게 해주는 영화입니다
웃기기도하구 슬프기도했어요
좋아요!"
이회장님♡,2019.04.08,잘 봤습니다~~~^^
뽀송이다,2019.04.08,슬펏어요 흑흑흣흑흑흑
co**cong59,2019.04.08,엄마랑 같이 봤어요. 눈물이 많이 나요
CGV개봉사수자,2019.04.08,그 누구도 배려할수 없는...부부는 그런것이다...자식이 있어도 폐가될까봐 노 부부는 그런것이다...자식도 언젠가는 그런 노 부부가 될터인데...그냥 세월이 얄밉다...
as**22nd,2019.04.08,짠했어요 감동적이었어요
샤인10,2019.04.08,엔딩 부분은 너무 처연하여 볼수가 없어 그냥 나왔다 ㅠㅠㅠ
연꽃,2019.04.08,미래의 나자신을 보는듯 누구나 늙고 병 들지요 내내 눈물나네요 감동
카리82,2019.04.08,너무 많이 울어서 머리가 아프네요 부모님께도 보여드리고싶어요
kl**as80,2019.04.08,부모님생각에 눈물이 흐른영화
swpark6518,2019.04.08,나 자신의 삶을 되돌아보고 가족을 둘러보게하는 멋진 영화네요. 부모님이랑 같이 보면 좋을거같네요.
dr**ming0816,2019.04.08,goodgoodgood
yb**80505,2019.04.08,기대가  너무  많이  컸네요
인수123,2019.04.08,부모님한테 잘해야겠다고 생각하게 되는 영화
세가사벤,2019.04.08,올해 가족영화로는 최고일듯하네요
i2**2forall,2019.04.08,정말 좋은 영화입니다.
km**576,2019.04.08,보면서 부모님생각과 머지않은 미래에 나를 생각했습니다. 많이 울었어요. 나도 예외일수 없다는 현실이 맘아파서
db**ndud35,2019.04.08,"노년의 삶을 다루는 영화와 드라마가 많이 나오고 있다. 얼마전 종영한 ''눈이 부시게''도 치매에 관한 이야기였다.

아직 20대이지만 내가 늙게 되었을 때 어떻게 해야하는지, 그리고 늙어가는 과정에서 가정의 행복을 챙겨야겠다는 생각을 하게 되었다."
oj**871,2019.04.08,잘봤습니다. 잘봤습니다.
tj**296,2019.04.08,가슴 먹먹하게하네요 부모님 살아게실때 조금도 신경써야되겠네요
ke**ndgod,2019.04.08,보는내내 눈물흘리며 보았습니다~ 부모님의 사랑과 내 미래의 모습이 그려져서요
라면두박스,2019.04.08,영화관에서 혼자 질질 짰네요
쟁바니,2019.04.08,그냥 가슴 찡했어요..ㅎ 연기력이야 믿고 보는 배우들이라 말하기도 입 아프고 . 재밌게 봤습니다 친구는 옆에서 폭풍눈물 흘리더라구요.
엄마는영화를좋아해,2019.04.08,새삼  옆에남편을다시보게되는그런영화 미워도삶에끝에는남편만이곁에있다는 가슴이시리고 먹먹해지는그런영화 우리일상을그대로보여준배우들에게박수를보냅니다
jy**sical,2019.04.08,인생이 참 아름답고도 슬프다는 생각이듭니다
오늘은무슨영화볼까?,2019.04.08,너무너무슬펐어요~다음에도 봐야겠어요
♡자야♡,2019.04.08,치매가 무서운 병 배우들 연기 좋았습니다
powerj99,2019.04.08,"많은 생각을 갖게 해주는
배시시 웃다 눈시울 붉히는 올해의 가족영화"
so**jh83,2019.04.08,"부모님이 잘보셨다네요
감동이라고..
그러면서
치매 걱정하시면 치매예방을 위해서 노력하시겠다고 하네요."
dp**jtm234,2019.04.08,이순재 선생님 연기는 정말 최고에요 모든 연령대의 많은 사람들이 봤으면 하는 영화!
tj**js2,2019.04.08,60세 중반의 나의로망  하루하루 매순간 보람있게 잘살아가고싶다~
ag**hah1,2019.04.08,부부가 죽어도 같이 죽고 살아도 같이 살자는 생각을 하는데 치매라는 넘은 그 생각조차 사치라 한다.ㅜㅜ
Blaise,2019.04.08,잘 봤습니다. 많은 생각을 하게 하는 영화였습니다. 추천합니다
형기맘,2019.04.08,이순재님 정영숙님의 연기땜시 보는내내 눈물이 주르룩...손수건없이 볼수 없는 영화네요..다들 영화가 끝나고 눈물을 흘리는 영화입니다..내 가족을 다시 생각하는 그런 영화..
ti**0346,2019.04.08,좋았어요. . . .생각이많아지고. .
강주인장,2019.04.08,"하염없이   생각이  많아지네. .
곁에 누군가는  내편이   있어야지~"
지올,2019.04.08,정말 생각할 거리가 있는 영화였네요
blah,2019.04.08,뻔하지만 역시나 슬프다
디카프료,2019.04.08,"이순재님,정영숙님 연기에 큰 감동했습니다??"
장탱10,2019.04.08,"부모님 생각이 나네요
감동입니다"
동팔씨,2019.04.08,너무 울어서 머리가 아프네요...
로드소믈리에,2019.04.08,상영관이 많이없는게 너무 아쉽네요. 부모님 세대보다 오히려 자식들 세대에서 많이 봤으면 하는 영화네요~
na**oon,2019.04.08,"영화보고나와서 남편에게 전화부터 했네요.
있을때 잘해야지....쉽지는 않지만...."
초코맛머핀,2019.04.08,오랜만에 만난 웰메이드 국산 영화
su**rcinby,2019.04.08,가슴이 먹먹하네요...
커리코리,2019.04.08,나이를 먹어가면서 후회하지 않도록 가족간에 사랑하며 잘 살아겠다는 생각을 하게하는 의미있는 영화였음
sojin1764,2019.04.08,슬프고 슬프고 슬픈영화
크리스탈??,2019.04.08,"눈물적시며 봤습니다
나이들었다고....아니요
순간적으로 찾아오는건
그누구도 막지 못하나 봅니다...
가족들과 더많은 대화하며 
즐겁게 살아야겠습니다
로망 잘보았습니다"
mi**love502,2019.04.08,혼자보다는 둘이 낫죠 치매 부부의 생활이 애틋하고 마음 아프네요
se**il,2019.04.08,혼자보다는 둘이 더 낫지 심심하지 않으니까
kk**on0918,2019.04.08,"뻔하고 흔한 전개 필요없는 서사
그래도 배우는 훌륭하다"
시간을달려서,2019.04.08,ㅠㅠ너무슬픕니다 엉엉울었네요. 확실히 영화는 이렇게 연기파배우가 해야죠 정말 잘봤습니다
conconcon,2019.04.08,전개는 좀 그랬지만 연기력에 빠지고 감정이입해서 보면 볼만한 영화
dl**flz,2019.04.08,생일을 볼까하다 이 영화를 보았는데 지루함 없이 잘 봤습니다
근영맘,2019.04.08,펑펑울고 나왔어요.
지뇨닝,2019.04.08,너무 감동이지만 스토리 예측이 다 됩니더
hawoon,2019.04.08,보세요.. 무조건 보세요..  이순재 배우님 완전 우리 아빠 같았어요.. 아빠 꼬셔서 한전 더 봐야 할듯 합니다.
황후님,2019.04.08,행복? 멀리있지 않아요
지리산곰돌이,2019.04.08,가족을 한번더 되돌아보게 되는 영화입니다..
화이트레빗,2019.04.08,잔잔하지만 묵직함이 있어서 좋은영화
lovely seung hyun,2019.04.08,슬프면서  감동적인 내용 입니다 ^*
me**edsnouu,2019.04.08,한 시간 동안 울었습니다 ㅠ
나그남자,2019.04.08,"최고입니다.
 ^^* 말이 필요없이 보면 됩니다."
cc**23,2019.04.08,현실에 있는 일인데 ?부모님한테 잘해야겠다 슬프디ㅣ
sm**232,2019.04.08,"한순간도  눈을 뗄 수없는 장면.장면..
삶은  치열했다..라는  답을 안겨준 영화."
이소,2019.04.08,생각만큼은..별로였어요
on**232,2019.04.08,이순재.정영숙님의  열연에  마음이  숙연했습니다.
hy**n3696,2019.04.08,상영관이랑 상영시간도 많이 없는것만 별로였고. 영화는 너무 좋습니다!
uj**12,2019.04.08,우리네는 어떨까 생각해보게 되었어요.
해사평강,2019.04.08,꼭 봐야 할 인생영화…!
서승연준맘,2019.04.08,두 배우들이 보여주는 노년의 삶 아둥바둥 살 필요가 없는데 왜 그렇게 살고있는지...서로 위하며 끝나는 날 서로에게 미안해가 아닌 사랑해 고마워라 말하며 끝낼수 있길...
민들레 홀씨되어~~♡,2019.04.08,가슴 뭉클하게 하네요..나를 뒤돌아보게 하는 영화네요~잘 봤습니당~♡
fr**n13,2019.04.08,슬퍼염 배우들 연기가 좋습니당
NaDiA~☆,2019.04.08,행복?한 부부로... ㅠ.ㅠ
yu**5500,2019.04.08,잼나여아죽록두구부귀
un**ng,2019.04.08,배우들연기짱..스토리 모두 좋았습니다..
m-s,2019.04.08,"먹먹하고,미래의 나의 모습인가?!
생각하며 봤어요"
이십백,2019.04.08,서로의 치매사실을 알았을때 다루는 방식이 인상깊네요 한쪽은 요양원 보내기 급급하고 한쪽은 애기 다루듯이 챙기고요. 극이 진행될수록 서로를 챙기는 모습이 절절했습니다
te**s1108,2019.04.08,두 배우의 연기가 일품 다른 조연들도 훌륭했어요
mb**yd,2019.04.08,가정은 가정으로 맺어지지 않았다
오드리 오드리,2019.04.08,그냥 평범합니다...
아넷맘,2019.04.08,잔잔하니 좋았다~늙는다는게 참 쓸쓸해진~맘이 아프다ㅠㅠ
희돌이,2019.04.08,부부의 관계를 다시 생각하게 만드는 영화라서 무척 좋았어요
김도형님,2019.04.08,좋은영화소재 잘봤습니다
깜뒤우가,2019.04.08,엄청슬프고 너무보기좋게봤습니다
O-O;;,2019.04.08,"치매 걸린 노년의 인생을 배우분들이 연기로 잘 표현하신 것 같아요.
가까이 있어서 소중한지 모르고 상처주기 쉬운 사이가 가족들인데....
다시 한번 돌아보고 챙겨야 될 것 같아요.
엄청 울다가 나왔네요."
공주님임,2019.04.08,"조조로 혼영하기 조은 영화
눈치 안보고 울기 조아요"
wa**gemma,2019.04.08,양쪽 다 치매 ㅠㅠ 슬프네요
lo**lysws,2019.04.08,치매부부..로망과 노망 사이 ㅠㅠ
사랑스러움,2019.04.08,따뜻한 영화네요..ㅠㅠ
rh**cute,2019.04.08,재미있었다 따뜻했다 마지막이 인상적이다
jangmi,2019.04.08,"엄청 감동받고 나왔네요
오랫만에 가슴 뭉클한 감동"
dh**swl2437,2019.04.08,좋은 영화입니다 ...^^
vl**sjtm88,2019.04.08,굿굿굿....볼만했어요
yg**482,2019.04.08,잘 봤어요 잘 봤어요..
qs**21,2019.04.08,연기가 좋았어요 너뮤~
kk**nhong,2019.04.08,좋았어요 좋았어요^^
ha**ole65,2019.04.08,가슴한켠이 먹먹하네요
루히나,2019.04.08,사랑스러우웠음ㅗㅗㅗ
mi**minsuk,2019.04.08,정말 정말 재미있습니다.^^
영화럽맨,2019.04.08,어머니와 아버지를 떠올리며 함께한 영화
al**r7315,2019.04.08,"감동을 주는 영화입니다. 나의 부모님의 생활에 대해 돌아볼 수 있는 시간이었고, ''나중에 해야지'' 하는 생각을 버려야겠다는 마음가짐을 하게 되는 영화입니다. 꼭 보세요~~~"
jk**7p,2019.04.08,`나도 이럴때는 어떻게 해야할지'' 하는 생각이 들게하는 영화
so**n12041,2019.04.08,재미있어요 재미있어요
so**n0620,2019.04.08,재미있어요 재미있어요
ek**nwkd609,2019.04.08,재미있어요 재미있어요
le**u0703,2019.04.08,이순재 배우는 믿고 보는 배우
떡갈나무,2019.04.08,"가슴아팠어요~
내 부모가...또는 내가...
어떤선택을 할수있을까~~"
공주^^,2019.04.08,나이먹는다는게 병들어 아프다는게 참 슬프고 서러운 일이네요. 어느 가정에나 있을만한 일을 잔잔하게 그려낸 영화
di**10,2019.04.08,잼있어여.잼있어여..
IWEM,2019.04.08,생로병사의 삶을 두 노배우분의 열연으로 잘 보았습니다. 현재 삶과 내 주위 사람들에게 최선을 다해야 겠습니다.
il**uonlyu,2019.04.08,아아ㅏㅏㅏㅏ아ㅏ아아
무림맹주,2019.04.08,배우들에게 박수를...
dl**srb2776,2019.04.08,재미는 있는데 저예산영화 같은 느낌을 많이 받았고 감동적이나 아쉬웠어요 ㅠㅠ
wn**sjh458,2019.04.08,한 쪽이 아닌 양쪽 다 알츠하이머를 앓는다는 소재가 신선하다고 생각했는데 막상 까보니 1시간은 너무 뻔했다..
w1**ppy,2019.04.08,"현실성 있는 스토리라 더 와닿았어요 ,,"
토실맘~♡,2019.04.08,나에게도생길수있는상황..울면서봤어요..
to**i3377,2019.04.08,처음부터 끝까지 많이 우는 영화
나나나너너,2019.04.08,영화 초반부터 끝날때까지 너무... 슬프고 눈물이 안멈춘영화입니다.꼭 보시길 바래요
월천송,2019.04.08,"울고싶어서 냎킨  잔뜩 가져 같는데  눈시울만 적실뿐.
내 감정이 매말 라 있을수도..
앞좌석 할줌씨(  아줌니도 아니고 할머니도아닌) 두명이서 너무 시끄러서 더 그랬음"
미쓰백한지민,2019.04.08,아프면서도 감동적이고 잔잔하네요
la**seol,2019.04.08,가슴 먹먹해지는 영화에요
Tony Han,2019.04.08,"로망과 노망사이~~~딱,거기까지인듯하요?"
너를찜했어,2019.04.08,하루하루 고맙다고 생각하자
바람꽃★,2019.04.08,슬프고 가슴아프네요  내옆에 있는 사람이  제일입니다
보라 인성,2019.04.08,연인과 같이 보면 좋아요 ^^ 남자친구는 무조건 손수건 준비해야되요.
dl**ddnr2174,2019.04.08,치매에 걸린 사람들의 삶에 대해 다시 생각해보게 되는 뜻깊은 영화에요
효둄,2019.04.08,많이 슬픕니다..누구에게나 일어날 수 있는 일이기에 더욱 마음이 아프네요..
r.eum,2019.04.08,"왠지 모르게 우리 할머니 할아버지가 떠오르고, 나중에 내가 나이가 들었을 때 우리 부모님도 저런 생각을 가지게 되는 건 아닌지 걱정도 되는 뭉클한 시간이었습니다ㅠㅠㅠㅠ"
wo**6028,2019.04.07,부모님 생각 많이 나는 영화입니다... 잔잔하고 슬픈 영화...
BenjaminK,2019.04.07,정말.. 정말 잔잔한 울림과 감동을 주는 영화입니다. 고민하지 마시고 한 번쯤은 꼭 영화관에서 보시길 바랍니다.
스크린01,2019.04.07,역시 치매는 힘들어 나이가 들수록 배우자가 최고야
Mr.Barista,2019.04.07,45년을 함께한 노부부의 치매와 함께 하는 연애 이야기.. 울퉁불퉁한 돌길을 함께 걸어온 이 시대 모든 부모님들에게 바치는 영화. 모든 부모님들 앞에선 자식들은 고개를 들지 못할 정도로 불효자가 되나 봅니다.. 사랑합니다. 감사합니다. 보고 싶습니다.
remix3rd,2019.04.07,가슴 먹먹한 영화였고 치매의 심각성을  알게되었어요
ra**ir12,2019.04.07,부모님한테 보여 드렸어요
dk**ud581,2019.04.07,보는 내내 울고 나왔네요 정말 너무 공감되고 주위에 있을법한 우리의 이야기네요
Loverboy,2019.04.07,믿고 보는 명배우들의 연기...
ki**mira,2019.04.07,두연기자의 연기가 돋보이는 영화였어요
in**rpreter2,2019.04.07,어르신 두분의 연기가 좋아요
배고픈여우님,2019.04.07,너무 슬펐고 ...  다시한번 부모님에대해 생각하는 시간이 된거같다.
수미니짱,2019.04.07,결국에는 내옆에 배우자가 짱이다. 있을때 잘하자
곰사랑,2019.04.07,치매는 더 이상 개인의 문제가 아니라            국가에서 책임져야 합니다.
ar38532823,2019.04.07,로망 너무좋았어요:-)
so**19730404,2019.04.07,가슴짠한  영화 간만에 좋았네요
bk**86,2019.04.07,슬프네요ㅜㅜ강추합니다
타이쿤01,2019.04.07,젊고 힘있을 때 아내와 아이들에게 잘 해야겠네요
xh**eh2,2019.04.07,"잔잔하면서도 씁쓸한 우리네 현실..
어르신들 연기 굿~"
jh**35,2019.04.07,이순재 선생님 나오는 영화라 믿고 봤어요
car상사,2019.04.07,잼있네요 자신합니다..강추강추
ni**325,2019.04.07,"먹먹합니다,, 사람들에게 천천히 잊혀지는 사람이 될수있길"
용원이,2019.04.07,다들 부모님께 잘하세요
xo**sy1,2019.04.07,감동적이었음 재밌었어요
L.P,2019.04.07,연출마저 신파적일 필요는 없다.
kr**707,2019.04.07,배우분들 연기력 덕분에 몰입되어 엄청 울었네요
Drizzle,2019.04.07,상영 시간대 좀 늘려주세요. 배우분들 연기도 잘하시고 내용도 좋았습니다. 남편과 봤는데 둘 다 너무 좋고 미래에 대해 생각해 볼 수 있었어요~
스티나,2019.04.07,울엄마: 넘 현실적이입니다
ㅡ 스마일 ㅡ,2019.04.07,"내 부모라면, .... 
생각하게 되네요~"
jm**104,2019.04.07,너무너무 감동적이였어요ㅠ
사천물장수,2019.04.07,감동적인 영화입니다.
se**ee,2019.04.07,그냥 눈물이 나와요. 한번쯤 꼭 봐야~
수바니,2019.04.07,슬프고 현실적이고 보는 내내 눈물이 나는 영화
ho**yuck4,2019.04.07,보통 이런 영화는 잔잔하지만 괜찮은데 조금 아쉬운 면이 있네요
pj**sy1,2019.04.07,영화가 곤차노니리니ㅗㅓ 이ㅓ럴앙ㄹ..
so**wak0710,2019.04.07,영화가 곤차노니리니ㅗㅓ 이ㅓ럴앙ㄹ..
kw**junim,2019.04.07,영화가 곤차노니리니ㅗㅓ 이ㅓ럴앙ㄹ..
he**yone,2019.04.07,배우들의 연기는 빛나요...
영올리브,2019.04.07,나의 미래는... 슬프다
캐논니콘,2019.04.07,"기대보다 감동지수가 좀 낮았어요
시나리오도 좀 아쉬웠고"
흥앵애,2019.04.07,공포영화네요....
do**jhs,2019.04.07,볼만합니다영화관에서봐요
최드롱,2019.04.07,"좋았네요
한번쯤 생각하게 하는영화"
zz**ggu928,2019.04.07,누군가의 일상에서 일어날수 있지만 일어나지 않았으면 ..
gngnring,2019.04.07,억지로 짜내는 내용이 아니라 스토리가 잔잔하면서도 현실적으로 진행되어 더 슬펐습니다. 배우분들 정말 존경합니다 잘봤습니다.
쭈쭈^^,2019.04.07,엄마랑 같이 눈물 쏟고왔네요
영화꿀핵잼,2019.04.07,너무 슬퍼요. 내 삶의 방향을 되짚어볼 수 있는 시간이었습니다.
tt**tin2020,2019.04.07,로망...그리고 노망 글자는 조금의 차이지만 뜻은 큰 차이 너무 슬펐어요
달구찡,2019.04.07,보는 내내 부모님 생각이 참 많이 나는 영화였어요. 그래서 더 슬펐던거 같기도ㅜㅜㅜ
il**esuan,2019.04.07,"2번 보고?
부모님 예매해드림?"
je**gyunstar,2019.04.07,감동적이고 치매 안왔으면 좋겠음
첸베,2019.04.07,부모님 예매해드렸는데 잘보셨다고 눈물도 좀 흘렸다고 하셨어요~
방랑자은방울꽃,2019.04.07,잔잔한 울림이 있는 영화네요
yu**ng422,2019.04.07,웃긴장면도 눈물나는 영화 ㅠㅠ
yu**n8285,2019.04.07,"잘봤습니다
잔잔하니 좋았습니다"
22**gm,2019.04.07,누구나 피해갈 수 없는 삶의 마지막을 진지하게 생각해 볼 수 있었습니다
mhseo,2019.04.07,현실을 보여주는 스토리 몰입감을 더해주는 연기 돈이 아깝지 않았음
은_은,2019.04.07,로망 연기가 좋았어요~
daumee,2019.04.07,벗어날수 없는 인생여정을 지순하게 마무리할 수 있기를 희망한다
06**hj,2019.04.07,"있을때 잘하기.
부모님 보여드리고싶은 영화"
he**onge2,2019.04.07,생각이 많아지는 영화ㅜㅜ
sjs9717121,2019.04.07,우리 모두가  건강할때 좀 더 부모님한테 잘해야 될텐데 말이죠 ^^
fr**00777,2019.04.07,shsnsnzmzmskskmsmsms
??얄루,2019.04.07,연기정말 잘하시는것같아요 눈물이 계속 났네요
Hwang♡,2019.04.07,"슬퍼요,, 꼭보세요 모두들..♡"
올껌,2019.04.07,너무슬프고 감동이에요~~~
ji**0688,2019.04.07,아직 밖은 밝은데 내 얼굴은 는코입 다 빨게져있을뿐...좋아요...
슈끼♥,2019.04.07,"눈물 줄줄
치매걸리신 시댁어른,친정어른들생각나서 펑펑울고나왔어요
공감백프로.."
wh**esnow114,2019.04.07,삶이어떤건지 느끼게 해준영화... 살아계시고 건강하실때 함께 할수 있을때 좋은 추억 많이 만들어야 할거 같습니다
팔색조0712,2019.04.07,재미있게 잘 봤어요..
무비레이디♡,2019.04.07,"절대로
남의 일만은 아닐지도 모르는
누구에게나 현실로 올지도 모르는
노년의 모습!!!
그러나 절대로 추하지 않은 모습!!!
잔잔한 감동으로
가슴 적셔준 로망!
곁에 있는 짝지에게
더 관심가져주라는 메시지로~
영화 좋았어요!"
wi**hawk7,2019.04.07,부모님보고싶다해서 예매해드렸는데 완전 슬프다고 너네도 한 번 보면 좋을 것 같대서..다음주 주말에 한 번 보러가려구요
nu**ga,2019.04.07,"엄마:먼훗날 우리의 모습,개슬퍼라고ㅜㅜ치매안걸리게 덜 대들겠습니다..ㅜㅜ"
kl**11,2019.04.07,시작할 때 부터 끝날 때까지 울었어요
zn**veyou,2019.04.07,부모님이랑 같이 봐도 좋을거 같아요..
espressotravel,2019.04.07,할머니들이 너무 재미있게 보셨다고 좋아하시네요. 보시고 더 침울해하시지는 않을까 걱정했는데 앞으로 본인들에게 닥칠일이라고 하시며 담담하게 웃으며 말씀하셨어요.
콩과나무,2019.04.07,남의 일갔지 않네요~^.^
kg**is00,2019.04.07,"요즘 치매가큰관심거리인데 좋았어요
마음이울적해졌어요"
eu**ee0527,2019.04.07,더하지도 않고 덜하지도 않아서 더 눈물이 마르지 않았던 영화. 머리가 아닌 가슴으로 잘 봤습니다.
ye**g93664,2019.04.07,너무 뻔한 영화지만 생각을 많이 하게 하는 영화..옆에 있을 때 잘해야하지만 항상 관과하는 우리를 반성하게 해주네요..
책이라는 지도,2019.04.07,그렇게 끝까지 가야 했는지?? 누굴 위해서.. 누가 관람의 타겟이었는지를 고려해서 좀 더 신중히 영화를 만들어 주셨으면 좋지않았을까 싶습니다.
lm**901,2019.04.07,정말로 재미있는 영화입니다
효지닝,2019.04.07,"관심도없는내용이었는데 실관람객평이 좋아서 급하게보러감.
쥐어짜는감동이아니고 현실에서 일어나기쉬운소재로 잔잔히 감동을전해왔다.
배우들의연기도 역시수준급이고 양로원에 두고갈때랑 부모님의치매사실을 아들이아는장면 두장면에서 울컥 ㅜㅜ
재미보다는 감동으로 봐야"
땅콩이네,2019.04.07,많은 생각이 드는 영화예요
겐시로,2019.04.07,로망 소소한감동과 재미
10**sara,2019.04.07,잔잔하게 파고들어 슬프게하네요
anesmovie,2019.04.07,엄마 모시고 보고 왔어요. 부모님께 보여드리면 딱이에요.
에이원지호,2019.04.07,사회복지 쪽에 관련되어 있어서 더욱 와닿는 내용입니다
Bellaaaaaaa,2019.04.07,아빠이기전에 한 남자였고 엄마이기전에 한 여자였다는걸 다시한번 깨닫게되었고 먹먹했고 좋은영화였습니다.??
혼자서도 영화봄,2019.04.07,믿고싶지는 않지만 현실..이여서  가슴 아픔..눈물이 많아서 인지 현실을 즉시하는것인지..영화보는 내내 눈물ㅜㅜ
perkynana,2019.04.07,"아이구 왤케 슬퍼..
마음이 저리네..."
무비무비부비,2019.04.07,잔잔하고 좋았어요 배우분들 연기는 단연 최고에요
김슬이,2019.04.07,뵤벼뱌배베보버바비뷰부브
초록날개,2019.04.07,잔잔한 감동이 느껴집니다
eo**s9999,2019.04.07,"최고의 연기,슬픈영화의 최고봉"
Leeisfree,2019.04.07,"나이듦.. 누구한테나 오는 시간..
근데 참 서글프네요ㅠㅠ"
가요니,2019.04.07,상영관 없어서 전주에서 익산까지 보러감 ㅠㅠ힝
승 율 맘,2019.04.07,"엄마의 노후와  저의 노후를 생각하게 되는 영화네요...
슬프네요..."
rm**81024,2019.04.07,"너무감동적인영화~~
한참울고나왔어요"
gp**1510,2019.04.07,"많이 슬픈 영화였어요.... 보는내내 눈물이
나요"
마릴린몰로,2019.04.07,부모님이랑 같이 봤는데 감동적이고 좋았습니다 보는내내 눈물이 나왔다 들어갔다 반복했네요 ㅜㅜㅋㅋ
표밤비,2019.04.07,부모님과 같이 봤어요~잔잔한 감동
gi**ion94,2019.04.07,ㅈㅏㄹ봤어요...^^
너만원해,2019.04.07,한바탕 울고나니 속은 후련합니다. 영화가 끝이나도 한동안 자리를 뜰수가없게만드는 그런영화네요... 현실과도 아주 밀접한 소재여서 남이야기보다는 곧 나의이야기가될지도 모른다는 애잔한생각에 많은 생각이 스쳐갑니다. 강력추천합니다!!
쏘쏘이모,2019.04.07,부모님께 잘해야겠어요ㅜㅜ
mi**9woo,2019.04.07,눈물나요 진짜... ㅠㅠ
피카츄뱃살,2019.04.07,눈물이 앞을 가리는 감동적인 영화였습니다..
yn**213,2019.04.07,"ㅠ ㅠ 눈물바다에요
휴지 단디 챙겨가세요
많은 생각을 하게 한 영화에요
부모님께 잘합시다 ㅠ ㅠ"
je**y109,2019.04.07,감동적이었던 드라마 눈이 부시게처럼 부모님에 대한 고마움과 애틋함을 느끼게 해 주는 영화
hy**yeongbak,2019.04.07,"가슴이 먹먹합니다
내일인양~~~~"
oh**68,2019.04.07,부모님이 생각나는 영화였어요.
니로로,2019.04.07,많은 생각을 하게 해준 영화네요
Arthur_K,2019.04.07,좋지도 나쁘지도 않은 딱 그정도..하루 하루를 선물 처럼 느끼고 싶다
찬별애,2019.04.07,많은것을 생각하게 하는 영화였어요
lh**328,2019.04.07,"둘이여야만 가능한 일이지만, 긴병에 효자 없다는건 숨길수 없는 현실이다, 내 맘대로 치유될 가능성이 없어서.... 슬픈 영화다"
MIDAS,2019.04.07,우리들의 아버지세대를 잔잔하게 영상미를 담아내어 좋네요 무뚝뚝한 아버지상 그리고 자식의  지극사랑  많이 울고갑니다
kn**595,2019.04.07,슬프네요ㅠ 자식 키우느라 세월 다가고 늙으면 배우자뿐이네요 잘하고 살아야죠서로~~^^
예리성,2019.04.07,굴쎄욣ㅇ갸ㅗㅍ효아ㅓ
dr**onbalt,2019.04.07,슬퍼요~~~ㅜㅜㅜㅜ
꼬맹이★,2019.04.07,많이 슬펐던 영화...
ig**63,2019.04.07,영화 보는내내 우리 부부의 모습을 생각하며 봤어요. 눈물이 계속 나오는 영화~
양퉁이,2019.04.07,정말로 많은 사람들이 봤으면 하는영화입니다
몽치67,2019.04.07,훈훈한 인간미가 느껴지는 좋은 영화였습니다.
쌈박마뇨,2019.04.07,"예상되는내용이지만,슬프고,공감되는이야기입니다.
잘봤습니다."
yonbkjy,2019.04.07,로맨스와 늙음의 귀여운 앙상블~
wa**9410,2019.04.07,잔잔한 영화...그래서 더 마음이 먹먹했습니다
a2**131070,2019.04.07,에효  늙는게 뭔지  ..슬픕니다
영화 팬,2019.04.07,영화 로망 잘봤습니다.
지니니니니니니닝,2019.04.07,예고 거의 다봐도 눈물이 나는 영화입니다
푸른하늘가,2019.04.07,부모님 생각이 많이 나서 좋았어요
__응지,2019.04.07,조아요 꼭보세요ㅎㅎㅎㅎ
반쪽사랑,2019.04.07,잔잔한 스토리 내용도 있을만한 이야기이고 너무 뭉클해서 보는내내 눈물이...역쉬 연기들 대단했네요
나는나이다,2019.04.07,가족들에게 있을 때 잘해야 됩니다ㅠㅠ
아가돼지신부,2019.04.07,벌을 받고 있는 거라면...
af**ctionq,2019.04.07,정말 공감이 많이가고 꼭봐야할 영화!
진주가족,2019.04.07,뻔한 스토리지만 두분의 연기로도 충분했고 우리들의 이야기라 가슴으로 다가오는...
미굥♡♡,2019.04.07,좋았습니다 감동적이었어요
redred,2019.04.07,"마음이 짠 하네요.
저걸보면서 느낀게  있을 때 잘하자.
가족이던 친구던. 옆에 있을 때는 모르지만 없으면  더 잘할걸ㆍㆍ하는 후회ㆍ
후회 해 봤자 이미 없는데ㅜㅠ"
여르음,2019.04.07,따스하고 좋은 영화였습니다.
sh**e9344,2019.04.07,잘먹고 잘 삽시다 건강하게
무일대사,2019.04.07,너무 늙기전에 마누라한테 잘해야 되겠네요
wwwing,2019.04.07,연륜에서 묻어나는 깊은 연기가 돋보였어요
아세위,2019.04.07,부부는 이렇게 살아야 하는거죠..
jeosep,2019.04.07,"가슴이 먹먹해지는 느낌!!
나의 미래를 보는것~~^^"
스칼라,2019.04.07,꼭 보시면 좋을영화~~~
ta**isong23,2019.04.07,그당시 그시절 우리부모님의 이야기
fo**ious,2019.04.07,자존감을 잃지않고 생을 마감하는것 또한 복일지도 모른다는 생각이 듭니다  덤덤하게 연기한 노배우들을 보는것만으로도 가슴이 찡했어요
joyful!,2019.04.07,"슬퍼요
콱찬스토리는없지만 가슴먹먹해지네요"
나침반친구,2019.04.07,정신놓지 않고 건강하게 살다 죽는 게 로망 ㅜ ㅜ
mg**74,2019.04.07,"마음을  울리는  영화였습니다 

부모님에게 더 잘해야겠다는 

마음이  듭니다."
noopy1982,2019.04.07,"MBC FM영화음악에 출연한 이순재 배우님 방송을 듣고 알게 되어 관람했습니다. 친척 중에 두 분이 치매를 겪었고, 겪고 있기 때문에 피부로 크게 와닿았습니다. 마지막 해변 장면은 영화 ''노킹 온 헤븐스 도어''가 연상되어서 여운이 컸어요."
ki**e0122,2019.04.07,가족들한테 평소에 잘 하자.
꽥 쥬금,2019.04.07,그냥 괜찮았습니다. 이순재쌤 연기가 감동적이에요
희동동,2019.04.07,부모님이 더 더 생각나는 영화
ba**ng6300,2019.04.07,유유유우우우유유우유유우유ㅜ유
4_m_07,2019.04.07,세상 사랑영화 현실은 이 영화같아요
찬지박,2019.04.07,좋았어요 감동ㅠㅠ 치매노인얘기입니다.
조퍼비,2019.04.07,너무 많이 울었어요.. 감동적이고 여운 깊습니다..
14**dg,2019.04.07,소박하고 단아한 노부부의 부부애가 빛나는 영화였습니다.
Eliza:,2019.04.07,인상깊게 잘 봤습니다~
흑백영화,2019.04.07,"일상에서 접할수있는우리들의이야기네요. 가슴이 먹먹해고눈시울이  뜨거워지는영화. 호불호가 갈리는영화일것같아요. 
그런데 영화관에서 보기는 좀 ...집에서티비로보기좋은영화"
뉴녕이,2019.04.07,가슴이 먹먹하더이다 우리네얘기라
해파리만두,2019.04.07,나이들어가는건 죄가 아니다 젊은이 특권이 아니듯이....은교대사 생각남
멋쟁이 울아빠 ^^,2019.04.07,얼마안남은우리들의이야기라서더먹먹하네요배우들의연기가아주좋아요치매걸린노부부의마지막여정이리는스토리는다소진부했읍니다하지만배우들의연기가스토리의식상함을잘극복해주었다이순재님정영숙님연기정말좋았그요건강하셔서오래오래연기해주세요보는내내찡하고눈물흘렸네요
po**y38,2019.04.07,어마므시무시재미있었는데욜
송건경집사님,2019.04.07,겁나지않아?75세조남봉과71세이매자는 치매 부부 입니다 결혼 45년차몸도마음도닮아진부부는이제 세상에단둘있는것처럼삽니다매일기 억이흐릿해지지만먹고사느라잊었던로망은점점더선명해집니다올것왔다싶으니까 아무렇지도 않아요 로망이뭐 예요?로망이두근두근20대신혼부부
fb**dejr,2019.04.07,"나도나이를먹으니 너무와닿네요,눈물흐리며봤네요"
Ris 팅,2019.04.07,진정성 넘치는 연기와 뜨거운 눈물
#쥬블리,2019.04.07,영화보고 나왔는데 너무 울어서 눈이 마카롱....
se**622,2019.04.07,"역시 이순재~~
소재도 신선했어요.
눈물 흘리면서 봤어요."
아프리카뚱,2019.04.07,얼마 안남은 우리들의 이야기라서 더 먹먹하네요
ab**bi77,2019.04.07,배우들의 연기가 아주 좋아요
비치보이7,2019.04.07,"무난한스토리
주연배우의 발군의 연기력"
aj**e777,2019.04.07,잔잔하니 좋았어요 괜찮았어요
jmvely,2019.04.07,"눈물 안흘릴라 햇는데 펑펑 울었서여 .,"
tightrope,2019.04.07,치매걸린 노부부의 마지막여정이라는 스토리는 다소 진부했습니다. 하지만 배우들의 연기가 스토리의 식상함을 잘 극복해주었네요.
크레믈린,2019.04.07,미래를 대비하는 영화?
sa**ico1,2019.04.07,보는내내 울었어요.
익시더즈,2019.04.07,"같이 살고
같이 늙고
같이 가는
그것이 로망.."
soso_,2019.04.07,보는내내 코끝이 찡..했네요
bbobbo3,2019.04.07,아빠 엄마 더이상 늙지 말아주세요ㅠㅠ
김도연.,2019.04.07,가족이란것에 다시한번 생각하게 하는 영화!
댕쓰울쓰,2019.04.07,진짜 모든 사람들이 보면좋겠어요
아시끄러,2019.04.07,뻔한듯 뻔하지 않은 영화
뇨노니:D.,2019.04.07,엄마랑같이봤어요나는엄마를지켜주고싶어요
이브s,2019.04.07,언젠간 부모님이나 우리도 겪을수있는일이라 생각하니 맘이 아픕니다 두분 연기들 잘하십니다
bi**osil,2019.04.07,"잘봤습니다. ..,,,"
볼매당,2019.04.07,괜찮았는데 좀심심했어요
영웅본색,2019.04.06,잘봤습니다 연기잘하네요
to**rl,2019.04.06,"너무 슬펐어요.
정말 많은 생각을 하게 하네요~♥"
ag**108,2019.04.06,ㅠㅠ 눈이 아플정도로 움
뱡ㅇ,2019.04.06,너무 슬퍼요...ㅠㅠ
평창동호랑이,2019.04.06,"연로한 부부의 치매로 인한 삶의 인생을 표현한 한편의 순간 같다
언젠가 어느 누구나 저럴 수 있는 상황이 오기에 슬프기도 하고 애처로운 한 가정의 모습을 보기에 안쓰러운 현실이 눈물이 나네요
잘 봤고 배우들의 연기력이 훌륭했습니다"
ne**o147,2019.04.06,재미있게 잘 보고나왔습니다
선경씅,2019.04.06,할머니생각도나고연기가너무좋았어요ㅜㅜ
YeS!,2019.04.06,엄마랑 같이 오랜만에 본 가족영화. 훈훈했어요.
kiddo,2019.04.06,배우분들의 연기는 정말 최고였어요.
허그익따붕야,2019.04.06,억지 슬픔이라고 느껴지지 않는 감동영화
이은경,2019.04.06,안보면 아쉬울 영화. 가족과 함께하면 더 좋았을거 같아요
최영장군0124,2019.04.06,배우들의 연기가좋았습니다
카르타,2019.04.06,스토리는 아쉽지만 두배우의 연기는 좋았어요 ^^
미르,2019.04.06,"배우의 뜻깊은 연기, 연출은..."
kh**o0818,2019.04.06,감동적인영화를 봐서 좋았어요
wn**sxor,2019.04.06,여운이 많이 남는다 인생을 되돌아보게 되는..
4차원우주인,2019.04.06,소재는 좋앗지만 흐름성이나 개연성은 잘....그래도 잘 봣어요
ch**h1128,2019.04.06,배우분들의 연기가 너무나도 좋았어요
ji**oung719,2019.04.06,"그 시점이 부모님이 될 수도 있고,
훗날 내가 될 수 있다는 생각에
너무 마음이 아프고 아프다..."
ho**1222,2019.04.06,"ㅜㅜ 휴지 진심 필수에요,, 부모님께 잘합시다"
pi**go1,2019.04.06,"ㅜㅜ 정말 펑펑 울었네요
꼭 봐야하는 영화"
유지니신랑,2019.04.06,"이순재님 정영숙님 연기 너무 좋았습니다
건강하셔서 오래 연기해주세요"
cd**11,2019.04.06,좋았어요~^^ 좋았어요~^^ 좋았어요~^^
쑈링♡,2019.04.06,"지금 이 순간, 마음껏 표현하고 사랑하자. 참 많은  생각이 드는 영화예요ㅎㅎ 먹먹하니 끝나고 한참을 앉아있다가 나와서 남편과 많은 이야기를 나눴어요ㅎㅎ 오랜만에 연기도, 내용도 너무 좋은 영화를 봤어요. 이런 영화들도 흥행 많이 있으면 좋겠습니다!"
k1**0928,2019.04.06,평범한 소재지만 가슴 찡한 울림이 있는 영화입니다.
꼬수니닝,2019.04.06,아빠가 보다 울었네요..
눈꽃 눈사람,2019.04.06,감동적입니다 슬퍼요 강추많이 들 보세요
94_y,2019.04.06,아직도 여운이 남고 마음이 너무 아픈 영화입니다 .. 할아버지 할머니가 생각 나네요
hy**ws69,2019.04.06,어머님 아버님이 생각나는 영화.
놀이하는 인간,2019.04.06,슬프고 여운이 남는 영화입니다.
명나,2019.04.06,어떤 이와 보든 감동이 있는 영화
멜론,2019.04.06,사람이란 모두 다르지만 몇가지씩 공통점을 가지고있다는걸 보여준 영화
정용이,2019.04.06,노년 의 두사람의 가슴 아픈 이별이 너무 많이 마음 이 아팠습니다
메가만세,2019.04.06,"스크린 수 선정을 너무 못해 아쉬워요
감동적인 영화였습니다"
BAKI,2019.04.06,너무 슬픔.. 눈물나는 영화
와니바니,2019.04.06,좋아요! 잔잔하게 보기좋아요
joy123,2019.04.06,주변에서 흔히들 겪을수있는 현실적인 스토리라 몰입해서 관람하였습니다.. 마음이 무겁고 할머니 할아버지가 생각이 나네요. 무엇보다 배우분들 연기력에 박수쳐드리고싶습니다~
ch**okr518,2019.04.06,최고입니다 사랑합니다
hr**7302,2019.04.06,우리 주위에 일어날 수... 아니 나에거도 일어날 수 있는 현실을  얘기한 영화 인거 같습니다 영화보는 내내 훌쩍이구 가슴이멍~~~ ㅠㅠ가슴 아린  얘기 였습니다 치매라는 병은  본인보다 주위가족에게  암보다 무서운 질병 인거 같습니다 ㅠㅠ
gi**gioh,2019.04.06,결말이 좀 아쉽습니다만 잘 봤습니다
ch**kdus01,2019.04.06,너무 슬펐어요 상영관이 너무 적어요
tt**109,2019.04.06,감동적이었어요 재미있게 봤네요
YuJung Kim,2019.04.06,"아~ 진짜 너무 명작이에요
보면서 펑펑 울었네요
많이많이 알려졌으면 좋겠어요"
영화보는빵돌,2019.04.06,좋은 연기를 망친 진부한 연출 아쉬워요
오티스트,2019.04.06,기억은  사실을 사실이 아닌 것으로 만든다
ia**ihee54,2019.04.06,"배우님들 연기는 좋았지만 내용이 너무 진부해요
너무나 예상 가능한 딱 그런 내용"
잭잭♡♡,2019.04.06,재미있게 잘 보고나왔습니다
대니,2019.04.06,잔잔한 드라마... 재미로 보는것보다.. 삶을 느끼는
yh**iendship,2019.04.06,"저도 부모님이 계시고
자식이 있다보니
더 슬펐어요ㅜㅜ"
bi**hwood68,2019.04.06,굿! 부모님 생각에 펑펑 움
준땡이아비,2019.04.06,좋은 영화를 본것 같녀요^^
보고나니,2019.04.06,"먹먹해지는 영화.. 
누구에게나 일어날 수 있는 현실적인 소재라 더 슬펐어요.."
말괄량이0311,2019.04.06,일상중에 일어날수 있는일이라 공감되어서..가슴찡했습니다~~
아크맨,2019.04.06,부부나 연인들에게 좋은작품이네요
csk2514,2019.04.06,"가족드라마 겸 노부부의 사랑..
부모님 생각나게 하는.."
pa**jo,2019.04.06,삶에  대한  소중함을 느끼는 시간이었네요
다음세상에도,2019.04.06,슬프고 공감이 가는 영화네요
ab**212,2019.04.06,강추역시 연기좋아요ㅋㅋ
고래친구,2019.04.06,보지를못햇다...허허 싸우지말자요
hy**n7894,2019.04.06,부모님을 한번 더 생각할 수 있는 시간이됬고 정말 낭만적이고 아름다우면서도 슬펐어요
성안동,2019.04.06,한번뿐인 인생을 즐겁게 살아요~♡
숏다리,2019.04.06,"넘 마음이 아프네요 머지않아 다가올
노후를 다시한번 생각해 보게 되네요..."
바바바바밥,2019.04.06,생각보다 볼만함~~~
PYDSK☆P,2019.04.06,생각보다 많이 슬픈영화
대만아아아아악,2019.04.06,처음부터 끝까지 그리고 영화가 끝나고 나서도 계속 울었습니다... 너무 감동적이고 다시 한번 보고 싶다는 생각이 들어요... 많은 생각을 하게되었습니다.. 너무 좋았어요
오곤지,2019.04.06,"영화보면서 이렇게 눈물흘린건 오랜만.. 
영화관이라 속으로 엄청 오열하면서봤어요ㅠㅠ"
하히호히호,2019.04.06,181818에이틴에이틴
똥꼬냥이,2019.04.06,너무 슬픈 영화지만 장면 하나 하나가 인싱깊었어요 꼭 보세요 감동의
광잡스,2019.04.06,조하요 아주 조하요 눈물이 또르르르
jesy81,2019.04.06,엄마랑 같이 봤습니다...특별한 감동은 아니지만....잔잔한 스토리....
won_ji,2019.04.06,가슴 따뜻해지는영화 보는내내 감정몰입으로 울면서 본거같다 영화가 끝난후에도 여운이 길게 남았다
세아이가족,2019.04.06,생각했던 것보다 훨씬 슬프고 감동적인 영화입니다
ma**lesong,2019.04.06,재미있네요..좋아요..
la**bos1,2019.04.06,재미있네요..좋아요..
아름다운 햇살,2019.04.06,슬프다~ 눈물난다~ 슬프다~ 눈물난다~ 슬프다
tl**paak,2019.04.06,"재미있기도하고 슬프기도 했어요
부모님 생각도 나고 많은분들이 보셨으면 상영관이 넘 작아서 아쉽습니다"
치로루나,2019.04.06,정말 인상깊었던 장면들도 많았고 생각이 많아지는 영화였어요 ㅠ 보는내내 눈물도 안멈추고 여태 봤던 영화들중 제일 좋았습니다 연기자 분들 멋진 연기보여주셔서 감사합니다 !
미숭이91,2019.04.06,"공감두 가고...슬프네요 ㅠㅠㅠ이런영화가 더 많은 상영관을 차지해야할텐데 ...하고 남칭구랑 얘기했네요
감동도잇고 생각이많이 하게하는 영화입니다
엄마아빠 사랑합니다"
ba**gh89,2019.04.06,마음에 많이 와닿았네요..
永野芽郁,2019.04.06,재밌기도 하고 너무 슬프네요
도리도리다,2019.04.06,"그냥  아들한심하다  그생각만드는
답답한"
차니써니,2019.04.06,마니. 슬퍼요~ㅠㅠ.
카메라맨,2019.04.06,두배우분의 연기가 너무좋네요 강추합니다
호잇호잇빵야,2019.04.06,배우님들 명품 연기에 감정 몰입이 되었네요. 치매에 대해 한번 생각해보는 영화. 가족의 소중함을 느꼈습니다.
백랑공주,2019.04.06,"누구나 겪게 될지도 모르는 시간이라고 생각하니 
가슴아파요ㅠㅠ
가족이란 의미를 다시 일깨워주는
시간이였어요 
누구나 누구에게나 
서로가 서로에게
모두가 다 소중한 존재입니다♡"
ju**22,2019.04.06,배우연기력이 돋보였네요
공포똥배,2019.04.06,부모님께 보여드렸는데 잘 보셨다고 하시네요. 상영관도 상영하는 시간대도 많이 없어 아쉽네요.
bong7bong7,2019.04.06,"슬픈영화내요...
실상을 다 보여주진
못했지만 그래도 조금은
느껴지내요.."
su**n74,2019.04.06,가슴이 따뜻해지는 영화네요
♡다비♡,2019.04.06,보는내내 먹먹함이 밀려옵니다. 연기력이 정말 ㄷㄷㄷ...
rl**ptns12,2019.04.06,좋아요.배우연기가역시라는 말이나옵니다
와루이스,2019.04.06,피할수도 조심할수도 없는 일.슬퍼요.너무 시끄럽게 관람하시던 어르신들도 슬퍼요
REDSOX,2019.04.06,재미있어요 추천합니다
wj**jd623,2019.04.06,오랜만에 본 영화 기억에 남네요
핫바,2019.04.06,누구나 나이들면 가야되는길에 대해 생각해보게 됩니다
my**manegi00,2019.04.06,재미있네요 눈물바다 영화에요
cr**ev,2019.04.06,안녕하세요안녕하세요
wj**jd207,2019.04.06,누구나 한 번씩은 그때를 꿈꾸죠
01**mmjj,2019.04.06,재미있게ㅡ잘 보았습니다 :)
ce**sagv,2019.04.06,감사합니다 감사합니다
iw**lbeno1,2019.04.06,한 번 더 보고싶은 생각이 드네요
sS다인Ss,2019.04.06,감사합니다감사합니다
iw**lbeno3,2019.04.06,주변사람들에게 추천하고픈 영화
ch**lv,2019.04.06,감사합니다 감사합니다
wj**jd815,2019.04.06,영화 끝나고도 생각나는 영화 보고싶네요
막시무스짱,2019.04.06,잔잔한 감동과 울림이 계속나네요.눈물이 쉴새없이 흐릅니다.추천
♥요요♥,2019.04.06,자녀들이 꼭 봐야 할 영화....
cb**nv,2019.04.06,감사합니다감사합니다
iw**lbeno5,2019.04.06,좋은 영화였어요~ 추천합니다!
cn**ev,2019.04.06,감사합니다 감사합니다
리얼강력추천,2019.04.06,생각보다 볼만했어요..
sj**2820,2019.04.06,영화 엄청 슬프네요..
모래바위,2019.04.06,asdfasdfasfd
mommm,2019.04.06,재미있어요 추천합니다
na**ayal,2019.04.06,재미있었습니다~~~~
순애보,2019.04.06,굿 감동이네요 ㅎㅎㅎㅎ
ku**531,2019.04.06,asdfasdfsadf
go**drns,2019.04.06,재미있어요 추천합니다
yo**052sj,2019.04.06,보는 내내 너무 슬펏어요
hl**mce,2019.04.06,감사합니다 감사합니다
yc**ng,2019.04.06,재미있어요 재미있어요
ak**531,2019.04.06,asdfasdfasdf
sr**024,2019.04.06,감동과 울림이 있는 영화
ㅇㅅㅇ아리,2019.04.06,재밌게봤습니다.!.
sj**2800,2019.04.06,영화 정말 감동적이네요 ㅠㅠ
yw**ch,2019.04.06,노년의 로맨스가 더 아름답다
he**jinya,2019.04.06,좋았음요좋았음요좋았음요
킬링&필링&힐링타임,2019.04.06,"노망에서 로망으로... 노부부의 마지막 여행, 그 행선지는 하늘이었다."
난아직배고프다,2019.04.06,로망은 로망입니다... 로망
츄릅냠냠냠,2019.04.06,adfaewrwerwer
dk**e00,2019.04.06,재밌어요.재밌어요.
ch**r21,2019.04.06,노년의 로맨스에 또 감동 ㅜㅜ
go**lejang,2019.04.06,재미있네요..좋아요..
닉네임프로필,2019.04.06,영화 재밌게 잘 봤습니다.~
hj**lee819,2019.04.06,슬퍼요 나도 나이를먹는구나
강시영,2019.04.06,재미있습니다 슬프네요 ㅠㅠ
as**531,2019.04.06,asdfwerwerwer
데이미언셔젤,2019.04.06,좋아요 좋아요 좋아요 좋아요 좋아요
주니봉이,2019.04.06,정말정말 좋았어요 감사합니다
ge**re,2019.04.06,좋아요좋아요좋아요좋아요
호랑이,2019.04.06,나이듦과 부모님 이야기
an**tron819,2019.04.06,슬퍼요 나도 나이를먹는구나
MANABiYA,2019.04.06,지금의 부모님과 자기자신이 떠올라서 눈물을 흘려버렸네요..  중장년층 분들이 꽤 많으셨던거 같구요 ㅎㅎ
이피루,2019.04.06,슬퍼요 나도 나이를먹는구나
이것은 인생,2019.04.06,부모님이랑 봤는데 정말 먹먹해지는 영화입니다.
ju**oujin98,2019.04.06,잔잔하게 너무 슬픈 영화입니다ㅜㅜ 재밌어요
짹2,2019.04.06,엄청 울었음 ㅠㅠ 배우들 연기가 맘을 더 뭉클하게 하네요ㅠㅠ 부모님께 잘하자!!!!
꼬맹이,2019.04.06,"잔잔하구 소소하게 봤는데
마무리가 조금 아쉬웠어요"
꼬마아재,2019.04.06,곱게늙어가는모습이아름답습니다
dm**lf8923,2019.04.06,감동적이었습니다-!
yi**ul1646,2019.04.06,감동적이면서 슬픕니다
배재준,2019.04.06,"결혼  45년차 노부부가 똑 같이 치매가 걸리게 된다
부부 동반 치매를 다룬 영화로서 향후 일본과 같이 실버시대가 오는데 
새삼 새로운 준비와 대비를 해야 할것 만 같다"
an**school2,2019.04.06,슬프네요 흑흑흑흑흐흑
레오9,2019.04.06,노부부의 사랑 너무 감동적이네요.
호머심슨,2019.04.06,노장배우의 관록이 느껴지는 연기
mj**0331,2019.04.06,괜찮았지만 너무 많은 기대를 하고 봤나봐요.
wo**hoi,2019.04.06,부모님과 꼭 함께보세요~~
mi**om,2019.04.06,괜찬네요 추천드립니다 보세요
go**ju218,2019.04.06,잘 봤어요~~~^^.
윤서기바라기,2019.04.06,감동있는영화였습니다
ch**sang90,2019.04.06,"이순재, 정영숙님 보면서 눈물을 참을 수가 없었어요"
그마이,2019.04.06,이순재 선생님 하이킥 때 부터 팬이였는데 역시 명품연기 잘 봤습니다.. 너무 몰입이 잘 됬고 너무 슬픕니다 눈물 났네요ㅠ 꼭 보시길!
su**ustar18,2019.04.06,너무 슬퍼요ㅠㅠㅠ 다들 연기 너무 잘하시고.. 강력추천합니다!
이녕이,2019.04.06,매자씨는 로망이 뭐에요???
b1**0035,2019.04.06,부모님 보여드렸어요.소중함 같은걸 느끼셨나봐요^^
낭낭버억,2019.04.06,너무좋았어요. 감정울컥해서 엄청울었네요. 진짜 계실때 잘해야겠어요 너무좋았습니다.
ii**ng,2019.04.06,노망 로망 가슴이 먹먹해지네요
행복한 왕비,2019.04.06,"부부간의 사랑을 말해주네요.
감동입니다"
apricity_hn,2019.04.06,보면서 많이 울기도 하고 부모님이 많이 생각 나는 영화였어요... 다음에 엄마랑 한번 더 보러 올께요
미르누리,2019.04.06,배우들의연기는 별로는 평가할수없다.
dp**laks0607,2019.04.06,잔잔하니 좋은 영화네요~
영화와 커피,2019.04.06,내게 올수있는 상황으로 미리 준비할 수 있었으면...
행복코스모스,2019.04.06,미래의 내 이야기일 수 있기에 더욱 마음에 닿았고 가족들과 특히 부부는 표현을 하면서 살아야 겠다는 많은 생각이 떠오르네요. 온 가족이 봤으면. .
모니카송,2019.04.06,다가올 내 미래의 모습일수도있는  그래서인지 더욱더 마음에 와닿는 가슴찡한 영화였어요
졸보기65,2019.04.06,감동적이었어요 나는 어떻게 살아야할까 생각케하는 영화
yh**sect1,2019.04.06,엄청 슬퍼요...ㅠㅠ
초록이,2019.04.06,친정엄마랑 보고싶어서 시골에계신 엄마를  모시고 둘이서 영화를 보게됬는데.?가슴도 뭉클해지고 눈물도 났다 ?옆에계신 엄마가 하신말이.  늙어도 치매는 걸리지 않아야된다고 하셨는데 ?그말이 많이 슬퍼졌다. ?세월이 무셥다
hb**ife,2019.04.06,스토리가 좀 아쉬웠지만.. 치매라는 무서움과 안타까움에 여러 생각을하게 하네요..
10중89,2019.04.06,언젠가 누구에게나 일어날수 있는 슬픈 현실을 담담하게 받아 들여야 한다는건 참 가슴 아프다...
내이름은박진휘,2019.04.06,가족이 꼭 함께 보아야 할 영화! !
새콤오렌지,2019.04.06,"찡합니다~
온가족 함께 봤음 좋겠네요♡"
꼬두람이,2019.04.06,보는내내 가슴이 먹먹..
손진기스칸,2019.04.06,너무잘봣어요 감동!!!!
sy**811,2019.04.06,너무 슬퍼서 영화 보는 내내 눈물만 흘렸네요.. 부모님이 생각나는 영화.. 결말은 조금 아쉬웠지만 오히려 이게 어떤 결말보다도 나았을지도요
수목요일,2019.04.06,다 그렇게 사는건가봐요~
rino,2019.04.06,나이든 사람으로써 남일이 아닌 내용였다. 다시 내 인생을 돌아보는 시간이 되고 건강함에 감사하고 떳떳하게 살아야 한다고 다짐이 된 좋은 영화.
ha**yuri1,2019.04.06,걍볼만해요영화관에서보세요
ga**ugag,2019.04.06,"슬펐어요.
영화같지 않고 현실적이라 더 마음이 아프네요..
나중에 이런일을 겪게되면 담담히 받아들일 수 있을지.."
몽블랑,2019.04.06,평범한 사람들의 가능성있는 설정이어서 리얼함
당당하게 자신있게,2019.04.06,머지않은 내얘기 일거같아  마음이   무겁네요
몽땅이,2019.04.06,노부부의 애잔한 사랑이 가슴에 박혔습니다. 치매가 아니었다면 고봉남씨는 계속 가부장적인 태도를 보였으려나... 그런 생각도 해보고... 폭풍오열
ss**ta11,2019.04.06,1년치 눈물 다흘리고 나왔네요..ㅠ
재미부,2019.04.06,"잔잔하고 아픈 영화내요.
우리네 부모님이 생각나는!"
좋아하는 형,2019.04.06,눈이 부시게 라는 드라마와 함께 추천합니다
버큠,2019.04.06,치매를 현실적이지만 밝게 그려낸 영화...
grommy,2019.04.06,"기슴이 뭉클하네요~
중년이라 많은생각이 들어요"
01**bjs,2019.04.06,"우리의 미래를 보는것 같아요 
슬픕니다"
ir**77,2019.04.06,재밌었고 감동적임~~~~
카타리나,2019.04.06,가슴이 먹먹합니다..
나쁜남자와착한남자,2019.04.06,좋아네요 한번 봐 눈물ㅜㅜㅜ
je**glkim,2019.04.06,오늘 우리들의 삶을 다룬영화네요 감동입니다
gp**s1986,2019.04.06,"엄청 많이 울었어요 
재밌었어요"
블루스3126,2019.04.06,"고령화사회에서 일어날수 있는 치매
부모님세대 물질적 결핍으로 인한 
누가 잘못을 하지 않았지만 
갑갑한 일어난 가족간의 상처"
h9710,2019.04.06,마음한켠이 찡해지는 영화
ke**91,2019.04.06,우리가 겪게 될지도 모르는 일들이라 공감이 ㅠㅠ 중간중간 훌쩍이면서 짠한 감동을 주는 영화입니다
yg**sjh,2019.04.06,요즈음에 많은 치매 가정을 다룬점이 좋았다. 부부가 치매를 걸릴 경우는 흔하지 않다.
kg**2330,2019.04.06,나이듦과 부모님 이야기
ail**nHY,2019.04.06,보면서 아빠 엄마가 많이 생각났어요. 계실때 건강하실때 정말 잘해드려야지 마음 먹게 되는 영화네요. 이순재 정영숙 선생님 검사합니다.
헤드손,2019.04.06,좋았어요 잘봤어요‥ㆍ
pa**46,2019.04.06,부모님과 함께 보거나.
cg**309,2019.04.06,그저 그러네요....
ch**kax6,2019.04.06,너무너무너무너무 슬펐어요....
현녀비,2019.04.06,재미있게 잘 봤습니다~~
뚜년,2019.04.06,계속 눈물이 멈추지않았어요ㅠㅠㅠ
몽이,2019.04.06,"가슴이 먹먹하네요.
우리 주위에 너무 흔한 질병이라
남일 같지가 않네요ㅠ"
sr**ang21c,2019.04.06,눈물없이는 볼 수 없는 영화...ㅠㅠ 부모님께 효도합시다!!
언제나 영화와 엘지,2019.04.06,누구에게나 언제든지 올 수 있는 일. 이를 담담히 받아들일 수 있을까? 슬픈일이지
최강삼성블루,2019.04.06,스토리 등등 모든게 다 최고였어요 정말 재밌게 잘 봤습니다
장상익,2019.04.06,생각 없이 봤는데 너무 훅들어와서 놀랬어요 ㅠㅠ
ocean4,2019.04.06,슬프긴 했지만 좋은영화 었어요
멍지쿵,2019.04.06,슬펐어요ㅠㅠ 이영화보고나서 느낀게 뭐냐면 결혼하고나서 시부모님께 잘해야겠다는 생각도 들고 저희 부모님께 잘해야한다는 생각이 듭니다 ㅜㅜ 영화 끝나기 3~40분전부터 울었어요ㅜㅜ 감동적입니다ㅜㅜ
tjdkgus155,2019.04.06,펑펑 울었다 엄청 울었다
쵸닝닝,2019.04.06,너무 슬프게 잘 본 영화 휴지 두둑히 챙겨가세요
FRANK,2019.04.06,emotional!
연잎프리,2019.04.06,나한테도올수있는현실을바라보는마음이무겁게는껴지네요~그래도마지막을평생살아온남편품에서잠든모습이행복해보이네요
아소 나츠코,2019.04.06,"이순재, 정영숙님의 진심이 담긴 연기에 보는 내내 감탄함. 치매를 겪는 이들을 이해하는데 조금이나마 도움이 될 영화."
jy**717,2019.04.06,"우리 부모님들의 살아온 방식으로 맘이 짠하고 많이 울었어요
누부에게나 올 수 있는 치매..미리 예방할 수 있는 방법은 없을까.."
부엉이,2019.04.06,우리의 앞날을보는듯했어요
여명종,2019.04.06,좋았습니다 이순재할아버지 건강하세요
c1**0314,2019.04.06,슬프지만 어쩔수없는 누구에게나오는 일이기에공감할수있었습니다
영화가좋아요28,2019.04.06,너무슬퍼요 눈물이너무나와요
Southstone,2019.04.06,표현에 서투르지만 이 시대를 열심히 살아오신 우리 부모님들이 가진 소박한 로망을 생각하게 하는 가슴 찡한 이야기~~
덩가니덩가니,2019.04.06,너무연기잘하시는두분 가족영화 꼭보시길.. .
쏘자,2019.04.06,그대를 사랑합니다 치매편
od**266,2019.04.06,"선생님들 연기가 다했네
퀄리티무시하고 그냥 보세요
엄마랑아빠랑 손잡고 꼭"
ki**h6879,2019.04.06,내내 울었습니다.계속 뭉클한 영화에요
페코씨,2019.04.06,소중함을 알게 하는 영화
콰트로치즈와퍼,2019.04.06,처음부터 끝까지 운 영화는 오랜만이라서 좋았어요. 그리고 배우분들도 너무 연기 잘하세요....
M다나,2019.04.06,"남의 일이 아닌 현실이기에 누구나 공감하며 눈물 흘리고 본 영화, 인간이 마지막엔 지나온 시간에 대해 항상 후회를 하고마는 가슴찡한 영화였습니다."
똑똑아리,2019.04.06,지금우리부모이야기..앞으로 우리이야기
길위의고양이,2019.04.06,연출의 올드함 불필요한 삽입음악을 상쇄하는 명연기 그리고 소재가 좋았음
천재,2019.04.06,진정한우리들의뒷을돌아보게한다
fa**16,2019.04.06,"이보다 슬픈 영화는 많았지만 이만큼 울어본 영화는 없었습니다. 두분이 병을 앓으면서 변해가는 모습을 보는 게 두려웠고, 메모를 통해 늦게서나마 서로에 대한 마음, 곁에 있어 주기를 간절히 표현하는 장면이 좋았습니다. 부모님의 소중함도 다시 깨달았고요"
317,2019.04.06,볼만했어요 그냥 쏘쏘였네요
쭈미찡어,2019.04.06,감동보다 현실 타격이 컸던 영화 그 어떤 스릴러보다 무서웠습니다..
찡징어,2019.04.06,평타.. 기대가 컸던걸까요.. 그냥 감동을 넘 기대했나봐요..
minjaeaa,2019.04.06,재미재미재미잼재미재미
샤론jung,2019.04.06,영화보다는 드라마보는 느낌이였으나 가슴찡한면들로 눈시울을 적시기도함
wi**ey980926,2019.04.06,너무 슬프고 재미있어요
오옹이옹,2019.04.06,로망 잘 보고 왔어요~!
현쏘리,2019.04.06,펑펑울었어요ㅠㅠㅠㅠㅜㅜㅜㅜ
li**k416,2019.04.06,부모님 생각하게 하는 영화
자!놀자~^^,2019.04.06,치매관리홍보영화~~~
아임민이,2019.04.06,잘봤습니다. 가슴찡하네요
갓바우,2019.04.06,누구나 겪게 될 일이지만 먼저보니 짠하네요
모노보노,2019.04.06,많이슬픔 그냥저냥 볼만라
황태자1970,2019.04.06,마음이 안좋아요. ㅠㅠ
팡빵빵,2019.04.06,공감도가고 우리의 미래인거같고 잘봤습니다~
SVIP 내가간다,2019.04.06,70대 이상에겐 공감으로 와 닿을 50~60대에겐 가슴으로 느끼는게 많을것 같은 30~40대에겐 자신을 돌아보게 만들 10~20대에겐 많은 생각들을 해보게 할 영화
라벤더아이스크림,2019.04.06,"두어르신의 연기 명연기..
영화가 다끝나고 자막이 올라가도
아무도 자릴 뜨지 못하고 그대로.."
Citizen Vertigo,2019.04.06,존나 지루해~~~~!
B바라기,2019.04.06,그때 그시절은 함께하지 못했으나 떠나는날은 함께하고 싶었던 노부부이야기
hannah C,2019.04.06,부모님께 잘해야겠다는생각과 배우자에게도 잘해줘야겠다는생각이들었습니다 ㅠㅠ
dh**hk3737,2019.04.06,좋았어요오~~~~!
db**us12,2019.04.06,로망슬프고로망스럽다
le**eoyoun75,2019.04.06,"그냥 일단 보세요 완전 강추에요
지금 현재에 잘하기를...
나중은 필요없다는 거!
하...진짜 너무 울어서 눈이 퉁퉁 부었네요"
soo ya,2019.04.06,재밌게 봤다는것보단 가슴한켠이 먹먹하네요;;
pinkgum,2019.04.06,오래오래 사세요~ 가족은 애틋해...
전공주님,2019.04.06,눈물과 콧물이 줄줄 나오는 영화에요 ㅠㅠ 역시 한국영화 최고에요 ㅠㅠ 배우들의 연기도 돋보이고. ㅠㅠ 엄마아빠와 같이 봐도 좋고 부부끼리 봐도 좋아요.
.lee.,2019.04.05,잘봤습니다.．.．.
소심낭자,2019.04.05,부모님~생각에 울컥..!!
ks**517,2019.04.05,어르신들 연기가 좋네요
soomin0304,2019.04.05,자식의 입장으로 진수의 오열 와닿았어요 실제 일어날수있는일이라 생각하니 더 슬퍼지네요
ha**echi72,2019.04.05,저의 부모님이 넘 재밌게 보셨대요
영광이라고생각해,2019.04.05,"믿고보는 배우 이순재 선생님 정영숙 선생님
감동이다 4월3일 개봉하는영화는 다 재밌고 감동이다."
o쭈o,2019.04.05,"따뜻한 가족 영화..
중후반부터 눈물 펑펑ㅠㅠ"
야호야호,2019.04.05,"슬프고 가슴아파요.
우리들의 미래"
쓸비,2019.04.05,"너무슬퍼요 엄마랑같이봤는데 
엄마도 저도 둘다 함께 공감하고 울었어요 ㅠ"
웃음의 여왕,2019.04.05,잔잔하게 감동적이었어요
cham3652,2019.04.05,슬프고 감동적인 영화네요
heidipak,2019.04.05,노익장 두 명품배우의 연기가 정말 감동적이었다
sm**ang217,2019.04.05,"대놓고 울음짜내는 영화일거라고 생각했는데 의외로 덤덤하게 풀어나가면서도 슬픈 부분을 잘 전달한 영화같아서 괜찮게 봤습니다~
억지웃음도 없었고, 현실적인 소소한 웃음과 자극적인 장치들이 많이 없어서 그런지 편안하게 잘 본 거같습니다."
영화비평가,2019.04.05,"감동 그 자체! 내용이 엄청 슬프진 않은데, 와닿아서 뭉클해요.."
다혜마루,2019.04.05,너무슬퍼요ㅠㅠㅠ 할아부지할무니보고시픋나
영화좋아하는 맘,2019.04.05,연기 너무 잘하시고 오랫동안 생각하게 만드는영화입니다
han ☆☆,2019.04.05,치매는 너무도 슬픈병이죠
냥파스,2019.04.05,뻔한 이야기지만 그 뻔함에 뭉클
에버하라,2019.04.05,"엔딩 크레딧에 쏟아지는 눈물
아 보는내내 참았네요 ^^"
Four_Lees,2019.04.05,어르신들의 고민을 잔잔하게 알려주는 우리 사회가 함께 고민해야 하는 문제
ga**ctico424,2019.04.05,며느리가 제일 불쌍함 저런 시아버지상 진짜 개극혐 행동 말투 거를거없이 쌍극혐 저런 가족상 영화 좀 그만 나왔으면
서네.212,2019.04.05,"불란서 말 로망, 당신의 로망은 뭐에요?"
rl**nwls0316,2019.04.05,부모님이랑 같이봤는데...마음이프고 아름다운 영화였어요....
st**ex2121,2019.04.05,감동적이었고 가족의 소중함이 느껴졌습니다.
채왕,2019.04.05,너무너무 슬프고 감동적이네요.. 꼭 보세요
tp**ks7000,2019.04.05,팍 터지는 것이 아니라 차근 차근 차곡 차곡 감정이 마치 탑처럼 견고히 쌓아 웅장함을 보여준다 이것이 진정 연기의 내공일 것이다
rain315,2019.04.05,정말 너무너무 슬픈이야기네요..!
영화2,2019.04.05,현실적이고  연기자  연ㅇ기좋음
eunei,2019.04.05,자신이 기억 못하는 일들이 담긴 동영상을 보면서 무너져내리는 마음을 수백번이나 가다듬고 이 부부는 나이듦으로 자꾸만 흐릿해지는 기억속에서 안간힘을 다해 의지하고 그리고 함께 손을 맞잡습니다. 기억이 히미해질수록 사랑이 선명해지는 감동적이고 뭉클한영화
go**zzang,2019.04.05,너무 재미있고 좋았어요
심봉사님,2019.04.05,꼭 한번 보면 좋을 영화. 꼭
이해일,2019.04.05,인생의 씁쓸함을 담담하게 그려낸....
54048717,2019.04.05,커플 연인 부부들이 같이 한 번 꼭 보면좋을 인생 영화인거 같습니다^^
링고로군,2019.04.05,부모님한테 다시한번 죄송스러웠습니다
fomun,2019.04.05,꿀잼 꼭보세요 너무 아름답고 재밌습니다
훈남아저씨,2019.04.05,어머니와 여동생이 너무나도 울면서 보았다고 합니다.
자몽ing,2019.04.05,"어느 60대 노부부 이야기.. 노래가 
생각나게 만드는 영화였어요..
보는 내내 눈물 훔쳤습니다ㅠㅠ"
sulike,2019.04.05,"안타까운 마음만 들고
현실에서 있을수 있는 일이라 가슴이 너무 아파요."
hj**sh0325,2019.04.05,너무 슬펐어요. 눈물도 주륵주륵
coffeebee,2019.04.05,가족들과 보러 갔는데 정말 뜻깊은 영화였습니다. 이건 무조건 한번쯤 볼 필요가 있다고 생각해요! ㄹㅇ 추천합니다^^
다롬이♡,2019.04.05,마음아픈 이야기입니다 계속울었네요
resilient bumeuer,2019.04.05,간만에.. 좋았습니다~
성찬53,2019.04.05,배우들 너무 훌륭합니다 영화가 너무 감동입니다
(CGV)월향,2019.04.05,사랑스러운 매자할무니 사랑해요 만수무강하세요
즈크리,2019.04.05,훌륭했어요. 너무나 슬프네요.... 저분들처럼 황혼이 되었을 때 내 옆을 지켜줄 사람은 과연 어디있을까요..
룰루,2019.04.05,연기는 너무 좋았고 보는 내내 눈물이 났지만..스토리가 좀 빈약한것 같습니다...제 옆쪽에 한분은 휴대폰만 보시고 앞쪽에 한분은 동영상을 보시더라구요...
qk**ls987,2019.04.05,옛 향수를 느끼며 눈물나는 영화
몽몽돌,2019.04.05,배우들 연기 매우 훌룡함
ilovemovie,2019.04.05,두 분을 통해 많이 배웠습니다.
dbstjdrlf,2019.04.05,누구에게나 예측하기 어려운 ~~
rn**dnr111,2019.04.05,생각이 많아지게.하는 영화였습니다
허허실실7,2019.04.05,내가 치매에 걸린다면 어떻게 해야할지 심각하게 고민해보게 만드는 영화...
시버가네,2019.04.05,먹먹하기도하고 한숨이 나오기도하고  슬프고 아름답고 감동적이고 좋습니다
마요삐삐,2019.04.05,최고예요 공감되서 더 슬펐고 와닿은 영화
싸오쩡,2019.04.05,"모두에게 공감되는 영화입니다.
가족의 의미에 대해 다시한번 생각하게했습니다."
Yoo?,2019.04.05,가슴따뜻해지는 영화였어요 혼자 보고왔는데 여운을 주네요
호산나 엔젤,2019.04.05,한번쯤은 봐야하는 영화네요
POWERpbs2000,2019.04.05,"정말 고마운 영화입니다
저의 부모님들께도 생길수있는
일입니다
또한 저를 돌아보며 반성의
눈물을 흘리게 해주어서
감사한 영화입니다"
토닥토닥58,2019.04.05,"좋았어유 ~~
최고의 영화 입니다"
ik**98,2019.04.05,감동적이고 가슴이 찡했습니다. 노령화시대를 맞아 노인문제에 대해 다시 한 번 생각하게 되는 영화네요
정무비,2019.04.05,아~~ 부모님한테잘해야지~아~
싸랑해요~,2019.04.05,마음이 먹먹해지네요~
쌍암동바밤바,2019.04.05,충분히  나에게 일어날수있는 이야기라 울컥했음.  엄빠한테 잘해야지
"포토티켓성애자, 데헷!",2019.04.05,"아놔~감동먹고 우는 건 좋은데, 코가 막히니까 옆 사람에게 민폐 끼친 듯! 여러분. 부모님과 함께.. 추천각!"
wj**007,2019.04.05,ghgghhhd5yj88olhfsaxgyjjk
so**i1995,2019.04.05,따뜻하고 감동적이었습니다.
예매는 쏘쿨 평가는 낫쿨 !!,2019.04.05,"눈물을 흘릴수 있는 
사람이라면...
꼭 봤으면 하는 영화!!

원로배우의 연기가
눈물을 흘리게 하다못해
가슴까지 울렸다!!

이땅에 내가 존재하는 이유를
다시한번 돌아다보게된다!!"
마덕입니다,2019.04.05,슬퍼요 보는내내울었어요
yo**suh11,2019.04.05,많이 슬펐어요....
ah**y02,2019.04.05,나이 먹어 가면서 내게도 일어날수 있는 일이라 생각하니 먹먹하더군요.내 자신을 잃어버리는 일이 발생하지 않기를 기도해봅니다.
보약 같은 친구,2019.04.05,"노을진 저녁에 흘러간
세월을 보면서"
co**guy169,2019.04.05,"인생을 살아가면서 무엇이 소중한지
잘알고있지만 다시한번 의미를 
깨닫게해준 훌륭한 영화였습니다"
WNok2,2019.04.05,눈물이 안 나올 수가 없었어요
튕클튕클희경,2019.04.05,사랑은 표현하는것..♡ 부부의 로망은 결국 같았다는 행복한 이야기~^^
슈슈쨩짱,2019.04.05,마음아퍼 ㅠㅠ 울엄빠 아프지마 ㅠㅠ 내가잘할게 ㅠㅠ
난언제나니꺼야,2019.04.05,"가족의 소중함을 알게해준
영화였어요 잘봤습니다"
h1**24,2019.04.05,보다가 펑펑 울었어요!!!
lovesome_J,2019.04.05,"외할머니 그리고 엄마,아빠 생각이 많이 나고 떠오르고 그리고 앞으로 먼 훗날 내가 될 수도 있다는 생각하니까 더 먹먹하고.. 보고 나왔는데도 여운이 많이 남고 마음이 무겁네요"
yoouna,2019.04.05,사랑앞에 나이는 숫자에 불과하다.
wj**lssorh20,2019.04.05,"슬프고,감동적입니다
휴지 꼭 들고가셔요"
쌔미쌔미,2019.04.05,품격있는 아름다운 연기!
ka**607,2019.04.05,처음부터 끝까지 눈물 줄줄 짜고나왔음 정말로 원로배우의 감정선과 내면연기는 누구도 따라가기 힘든 뭐라 형용할수 없는 감정들을 불러일으켜서 어디하나 어색함없이 볼수있어요 이순재선생님 눈빛 하나에 울다웃다했습니다
버 그♥,2019.04.05,"50대에   들어서니....
영화를  보는  내내
남일  같지가   않았습니다??"
The Dreamer,2019.04.05,말없이 눈물이 흐른다!!! 상영관수 늘려주세요~
수재사랑,2019.04.05,치매있는 가정의 문제와 치매 부부의 애틋한 사랑을 실감있게 보여주는 영화로 매우 감동을 준다
lo**921102,2019.04.05,슬프고 가슴아프네요 ㅠ
na**unji12,2019.04.05,너무 눈물 나고 슬펐어요ㅠㅠㅠ 저희 할아버지 할머니가 떠올랐고... 또 보라고 하면 그땐 더 펑펑 울거 같아요ㅠㅠㅠ
다람이,2019.04.05,보는 내내 부모님 생각이 났어요. 혹은 나의 미래.. 훌륭한 연기와 연출이라고 생각합니다.  부모님과 같이 보고싶었지만 같이 보았다면 더 많이 울었을것만 같아요. 영화끝나고 부모님께 안부전화드렸네요ㅜㅜ
돌치,2019.04.05,부모님 생각에 완전..
hr**205,2019.04.05,앞만 보고 살아오신 우리네 부모님 이야기..머지않은 누구나 장담할수 없는 나의 이야기
tb**8123,2019.04.05,영화가 잔잔하게 흘러가서 좋았어요
영하트,2019.04.05,잔잔한 스토리에 진지한 삶 좋았어요
행복했던시간..감사합니다,2019.04.05,가슴이먹먹하다...
happy2024,2019.04.05,잔잔하니 함께 인생의 여정을 걷는 노부부의 모습이 감동입니다
레몬하트,2019.04.05,뭉클한 가족애가 느껴지는 영화입니다
kung,2019.04.05,잔잔하면서 애뜻한 노부부 이야기에용! 마음이 지칠때 보면 좋은영화입니당
sh**eon04,2019.04.05,잘 봤어요^^ ~~~~
jy**496,2019.04.05,잘 봤어요~~~^^..
다졍_,2019.04.05,sjsjjsjsjsjjs
vm**aldj81,2019.04.05,"잘 봤어요~~~^^,"
lj**77,2019.04.05,할머니 생각이 나서 영화 보는 내내 울었네요ㅠㅠ 너무 슬프고 마음아픈 영화였어요.. 부분적으로 좀 짜증나는 부분도 있었지만
고양이의보신,2019.04.05,감동적이며 부모님과 함께 볼 만한 영화
alice_97,2019.04.05,"보는 내내 울었다 T.T,,,"
bb**426,2019.04.05,늘 자식 걱정뿐인 엄마 ..내가 내딸 걱정하니 엄마는 내걱정뿐이라 하시네
청음인,2019.04.05,"무거운 주제라고 생각했는데 시간 가는 줄 모르고 봤네요. 이순재님, 정영숙님의 명품 연기 덕분입니다. 명배우는 다르긴 다르네요."
꽁자,2019.04.05,"힘든 세상을 살아 오신 분들의 이야기...
가부장적인 환경에서 어쩔수(?)없이 열씨미 살아 오셨던 세대가 있었죠."
소멍태,2019.04.05,잘 만들어진 연극 한편 본 기분!!
뽈타치,2019.04.05,하나보다는 역시 둘이 낫겠죠... 하...
jo**ja67,2019.04.05,엄마 아버지 자녀가 함께 보는 영화
HAN NA ♥,2019.04.05,그 시대의 그아버지와 그남편.. 호통과 무뚜뚝하기만했던 아버지이자 남편. 내 옆사람의 소중함
뮤디,2019.04.05,나름 생각해볼만영화였음~
타요,2019.04.05,예매해놓고 시간을 착각해서 못봤어요...ㅠㅠㅠㅠ 다시 예매하고 볼게오ㅠ
lo**r5326,2019.04.05,많은 생각을 하는 영화였습니다....굿
75kg 달성!!,2019.04.05,배우의 연기가 정말 좋았습니다.^^
경이댁,2019.04.05,애뜻한 노부부 가슴이 찡하네요.
li**iz,2019.04.05,너무 재미없고 아무 감동없다
지민쟝,2019.04.05,이순재 배우님이 연기를 너무잘하셔서 보는 초반에 짜증 났어요..그치만 뒤로갈수록 할머니 생각해주셔서 좀 나았네요
sunmi♬,2019.04.05,많은 생각을 하게 만드는 영화입니다.너무 슬퍼서 힘들었어요ㅜ
말구여봉,2019.04.05,"엄마 보여드렸는데 잔잔하니 보기좋은 영화.
생각할게 많은 영화인거같아요."
hm**09,2019.04.05,잔잔한 감동이었어요~
윤지사랑76,2019.04.05,너무 슬프지만~가끔 웃긴장면도 있네오~~가슴을 울려요♡
na**921657,2019.04.05,눈물쏙. . 콧물쏙ㅜㅜㅜ
코바2,2019.04.05,재밌게봤습니다. 추천요
ㄱㄹㄷ,2019.04.05,눈물은 흘릴수록 말라간다는데..계속흘러내리는 이유는...뻔한이야기지만 정말 힐링타임으로 제격인 최고의영활 볼수있게해주셔서 감사합니다
아중리,2019.04.05,일어날 수 있어 더 슬픈 공감되는 영화입니다
vip할래,2019.04.05,남일같지않은 내용에 보는 내내 가슴이 울컥....
후니또,2019.04.05,먹먹하고 슬프지만 받아드려야하는 현실
jjuyoung,2019.04.05,"진짜 인생영화에요,, 부모님과 함께 꼭 보세요!"
무궁화~♡,2019.04.05,현실에 넘 와닿네요~~맘이 아파요~
su**9900,2019.04.05,"나의 로망은 무엇인가?
생각해 보는 시간 이였습니다~
원로배우님의 영화 감동 입니다~"
bh**450,2019.04.05,너무눈물나네요ㅠ젊음과나이듬이너무나눠져서삶이힘겹네요?
jeonrahyeon,2019.04.05,가족의 소중함을 알게 해주는 영화
영원한마초,2019.04.05,보는 내내 부모님생각에 눈물이 안그치더라고요!!두분의 노부부 연기는 정말훌륭했습니다.잘봤습니다^^
재희수현,2019.04.05,혼자 너무 감동적이게봤네요
난쏘오공,2019.04.05,보는 내내 눈물이났고 지금 옆에 계실때 부모님께 잘해야겠다는 생각이 들었습니다
CGV RVIP MANIA,2019.04.05,엄마랑 봤는데 맘이 아프고 슬프네요 가족의 소중함을 느꼈어요
좋은영미,2019.04.05,좋았어요! 참  좋았어요
ji**ong314,2019.04.05,보는 내내눈물만 났어요ㅠ 다른병들은 낫는 약이라도 있는데 치매는 없으니 더 슬프고 주변사람들이 더 마음이아픈 거같아요
굿 뮤,2019.04.05,"원로 두 분의 주연, 대단했습니다.
참 많이 울다나왔네요."
wh**lfdbwn,2019.04.05,좋았어요~^^좋았어요~^^
bongbongs,2019.04.05,평가 의미없다 부모님말고 현재 자식들이 봐야하는 영화
wa**56,2019.04.05,슬퍼어요.치매!!! 모든 사람이 겪을수 있어요.
비앙기,2019.04.05,너무 잘봤습니다 자꾸만 뒤돌아보게 만드내요
he**eung,2019.04.05,"살아온 인생을 돌아보게 하며 남은 인생을 어찌 살아야 하는지...두 배우의 훌륭한 연기를 보며  깨닫게 되더라구요
감동적인 가족영화를 보며 저절로 눈물이 주르륵 ㅜㅜ"
jw**10,2019.04.05,누구에게나 올수도있는 미래를 영화를 통해서 공부했습니다
kt**yh,2019.04.05,잘받습니다 전 약간 결말이 아쉬웠다는
호랭,2019.04.05,감동입니다. 오랜만에 맘 따뜻한 영화 관람했네요^^
심심할때영화보기,2019.04.05,잔잔하고 잔잔합니다 아련합니디
sk**jrdls11,2019.04.05,영화를 보는 내내 울었네요 분명 예상되는 스토리인데도 왜 이렇게 눈물이 나눈지 모르겠는 영화였습니다 우리 할머니 할아버지가 생각나고 엄마 아빠가 생각나고 저의 나중을 생각나게 해서 더 좋았습니다
yh**sb3254,2019.04.05,가슴 찡하게 보았네요..
문어문어,2019.04.05,슬프네요~ㅠㅠㅠㅠ 재밌었어용
de**ess79,2019.04.05,"조금은 밍밍한것도 있지만~
치매가족이라면 공감되고 현실을 깨닫게해주네요,,,
가슴이 먹먹해지네요,,,
더~ 많은 상영관과 시간대가 좀 많았으면 해요~"
Corea free man,2019.04.05,가족의 마음을 느낄수 있는 영화
da**m8345,2019.04.05,"오랜만에 자극없는 영화본거 같아요.
치매는 몹시 슬픈 병????"
li**ajelee,2019.04.05,"그럼에도 불구하고, 막상 현실은 비루해지기쉽죠...ㅠㅠ"
모리아티,2019.04.05,로망..배우님들 연기 좋아요
하지마라,2019.04.05,"저마다 감정은 다른께
돌아가신 할머니 두분이 유난히 생각나는 밤이구나ㅠㅠ"
짱어닷,2019.04.05,영화적 평보단 내게 이런 일이 제발 생기지 않길 바라는 마음을 들게 하는 영화.
SONGBANG,2019.04.05,"재미있었음.재미있었음.재미있었음

현실이다...."
apple2u,2019.04.05,그럼에도 불구하고 치매는 영화처럼 아름답지 않아요.
공공구칠,2019.04.05,"감동
ㄱㄲㄱㄲㄱㄱㄲ"
체토리,2019.04.05,"결코 남의 일 같지 않은 상황을 너무 현실적으로 잘 그린 작품이라 몰입감있게 가슴에 확 와 닿았고 저절로 눈시울이 뜨거워졌다.
눈이 부실 만큼 아름다운 연기를 보여주신 배우들과 함께 오래오래 기억날 영화일 것 같아요~♡"
올다,2019.04.05,눈물 흘리면서 봤어요! 생각보다 좋았습니다~
가봉2,2019.04.05,독립영화같은 영화에요
cj**k10ww,2019.04.05,"마음이 짠했어요
부모님 모시고 가볼까했는데
마지막이 슬프다해서 부모님은 못 모시고감
연기력 인정!!!"
bl**9794,2019.04.05,"여러모로 화제가 되었던 치매를 다룬 드라마와 비교가 되며, 엄마의 공책 이란 영화 속 설정과 겹치는 부분도 있고, 영화를 풀어가는 과정도 세련되고 매끄럽지 못해 좋은 연기를 보여준 배우들의 노고를 제대로 보상해 주지 못한 듯 영화."
푸른고양이.,2019.04.05,"배우들의 연기는 좋았으나 그 연기를 살려주지 못하는 편집과 작위적인 설정, 그리고 이야기의 힘이 부족하였던 영화."
아빠의 청춘,2019.04.05,농익은 연기에 흠뻑 젖어듭니다
in due time,2019.04.05,남 애기가 아닌듯 싶네요 정말 연기 좋았습니다.
구태균,2019.04.05,슬펏네요 ㅠㅠㅠㅠ....
sun2 ♡,2019.04.05,감동적이었고 너무슬퍼요 연기잘하는배우님들 덕분에 초집중해서봤네요♡
개미™,2019.04.05,"올것이 왔다 싶으니까
아무렇지도 않아요"
나는야 여왕님,2019.04.05,"우리의 부모님들이 생각난 영화였어요. 전화라도 한통 더 드리고, 한번이라도 더 찾아뵐수 있게 노력해야겠어요"
ka**10,2019.04.05,남녀가 만나 가정을 이뤄 살아가는 인생여정에는 많고많은 일들이 있다. 모든 기억들을 잊어버리고  마는 치매없는 황혼을 보내고 싶은 간절한 마음을 가져본다
핑구._.,2019.04.05,가장 아름다웠던 시간 속에서 기억이 머물렀으면 하는 로망이 생긴 영화
gh**uf90,2019.04.05,부모님께 꼭 보여드리고 싶은 영화네요
Bluesky88,2019.04.05,치매인걸 인지하고 서로를 볼 수 있는 것 또한 또 하나의 로망이 아닐까 생각 봅니다.
as**ay21,2019.04.05,"여러가지 생각이드는 영화네요
슬프기도하고.."
ch**kdbs98,2019.04.04,좋아요재밌어요슬퍼요보새요
jj**3131,2019.04.04,"가족한테 사랑한다는 표현을 자주 하자,"
dmswl00,2019.04.04,너누 슬프고 재밌었어요ㅠㅠㅠ
먀리브,2019.04.04,이렇게 좋은 배우분들로ㅠㅠ 연출이랑 대사 정말 최악이었어요.... 두 장면정도 빼고는 안좋은 한국영화 예시 그 자체였습니다.
ni**hose,2019.04.04,여러가지 생각이 많아지는 감사한 영화였어요
정쏘별,2019.04.04,"잔잔하면서 감동있는 영화였어요
올해 꼭봐야할 영화인거 같아요
이순재님정영숙님 몀품연기에 눈물쏟아내며 봤습ㄴ다
상영많이 했으면 좋겠어요
꼭보세요"
andrew,2019.04.04,전반적 좋았습니다. 연극서부터 호흡을 맞처온 두 배우의 케미스트리도 잘 맞았지만 두 부부가 같이 치매걸린다는 상황이 안타깝고 좀 비현실적입니다
doer1234,2019.04.04,너무 슬펐던 영화네요~과연 나의 부모님도 치매가 오신다면 마음이 참 아프겠단 생각이들었었네요
st**r83,2019.04.04,배우들의 조화가 좋았어요
es**8900,2019.04.04,"이순재 할아버지가 택시 몰고 로망이라는 영화 잘 봤습니다^^
재미있네요^^"
애플민트88,2019.04.04,"사랑하는 사람에겐 표현을  많이, 자주하자"
뺄순이,2019.04.04,그럭저럭 감동적으로 재미있게 잘 보았습니다.
pc**558,2019.04.04,진짜 통틀어 제일 눈물 많이 흘렸던 영화
bo**0333,2019.04.04,가족들이 생각나는..가슴이 먹먹해지네요
사랑하는 대한민국,2019.04.04,어머니넘보고십내요저어머니도치매걸려서가돌아가선내요(벌서1년이내요)
on**ou7,2019.04.04,너무 슬퍼요. 연기들도 너무 잘하고요
재키,2019.04.04,재미있었습니다~~~~
ph**gbb,2019.04.04,많은 생각이 드는 영화였어요 잘 봤습니다:) 배우분들도 고생하셨어요 항상 건강하세요
aew09,2019.04.04,어제 생일보고 실컷울었는데 로망이 또 울리네요 ㅜㅜ 우리의 현시대를 다룬영화같아서  더맘아풉니다 ㅜㅜ
tv**ftlove,2019.04.04,영화 중반부부터 계속 눈물이 나왔다. 아픈 다음 잘해주기보단 평소에 더 다정하게 대해줬다면 어떨까 하는 생각이 들었다.
gm**ndrn,2019.04.04,답답햇던영화 노후를어찌준비해야할까요
mi**arty1,2019.04.04,보는 내내 먹먹했어요 ㅠㅠ
대마왕오징어,2019.04.04,영화를..제대로 못봤다..하도 눈물이나서
연꽃,2019.04.04,"치매
남의 이야기가 아닌것같아요
배우들 연기 짱입니다"
호모 사피엔스,2019.04.04,많이 울었어요! 와이프를 둘이~
이쁜공주,2019.04.04,지지고 볶아도 같이 늙어간다는것. 서로의 죽음을 지켜주는것도 축복이다
미카엘,2019.04.04,1인가구인데..고독사와 치매..등이 남의 얘기가 아닌 시기가 되면...ㅜㅜ 급 우울..
an**holic,2019.04.04,믿고 보는 배우들의 연기력!!!!
cj**ove31,2019.04.04,슬펴요슬퍼요슬퍼버버
Dr.KIM,2019.04.04,꼭 보세요... ㅠ0ㅠ
goldsnake,2019.04.04,현실을 한번쯤 돌아보며 부모님을 생각하게 만드는 영화
부산경찰,2019.04.04,로망하니 로망클랜이 생각나네요
an**a4536,2019.04.04,"시간은 여전히 흐르고, 남은 시간은 계속 줄어들죠. 부디 늦지 않게 애틋함을 느낄 수 있기를..."
별이지수,2019.04.04,너무 좋았어요 찡하고 죄송한 마음도 들고 좋은 영화였어요 모든 배우님들 연기가 최고였어요
wo**8071,2019.04.04,eqwewqewqe
Hadron,2019.04.04,둘이 하나보다야 낫다.
do**so2,2019.04.04,ewqewqewqewewq
so**di94,2019.04.04,좋은 영화에 너무 감사합니다. 배우님들의 연기에 감사합니다
Kwoncci,2019.04.04,6/10 부모님 보여드렸는데...
피터팬은?,2019.04.04,"배우들 연기가 너무좋았어요.
갑자기 화면전환되어서 흐름이 끊길 때도 있었지만요."
Soulmate♡,2019.04.04,"내용이 진부할까 봐 걱정했는데 생각보다 더 진부한 스토리. 1920년대 현진건의 운수좋은날을 패러디한 것 같은 기분이 들었다. 나중에 깨닫고 후회하지 말고, 지금 깨닫고 행복한 인생을 살자!"
bcanta_,2019.04.04,생각보다 덜 짜내지만 아쉽긴 해
즐산,2019.04.04,청춘의 로망을 황혼에 다시 새긴다 ..
띳띳,2019.04.04,"진짜 영화관이어서 참은건데도 오열,,"
최은둥,2019.04.04,잘봤어요~~~ㅎㅎㅎ
????공주????,2019.04.04,보는내내 계속 울기만했습니다 슬퍼요ㅜㅠㅡ
결미,2019.04.04,보다가 친구랑 정말 계속 운 영화! ㅠㅠ
라온누림,2019.04.04,"나에겐 삶의 깊은 울림을 주는 따뜻한 성찰의 영화인데 
80대 중반 부모님과 함께 보긴 너무 아프고 슬프다"
rh**hm722,2019.04.04,잔잔하고 평화로우면서도 깊은 영화였습니다
ki**eun727,2019.04.04,잔잔하게 감동을 울리는 영화이네요
천재한나,2019.04.04,남편과 이렇게 늙고 싶네요. 따뜻한 영화예요.
찜꾹,2019.04.04,잘봣어요 이순재연기 최고일뜻
ks**5345,2019.04.04,노화됨의 슬픔~미우나고우나 남편밖에 없네요~더 노력하럽니다
크리8티브,2019.04.04,어려운 주제를 친절하게 풀었습니다.
pc**712,2019.04.04,장르의 클리셰와 뻔하다지만 너무 울컥
nana,2019.04.04,남의 일이 아닌 멀지 않은날의 나의 일 인것같아 슬퍼지네요
팅클이,2019.04.04,흐엉릉엉ㅇ엉우어ㅓ엉ㄹ루엉
ji**n8256,2019.04.04,치매에 대한 내용은 슬프지만 나온 남자분들 너무 한심
지요니이냥♡,2019.04.04,부모님께 잘해야겠어요
gh**8282,2019.04.04,내가본 순재할아버지의 주연작
jjjooo,2019.04.04,스토리는 그저그랬지만 눈물 나는건 어쩔수 없는듯 ㅠㅠ
wo**js963,2019.04.04,배우들 연기가 다한 영화...너무 슬펐어요
^^초록물고기,2019.04.04,"너무 슬펐어요.
누구에게나 찾아올 수 있는 일이라서 남의 일 같지가 않네요. ㅜㅜ"
ls**606,2019.04.04,"그냥슬펐어요 너무 슬펐어요 마지막까지 슬펐네요
가슴이 먹먹하고 부모님생각나고 슬프기도 따뜻하기도한 그런영화였습니다 추천합니다"
뀨~,2019.04.04,세상에서 가장 아름다운 이별
함양아들,2019.04.04,재미보다는 애틋하고 짠한영화
ji**1joo,2019.04.04,"마음 짠 합니다 
공감하는 나의 스토리"
luvuyuni,2019.04.04,엄마가 생각이 나서 눈물이 났다. 한가지 아쉬웠던 점은 왜 이순재 할아버지는 평상시에 잘하지 평생 부인 고생시키고 잘해주지도 않다가 치매걸리니까 그제서야 조금 잘해주는 척 하는건지 이부분에서 거북했다. 있을 때 잘하자. 모든 권위적인 아버지들아
연커피,2019.04.04,저 역시 부모님 생각에 울컥ㅠ 인생 노년기가 너무 허무하고 슬프네요ㅠ
an486,2019.04.04,너무슬프고 이순재 선생님 연기 너무 잘하세요 부모님 모시고 봤네요
제이z,2019.04.04,이순재선생님의 연기만으로도 볼만한 영화
ma**kboy,2019.04.04,구서두거고서구거고구가사
au**l3535,2019.04.04,고거거거거고고거거거고고
이마루1007,2019.04.04,2019.4.4.머릿속 으로 생각하고 있은중...
jiji85,2019.04.04,돌아가신 부모님 생각에 상영 내내 울면서 봤다. 두 노배우의 치매 연기가 너무 실감나서 더욱 가슴이 아팠다.
영남,2019.04.04,진부하지만 눈물 쏟았네요
wl**ud9702,2019.04.04,넘좋앗어요요요요ㅛㅇ
휴우 ㄷㅎ,2019.04.04,이 영화를 보면서 정말 많이 울었습니다
su**suji0813,2019.04.04,감동재미두마리의토끼를잡을수있었습니댜
혜렁이,2019.04.04,좋았어요..근데 생각보다 덜 감동이다
청보리야,2019.04.04,슬픈영화네요  치매는 정말무서운 병인거같아요 아름다운 노부부의 이야기지만 미래 우리의 모습같기도~~
changhee0922,2019.04.04,제  나이가 66세  입니다  우리도   치매에   대해서  고민할때인데   이  영화를  보고  가슴이  먹먹하고   눈물이   나고  슬프면서  많은것을  생각하게   하는  영화였습니다  배우들의  연기도   좋았습니다
vincis,2019.04.04,슬픈이야기..잘봤어요..
k3**61004,2019.04.04,"눈물이 주룩주룩..
가슴에 잔잔한 울림을 주는 영화!"
ki**heesun1,2019.04.04,ㅠㅠ 아쉽다.  ㆍㄹ스수는ㅇㄷㄴ은ㅇㆍ
쩡야쩡야,2019.04.04,영화보고 생각도 많아지고 잔잔하니 슬프네요 ㅠㅠ
bs**2222,2019.04.04,나는 어려운일  ㅅㆍ는읏?ㅅㄴㆍ
auddkwnvnf,2019.04.04,영화 완성도보단 메시지  위주로보니  눈물나고  꼭  우리내  종착역 같았다   영화가 지루할수 있으니 팝콘같은거
너라서좋아♡,2019.04.04,"보는내내 우리엄마,아빠가 떠오르고...ㅜㅠ 너무 열심히 사셨는데... 조금 더 맘을 표현하며 살아야겠어요... 뻔한데 슬픈...ㅠㅠ"
안산 울산자주왕복,2019.04.04,가슴 뭉클한  우리  내   인생을 살아가는 모습을 보여주는  영화
"d,Alba",2019.04.04,부모님 생각..그리고 저와 남편의 먼훗날까지..참 많은생각과 슬픔이 함께 했어요. 잘 보았습니다!!
hee030,2019.04.04,울 엄마 아빠 항상 건강하게 오래 사세요
je**420,2019.04.04,뻔하지만 슬프고 짠하고~
ne**90,2019.04.04,재밌엇어요~강추강추
sm**36,2019.04.04,부모님 보여드렷어요♥♥♥♥
즐거운짱구,2019.04.04,영화보는 내내 가슴이 먹먹해지는 느낌
희정양,2019.04.04,따뜻한 영화에요 부모님을 생각할 수 있는
카르페 디엠!,2019.04.04,먹먹하고 슬프네요....
david h,2019.04.04,"치매에 대해서 생각하게 하는 작품
배우들의 연기가 인상적임 가족의 소중함을 느끼게 하는 영화"
uk**ul33,2019.04.04,가족의 소중함  사랑하는 사람의 소중함
돌체돌체,2019.04.04,감동적인..그리고 배우분들의 연기에 몰입하며 봤어요 잘봤습니다.
향데렐라,2019.04.04,슬펏어요ㅠㅠ 감동도있구요...
오봉,2019.04.04,"꼭! 보고싶었는데, 보고나니 서글퍼진다. 
열심히 살았는데, 쓸쓸하고외로운노년...ㅠ"
Hyelbine,2019.04.04,보는내내 몰입해서 봤네요.. 이해가되서.. 너무나도 슬픈..
다운공주,2019.04.04,"너무 슬프고 너무 감동,,"
피아오량,2019.04.04,완전 감정이입  남의일같지않다 휴~
be**arin,2019.04.04,국민순재할배♡사랑함돠~
수진다희열무사랑해,2019.04.04,"좋았습니다,.,.,.,~~.,"
김  민,2019.04.04,참세월인생무상이죠벌써50대네요옛날엔빨리어른이돼고싶었는데너무슬프다 ㅠ.ㅠ
미향,2019.04.04,가슴이 먹먹해지는 영화네요.  부모님도 생각나고  사람들이 없어서 울기도 좋고 몰입도가 좋았어요~~
포인트222,2019.04.04,"좋습니다~~~
감동"
막디리대,2019.04.04,감동감동감동감동감동
tj**hdwns11,2019.04.04,꼭 봐야하는영화! 왜 슬픈지는 보면 알고 .. 무조건 봐야되는
wa**99,2019.04.04,볼만합니다 재미있어요
sm**m9296,2019.04.04,쓸쓸한 영화네요....
fl**easy,2019.04.04,부모님 생각에 마음이 짠하네요.
투덜투덜투덜이,2019.04.04,다시 한번보고 싶네요..마음이 너무 아파 펑펑 울어써요
me**shi,2019.04.04,동행하는 사람들이 느끼는 인생 역정
해봉좀비,2019.04.04,"경륜이 보이는 연기, 슬프고, 아타깝고, 아름다운 인생 이야기"
Kgb 2583,2019.04.04,어머니랑 잘봤네요 치매치료방법은없는걸까
pi**lady43,2019.04.04,안탑깝고슬프네요.치매못.고치는걸까요
꾼 사랑,2019.04.04,"부모님그리고 와이프한테 
잘하고 삽시다~~"
루카™,2019.04.04,좋은 영화네요 ㅜㅜ 잘 봤습니다
yu**0707,2019.04.04,한번더 부모님을 생각하게 만드는 영화네요
삐뚤어진 발등,2019.04.04,"로망 영화 너무 감동적이고
좋아요..."
Bluebirds,2019.04.04,꼭 보세요. 반드시 보세요. 아직 젊으세요? 이분들의 모습이 곧 나의 모습이될거예요.
jm**tyle,2019.04.04,어머니가 보시고 오셨는데 많은 생각을 하게 되는 영화라며. 나중에 저렇게 되겠구나 슬프고 공감가는 영화라고 하셨어요
자기하기나름,2019.04.04,생로병사 괴로움의 쳇바퀴는 계속 돌고 있지.
키티,2019.04.04,"슬프고도  잔잔한 영화
코끝이 찡했어요~"
K.써니,2019.04.04,영화 로망 잘 보았습니다
룰루랄라~*,2019.04.04,남 일 같지 않은 안타까움과 애틋함으로 눈물나는 영화였습니다. 살짝 2%부족함도....
아라연이,2019.04.04,마음 아픈시간이 되었네요
미르가람,2019.04.04,바로 우리의 이야기일수 있기에 가슴 아픕니다
꿈너머꿈,2019.04.04,"우리 삶의 로망은 무엇이었을까?
인생의 애환을 동고동락한 노부부의 삶의 무게가 묵직하게 다가와 悲感스럽네요~"
겨울빗방울,2019.04.04,눈물이 그치질 않았습니다
무심돌S,2019.04.04,로망..울면서봤네요
m0**9s,2019.04.04,연기가 너무 좋았습니다.
탱이0125,2019.04.04,가슴 아프지만 현실적이다
모태구,2019.04.04,"보는 내내 할아버지, 할머니 생각이 나서 더 슬펐다."
yalalee,2019.04.04,배우분들 연기가 좋았어요:)
레니0,2019.04.04,볼만햇엉ㅅㅇ룡러어ㅓ어엉
밍굴,2019.04.04,진짜 마음에 여운이 오래남는 영화였어요bb
dudgml,2019.04.04,생각보다 그냥 그랬어요
hi**h21,2019.04.04,부모님이 엄청 슬프고 재밌었다 하셨어요~
지니,2019.04.04,누구도 피해갈 수 없는 나이듦...늙음...언제 어떤 순간을 만나게될 지 아무도 알 수 없으니...지금 내 곁에 있는 사람들 사랑하며 살아야겠어요~♡
이승연,2019.04.04,너무 슬픈영화였어요~~ㅜㅜ
영이11,2019.04.04,완전슬픔 ㅜㅜ 짠하며 감동있는영화에요
자연사랑,2019.04.04,그냥 짜안 영화네용 ㅜ ㅜ
초정이요,2019.04.04,"눈물안어요
저도어르신들모시지만넘  마음이아팠어요"
오후의커피,2019.04.04,노년에 행복하려면 어떻게 해야 할까요? 슬픈 현실ㅠㅠ
st**zero88,2019.04.04,"배우분들의 연기가 훌륭한, 가슴 먹먹해지는 영화!"
qp**pa5,2019.04.04,주변사람에게 평소에 잘하자
오늘 하루만,2019.04.04,저희 어머니도 노년이셔서 어머니를 생각하면서 보게됬네요 좋은 영화 잘봤습니다
만서파파,2019.04.04,"로망 그래요
잘봤습니다"
ye**a0916,2019.04.04,잘 봤습니다. ^^..
br**her33,2019.04.04,"나도 늙으서 이런 상황이 오면~
어떨지~"
aiko.,2019.04.04,감동적이었고슬픕니다
누누우,2019.04.04,정말 너무 슬펐어요 펑펑 울었네요
iambr,2019.04.04,예전에 덕구 보고도 엄청 울었는데 내용도 슬펐지만 이순재님의 파워인거 같아요
지윤:),2019.04.04,내용은 부실하지만 배우들 연기가 최오
min_minn,2019.04.04,극장 개봉으로 볼 수 있어 좋았습니다.
공간 91,2019.04.04,영화 자체는 살짝 아쉽지만 한국 영화계에서 이런 영화를 만들었다는 점만으로도 칭찬하고 싶네요.
yu**07,2019.04.04,부부의 연애 이야기와 부부가 틀어지게 된 이유를 좀 더 보여주고 아버지의 겉은 차도 속은 따뜻하게 여러번 묘사되었음 하는 연출이 아쉽네요 연기력은 좋았어요^^
lteuk13,2019.04.04,"치매어르신이 계신 가정이 어떤 모습으로 변하는지 잘 보여준것 같다. 열린결말이라 더욱 여운이 남으며, 배우님들의 연기는 극의 집중도를 한층 더 올려줬던 것 같습니다."
dexter,2019.04.04,노부부의 애틋한 사연 마음이 아픕니다
가을잎,2019.04.04,이시대 이 현실...가장크게 와닿는부분이지않았나싶습니다...
영관모,2019.04.04,뭔가 가슴이 찡함을 많이 못느껴 조금 아쉽다
ek**s959,2019.04.04,두 배우분의 깊은연기 너무좋았습니다
장발장,2019.04.04,찡한 감동을 주었던 영화네요~~
거의있다,2019.04.04,아... 감독만 좀 더 연출력 있는 사람이었다면 훨씬 좋은 영화가 됐을텐데... 아쉽다.
꿈꾸는잠만보,2019.04.04,"생각했던 것보다 더 슬퍼서 좋았어요. 억지로 울음을 짜내는 것이 아닌 마음에서, 공감이 되서 울었어요. 부모님의 한없는 사랑과 부부 서로의 사랑을 한 번 더 느낄 수 있어서 좋았습니다."
raspy,2019.04.04,슬프지만 웃음도 있는 영화. 있을 때 잘합시다! (그런데 결말 어떻게 된거에요?? 궁금해요 ㅠㅠ)
ru**hl0103,2019.04.04,재밌게 보있습니다 추천드랴요
해미이노,2019.04.04,"역대급 눈물폭탄영화.
배우자와 부모님에게 나는 어떻게 하며 살고 있는지 되돌아보게 만드는 영화."
소덴라잇나우,2019.04.04,"인생이란?!...~.~
젊은 배우들만 멋있는줄 알았는데~이순재 배우님께 매력을 느꼈다~ㅎ 정영숙배우님보다 더~~ㅎ 여자라서? ㅋ"
극장귀신,2019.04.04,삶을 살아가는 것을 반성하게 되고 미래가 두려워진다.  두렵다.
나무와달,2019.04.04,가슴 따뜻한 영화네요ㅠ
한송이,2019.04.04,가슴 아프고 슬프네요!!
J.T  ( svip ),2019.04.04,"소름이 끼쳤다.
연기가 아닌 현실인듯한...
보는 내내 속상했다.
그때의 로망...
이렇게 허무하게
끝나버리는것이 인생인건가..."
"너에게,holic",2019.04.04,울긴 했지만 적당히(?) 슬퍼서 오히려 좋았어요. 연기는 말할 것도 없고.
twin맘~써니,2019.04.04,재미있세 봤어요~~^^
ls**137,2019.04.04,사실 예매했는 사실 조차 잊어버리고 피곤해서 자고 있어서 영화를 보지 못 했어요. 나중에 영화 꼭 볼게요!
씔루기,2019.04.04,"아쉬움이 많습니다.. 연기력 최강분들인데..아..너무 아쉬워요
감동이 올듯말듯..아쉽.."
사랑희망행복,2019.04.04,잔잔하게 너무 슬펐어요 ㅠㅠ
촬지,2019.04.04,아름다운 영화... 기억에남는
돼지,2019.04.04,따뜻하고 뭉클한 이야기
정윶인,2019.04.04,꿈이나 이루고 싶은 소망을 말하는 ‘로망’ 그들의 로망이 슬펐다.
sa**905,2019.04.04,흥미진진한 스토리가 최고
늘푸른바다,2019.04.04,너무 너무 가슴이 아퍼서  혼났어요
ky**121,2019.04.03,"재미를 떠나서
배우분들의 연기 감동이었습니다~
좋은영화입니다"
seozart,2019.04.03,"생각보다 덜 신파여서 좋았다, 두 배우분의 연기는 두말하면 잔소리고..."
시현,2019.04.03,배우들의 연기만 보이는 영화.
아녜스,2019.04.03,엄마가 보셨는데 얼마전 치매로 돌아가신 큰언니가 생각나서 찡~하셨다고 잘 보셨다고 하시네요
우기기우기,2019.04.03,눈물이..저절로나요
co**cool35,2019.04.03,이순재님 연기감탄합니다
kj**219,2019.04.03,어르신들 연기가 좋아요
so**849,2019.04.03,"잔잔하면서두
애절한~~가슴시린"
hi**ajor,2019.04.03,어르신들의 연기만 좋음
만수 평론가,2019.04.03,오랜만에 펑펑 울었네..ㅠㅠ
에릭테일러,2019.04.03,"슬픔도 눈물도 1+1 휴지 필수, 가족과 같이 보면 좋은 영화."
lo**ng9024,2019.04.03,그럭저럭 볼만합니다~
og**go37,2019.04.03,어르신들의연기가 좋음
ps**1005,2019.04.03,내용은 많이 아쉽네요~
ks**512,2019.04.03,맘이 복잡하네요.진짜 내 가족이 닥친 현실이라면..많은걸 생각하게 하는 좋은 영화입니다~
해밀☆,2019.04.03,치매라는 병을 해결할 수 만 있다면
kk**bb0517,2019.04.03,어르신들의 연기만 좋아요
hanna~sh,2019.04.03,영화를 봤는데 현실인듯..그래서 더 마음 아프고 슬펐다.
왕쏘~,2019.04.03,아..엄지척! ?? 좋은 영화 정말 감사합니다!
수학신,2019.04.03,부모님과 아내에게 건강할때 잘해야겠다는 생각이 들게 하는 영화네요.
su**76,2019.04.03,역시 맏고 보는 배우님들 입니다
무비스페셜훤,2019.04.03,치매라는 것이 정말 무섭게 느껴질수도 있지만 어쩌면 가족들에 대한 희노애락을 느끼면서 더욱 더 소중하다는 것을 깨우칠 수 있게 해주는 것이 아닐까 하는 생각이 들게 만들어준 영화이면서 개인적으로는 감정이 북받쳤던 것 같았습니다.
ay**372,2019.04.03,부모님 예매해드렸어요
Dohwa___,2019.04.03,"뻔한 내용이지 뭐
난 절대 안울거야! 하고 갔다가
눈물콧물 흘리고 
다들 훌쩍거리는 소리 듣다 나옴요"
kh**e88,2019.04.03,여러가지 생각이 드는 시간이었네요.
Peter Cgv,2019.04.03,노망이 아닌 로망이다 ㅠㅜ 추천!
하늘색연두,2019.04.03,감동적이고 좋았어요~
미니인절미,2019.04.03,생각보다 좋았습니다.
gg**go51,2019.04.03,너무 많이 울었음 배우들의 연기에 박수를 보냄
뭍에사는고래,2019.04.03,"너무 힘들고 슬픈영화
우리들의  미래?"
gg**101,2019.04.03,치매 걸린 노부부의 이야기를 슬프지만 유쾌하게 풀어낸듯
스텔라___,2019.04.03,두시간내내 울었습니다.... 모두들 꼭 보세요 늙어가시는 우리네 엄마아빠 그리고할머니할아버지 생각도 많이나고... 이건 꼭 보세요 눈물쏙
hyacinth0,2019.04.03,가슴을 울리는 진정한 연기.
nang22,2019.04.03,얼마전에 돌아가신 외할아버지가 이순재할아버지가 연기한 역할의 성격과 비슷해서 눈물 많이 났어요. 연기력은 다 좋은데 중반까지 연출이나 스토리가 약간 아쉽네요.
co**ando5,2019.04.03,자주 사용되는 소재에 다른 영화의 극적인 요소를 모방했지만 배우들의 열연으로 가슴이 먹먹해지는 영화네요.
eu**1500,2019.04.03,부부가함께보아야할영화네요
둥어둥어,2019.04.03,연기력이 엄청나게 뛰어난 영화 부부들이 같이 보면 좋을거 같아요
착한쑥쑥이,2019.04.03,대배우들의 열연과 현실적인 스토리 전개가 마음에 무겁에 내려 앉았다.
qk**ngml9776,2019.04.03,잔잔하게 웃고울고하는 영화였습니다
B평F석8번,2019.04.03,영화가 덤덤하네요 그닥 신파는 아닙니다
my**ripo,2019.04.03,마지막 삶 부부가 함께라면
아희야,2019.04.03,나이가 들수록 너무 무서운 치매...
ze**e80,2019.04.03,"넘 넘 가슴 노부부의 이야기
예전의 가부장적인 아버지의 맘 속에 있던 못 다한 이야기.  영화내내 엄청 울었네요"
jo**iy,2019.04.03,슬프네..ㅠ.ㅠ..
천상천하김은영님독존☆,2019.04.03,너무 펑펑 눈물을 흘려서 몇시간이 지난 지금도 눈이 시리고 피곤하내요..별기대없이  봤다가 힐링타임되었습니다.
신설국,2019.04.03,배우분들의 연기가 영화를 살리네요.
ti**et69,2019.04.03,눈물나네요. ㅠㅠ 추천해요.
광복공주,2019.04.03,보는내내 계속 울면서 봤어요ㅠㅠㅠ
py**ryong1,2019.04.03,이순재 배우님 진짜 존경 스러워요.  스토리는 단편적이지만 배우의 힘으로 영화가 살아난 듯.
뒤돌아보다,2019.04.03,눈이 따끔따끔했어요ㅠㅠㅠ
s1**365,2019.04.03,"펑펑 울고나왔습니다. 실제 제가 겪고 있는 내용이라 더 공감이 가고, 그 아픔을 알기에ㅠㅠ"
mk**sh,2019.04.03,슬플거라고 예상하고 봤지만 그래도 감정 조절이 안 되고 펑펑 울었습니다..울곳이 필요하다면 로망을 핑계삼아 울어보시길.. ㅎㅎ
심통이,2019.04.03,남의 일처럼 느껴졌던 우리 부모님들의 삶이 투영되고 가슴 아프게 그려져서 가슴이 먹먹했다.
wo**c1,2019.04.03,예상가능한 스토리지만 배우들의 연기와 가슴찡한 대사들이 보는 내내 가슴을 울리네요. 휴지 많이 챙겨가세요ㅠㅜ
hieori_,2019.04.03,영화라기보단 연극을 본 느낌. 부모님생각이 많이났습니다...
wl**zoq10822,2019.04.03,감동적이라길래 휴지를 상상이상으로 많이 챙겨서 들어갔다고 생각했는데 너무 감동적이어서 마지막엔 그 많은 휴지를 다 쓰고 소매로 눈물을 훔쳤습니다. 힐링 영화였어요 엉엉 ㅜㅜ
ㅁㅗㅏ,2019.04.03,우리의 삶에서 치매와 죽음이라는 마지막 벽에 대해 생각해볼 수 있는 좋은 시간. 너무 슬프니 휴지 꼭 챙기시기!
eUn,2019.04.03,감동적이였어요.. 한번 더 보고 싶네요.. ㅎㅎ
영화먹는마녀,2019.04.03,"젊은 남봉, 매자 역할을 한 진선규/박보경 배우.
 실제로도 부부이기 때문에 리얼한 부부의 모습을 연기해서 신기했다."
zom,2019.04.03,"뻔한내용이지만,볼만함."
js**sc1234,2019.04.03,눈물 콧물 오지게 빼는 영화에여 많이들 봐주세요
아일락리얀,2019.04.03,어떤영화였는지 궁금하고 기대했는데 그래도 보고싶었던것 많큼은아니지만 만족할만큼 잼있었다
장순석,2019.04.03,"왜이리 가슴이 먹해질까요?
그렇게의술이발달되어도 치매는 잡지못하는것인지ㅡㅡ"
딸기빙수맛나,2019.04.03,가슴이 아프고 시리다. 부부의 오랜인연 그리고 마지막
za**i78,2019.04.03,조아요.삶의무게가 느껴지네요
gu**l3296,2019.04.03,먹먹함과 슬픔으로 긴 여운이 남는 영화
simple짱,2019.04.03,"너무도 가슴아픈..
그리고 너무도 와닿는 슬픈 그 병..한참을 흐느껴 울었어요.."
nrdr,2019.04.03,뻔하디 뻔한 흐름의 전개지만 그 안에서 느껴지는 묵직한 슬픔. 배우분들 연기에 주목할만 하다.
na**20004,2019.04.03,요양병원 장면 나왔을때 너무 암담하더라구요... 현실적인 이야기를 짧은 시간 담으려니 아쉬운 부분도 있었지만  꼭 주변사람들에게 이 영화 추천해주고싶습니다!!
eu**er1,2019.04.03,올드해보이는 스토리지만 진행형인 모습보며~맘아팠어요
영  사랑,2019.04.03,"치매라는고질병 치료법이 개발되어
아름다운노년을보낼수있으면좋겠다라고생각했어요"
ji**301,2019.04.03,"마음이 많이 아팠어요
노인성치매 환자들이 많이 늘어나는 슬픈 현실에 대안이 없네요ㅠ"
운명의만남,2019.04.03,"부모도 되고 자식도 되는
딱 중간 나이를 먹고보니
서글프고 먹먹하고 답답하네"
지연아,2019.04.03,"진짜
내가 나이먹구 저럴텐데
내옆에 남편이라두있으니 말년이 그나마저리처리되지
혼자인 사람은
ㅠ"
Eoms,2019.04.03,병마도 지우지 못한 가슴으로 기억되는 황혼의 사랑과 로망
하우민,2019.04.03,늦게라도 서로의 소중함을 알고 함께 했던 그시간 정말 소중했을 것이고 그모습 멋있었습니다.
se**bia7,2019.04.03,나이듦이 슬픈 영화네요
쨈뽈이,2019.04.03,서로의 치매를 바라보며 아껴주는 부부 보는내내 가슴이먹먹했어요
영화꽝꽝,2019.04.03,"사랑을 표현할 줄 모르는 것과 사랑하지 않는 것은 전혀 다른것이지만 많은사람이 전자를 후자로 오해한다. 한국의 가부장들은 사랑을 표현하는 방법을 배울것!!!
오랜만에 70-80시대의 흔한 멜로물 다시 본듯..."
Douglas. C,2019.04.03,"올드한 그들의 젊고 순수한 이야기.
우리 작심사월만이라도 효도 해보는건 어떨까요?"
코코94,2019.04.03,폭풍눈물이..ㅠㅠㅠㅠ그냥 눈물흐르고 싶을때 보면 좋아요
2소,2019.04.03,"좋았어요. 잘 봤습니다 ,,,"
퀸박,2019.04.03,"누구나 건강한 삶을 원하지만,
뜻대로 되기 힘든것도 건강이지요..
스토리 진행과정에 비해 결과는 대안없이 슬픈 맺음이라 안타까운 마음을 안고 집으로 왔습니다. ."
할것이없네,2019.04.03,엄마랑 그냥 봤어 그냥 그래
다크데빌즈,2019.04.03,펑펑 운거 처음... 친할아버지할머니 생각에 더 복받침
qh**s01,2019.04.03,눈물 참으면서 봤어요 괜찮았습니다
석파령,2019.04.03,"정말로감동적이고 누구나 다 
미래에  겪을일같아서 좋았읍니다
눈물새을자극하는 명품연기에
감사합니다"
11**hee,2019.04.03,로망-아름답고 슬픈 영화
yo**g79r,2019.04.03,눈물이 저절로 나요~~^^
LIz,2019.04.03,여러의미가 있는 여운이 많이 남네요
위키,2019.04.03,로망.. 건강하고 행복하게 사는 인생!
슌쨩,2019.04.03,너무 슬프고 감동적이었어요
영화보고 고,2019.04.03,좋았다! 치매에 관련된 영화라서 좀 더 이해하면서 봤는데 몇십년뒤에는 우리들도 부모님한테 저렇게 행동 할 수 있겠다 싶으면서 치매에 걸린 어른들이  병원에서 있는 게 너무 안타까웠다.
지나 ♡,2019.04.03,정말 너무 가슴이 아프네요~ 펑펑 울었습니다
tk**tl10,2019.04.03,스토리 연출 조금씩 부족하지만 그걸 커버하는 배우들 연기력으로 감동을 주네요.
po**ipna,2019.04.03,"티비에서했던 말이생각났다
''노인을 욕하지마라 네가 갈길인것을''
앞으로 살아가며 어떤 사람과결혼할지모르겠지만
서로사랑하고  오래오래 건강하게 행복하게살고싶어졌다.
부모님께도 항상느끼지만 너무 죄송하더라ㅜ나만생각하고 내입장만생각하고 부모님은 우리만생각하고"
MEGA-BOX,2019.04.03,"부모님 예매해드렸습니다.
너무 슬픈 영화라고 잘봤다고하시는데
부모님이 본인들을 더 생각했으면 좋겠네요"
길킬낄,2019.04.03,전개되는 내용을 보러 갔더니 예고의 내용이 다였다. 시간 끌기위해 일부러 이것저것 넣은 것 같음. 지루하게 길기만 길고 신파적. 차라리 짧고 굵게 만들면 나았을텐데.
mo**eco,2019.04.03,"어머니가 치매라 치매에 대해 이해를 더  해보려고 영화를 관람했다

보는내내 눈물이 절로 흘렀다"
바다,2019.04.03,"친정엄마도 치매 시어머님도 치매라 두 분다 요양원에 계신다 
그래서 영화개봉을 기다렸다 계속 눈물이..."
zhen11,2019.04.03,잘봤습니다 영화 로망..
mi**n0523,2019.04.03,"마음에 와 닿고 현실에 맞게 잘 만들었어요
치매가 현실이니"
bt**btcy,2019.04.03,저는 엄펑 울었어요ㅠ 엄마와보기좋은영화
구래미,2019.04.03,노장들도 꾸준히 연기할 수있는 상황이 이어졌으면 하는 바람이다
ja**doo21,2019.04.03,영화후기 평점이 높아서 본거였는데 솔직히 내가 본 감상은 그냥 그저 그랬다. 두분의 연기로 상쇄해보려해도 좀 구태의연한 극본의 느낌때문에. 그냥 일반적인 그시대 어르신들은 애정표현이 너무 부자연스러운 방식이기 때문에 그들의 방식을 이해한다.
김옥정,2019.04.03,치매가 참 슬픈병이네요~~ ㅠㅠ 그래도 노년에 사랑이 참 아름답습니다~~
jy**in1830,2019.04.03,"결말이 조금 아쉽긴 했지만 그래도 메시지를 충분히 전했다고 보는 영화였습니다. 감정이 메말라간다고 생각했는데 아니었네요..
좋은 영화 잘 봤습니다"
영영^^,2019.04.03,가슴이 아프네요...
산호초2,2019.04.03,"나이든 사람으로서
미래의나를  보는것  같아서
마음아프고 슬펐어요"
신선도사님,2019.04.03,"우리 할아버지 할머니 같고,
우리 아버지 어머니 같고...
꺼이꺼이 울뻔해서 입틀..
펑펑 울다 나왔네여ㅜㅜ"
su**y7965,2019.04.03,부모님 생각도 나고 많이 찡했네요
종구댁,2019.04.03,"부모님을다시보게되는영화  나의노년을생각하게하는영화
감동있는영화
엄마랑같이보고공감한영화"
어쩌라고,2019.04.03,열연하신 배우들껜 죄송하지만 좀 별로..
융엥킹콩춍킹춍킹☆,2019.04.03,"이순재센세땜시봤는디 씹노잼

ㄹㅇ나가고싶은걸 꾹참음"
y0**500,2019.04.03,보는 동안 부모님 생각이 많이 났어요.
qo**ksen1,2019.04.03,건강하고 옆에 계실 때 하루하루 소중한 시간 보내야겠어요
물된동산,2019.04.03,네아주재미있고한편으로슬프넸요.
yb**let,2019.04.03,두 배우님 연기가 정말 좋았습니다!
이목동마,2019.04.03,그렇게 세월은 가고 우리 모두도.
ck**40527,2019.04.03,"노배우 두분의 연기는 굿!!
스토리는 뭔가 좀 어설픈 느낌
엄청 찡하리라 예상했는데 걍걍..
무튼 기억을 잃어가며 산다는건 형벌인거 같음요~"
bl**cind,2019.04.03,두 배우의 연기가 마지막까지 인상 깊습니다.
TinykittenBella,2019.04.03,많이 울고 생각한 영화이다
빌라엠,2019.04.03,글쎄요 현실적인 내용인지?
ke**231,2019.04.03,현실과 다르지 않아 가슴에 닿네요.
베리바다,2019.04.03,가족들이 한번은 생각해봐야될 상황
le**k6181,2019.04.03,아내와 함께하는 감동깊은 시간이었습니다. 부부가 함께 꼭 봐야할 영화라고 생각합니다.
흥겨운코알라,2019.04.03,"슬프다 마음아프다
눈물낟다"
bl**004s,2019.04.03,인생을 건강하게 살다 민폐끼치지 않고 가는 것도 복이지 않을까 생각드네요.
yj**y67,2019.04.03,슬프지만 가슴이 따뜻한 영화였다. 치매로 한순간 내곁에 안계시게 된 엄마가 생각난 영화였다. 내가 그상황이라면.... 자꾸 생각하게 만드는 영화가 아니었나 싶다.
쭘마~~^^,2019.04.03,치매 인구가 많아가는 요즘 생각하게하는 영화~
pk**343,2019.04.03,치매가 두 부부에게 나란히 끼치는 영향들... 남일같지 않아 마음이 짠하네요
쪼꼬쪼꼬♬,2019.04.03,"있을 때 잘해주세요, 아빠..
 - 20대 후반의 딸이"
비안대장,2019.04.03,"박평식 평론가는 4점 젊은연기,늙은연출이라는데..ㅋ
나는 많은사람들이 꼭 봤으면 좋겠다"
영화 짱좋아♡,2019.04.03,부모님생각이 났네여. 두분 연기는 감동~
미소푸웃,2019.04.03,많이 잔잔하기는하지만 볼만함
꼬마생각,2019.04.03,부모님생각도 나고 보는내내 웃다가울다가 그랬습니다
카태,2019.04.03,잔잔하네요 가족에 대해 부모님에 대해 생각하게 합니다
zz**e13,2019.04.03,"보는 내내 눈물이 나네요..
두분 연기가 참 좋습니다"
tg**275,2019.04.03,감동적이고여운을남기는영화였습니다
꿀라떼,2019.04.03,먹먹한데 담담함.. 깊은 여운이 남는 영화..
fr**ku1962,2019.04.03,"슬프다 어떻게 죽음을
맞이해야할지"
kr**m1218,2019.04.03,별로예요~~~!!!
매직랜트,2019.04.03,현실인듯 비현실인듯 담담하면서도 슬프네요!!
go**kick82,2019.04.03,보는내내 울었습니다. 시대상을 반영한 공감가는 소재에 배우들의 명연기까지. 그냥 먹먹해지요
so**n456,2019.04.03,어르신들의 모습이 담겨진 모습이라 짠하지만 중요하게 생각되는 것들을 언급하는 모습같더군요
bo**ie7924,2019.04.03,such a touching story
9v**tualreal,2019.04.03,따뜻하고 아름답고 슬프다
an**729,2019.04.03,가슴 저리게.... 너무 울었네요....
팅ol후리터,2019.04.03,슬픔을 나눌 땐 하나보단 둘이 낫지.
하니도사,2019.04.03,누구나에게 올 수 있는 비극적인 상황
도윤어뭉♡,2019.04.03,"개슬퍼ㅋㅋ
표현하고 살자.
후회할땐 이미 늦어"
주인아씨,2019.04.03,"맘이  짠하네요
우리 신랑한테
잘해야겠어요"
왓캔아이두포유?,2019.04.03,누구에게나 있다. 로망.
놀부,2019.04.03,치매환자가 있는 가정의 고통  표현이 부족하지 않았나?
sn**ersiano1,2019.04.03,현실적인 문제를 혹은 닥쳐올지도 모를 소재를 그 분들의 입장에서 부모입장에서 잘 그려낸 가족영화
tk**3100,2019.04.03,정영숙님 어쩜 연기가 글케 늘질 않을까요..보는 내내 그 생각만!!
si bon,2019.04.03,배우들의 연기가 너무 좋아요
qk**mswl1102,2019.04.03,시작 20분만에 폭풍눈물..너무 슬펐어요ㅠㅠ
ly**in1205,2019.04.03,노배우 두분이서 다 하셨습니다~~순재오빠 짱짱
wo**jung85,2019.04.03,누구에게나 있을수 있는일. 부모님 생각을 많이 하게하는 영화입니다. 가족단위로 보면 좋을 영화 ㅜㅜㅜㅠㅜ 순재 할아부지 연기력 최고입니다 ㅠ
ky**hite,2019.04.03,"예고편과 큰 차이가 있진 않으나, 나중에 어떻게 살았으면, 사랑했으면 했던 영화"
종룡,2019.04.03,내가족을 돌아보게 하는 소재
hr**ob1,2019.04.03,우리 가족을 떠올리게 하는
ghke,2019.04.03,두 배우님이 부여한 설득력
tr**d609,2019.04.03,힝힝힝힝ㅎㅎㅎㅎㅓㅓㅓ
tj**dwns21,2019.04.03,담담하게 따라가다 끝내 먹먹해지네요~ 좋은 영화
SMILE SMILE,2019.04.03,있을 수 있는 일이라 더 먹먹한
바다와구름,2019.04.03,노부부간의 슬픈이야기
한이맺힌줌마,2019.04.03,슬프고.감동.?짠해집니다
hu**636,2019.04.03,부모님도 보여드려야겠다
flaneur335,2019.04.03,배우들의 연기가 ㅜㅜㅜ 감동인 영화
산들내,2019.04.03,"인생을 돌아보는 영화
좋았어요"
sw**18,2019.04.03,"영화를 보면서 마음 깊은곳에서부터 울림을 느끼게 해 준 영화입니다.
배우들의 연기도 너무 좋았습니다.
부모님모시고 또 보고 싶어요"
센트럴,2019.04.03,"너무 슬프고 부모님생각에
눈물이 났어요"
jh**mk,2019.04.03,억지 신파로 흐를 수 있는 이야기를 너무나 자연스럽게 표현한 영화인 것 같네요. 그래서 여운이 오래 남습니다. 이번 주말에 부모님 꼭 찾아뵈야겠어요^^
얏호,2019.04.03,많은 것을 생각하게 한 영화.. 한동안 가시지 않을 여운
im.you,2019.04.03,"보는 내내 부모님생각에 마음이 뭉클했어요.
부모님과 함께 보시면 좋을듯 해요.
슬픔속에 따뜻함이 자리잡는 그런 영화네요.그래서 그런지 여운이 깊게 남습니다."
wo**1030,2019.04.03,치매에 걸린 노년 부부의 로맨스가 아름답고 감동적으로 다가오네요~ 가족이 함께 보면 더 좋을듯 합니다
lu**luna,2019.04.03,쥐어짜는 눈물이 아니라 가슴 먹먹한 로망이 있는 영화라 좋았습니다~
치타쿠,2019.04.03,이 봄날을 가슴 따뜻한 영화로 시작할 수 있어서 행복했습니다
ks**327,2019.04.03,오랜만에 감동적인 영화를 보았내요. 친구와 봤는데.. 부모님께도 꼭 보여드리고 싶은영화내요.
바위절,2019.04.03,"로망을 꿈꾸며 살다가
어느 순간 로망을 잊는다."
sa**ejwjy,2019.04.03,가슴을 적시는 감동과 얼굴을 적시는 눈물  ㅠㅠ 부모님과 꼭 봐야 할 영화
카이안,2019.04.03,"반가워 반가워요 로망
그래도 하나보다는 둘이 낮지"
웨인룬히,2019.04.03,노년부부의 로망을 잘 보여주네요.
건설부장,2019.04.03,두 배우의 명품연기 너무 멋지네요.
무대뽀우기,2019.04.03,노년부부의 로망스를 보여주는 영화네요 강추
효주s,2019.04.03,"치매에 걸린 아버지의 시선을 따라 가는 영화는 의외로 담담하다. 무뚝뚝한 우리네 아버지였던 조남봉은 먹고 사는 것에 바빠, 아내 이매자의 작은(?) 로망 하나 이루어주지 못했다. 하지만 마지막 생을 다하는 그순간을 함께 할 수 있음에 감사하였다."
후회없는 영화관람 후회없는 굿즈사랑,2019.04.03,치매걸린 노부부의 이야기라 마냥 슬플 줄 알았지만 소소한 웃음과 감동이 적절하게 버무린 노년의 로망스였다.
안동찜닥,2019.04.03,치매양화 잘 보았습니다
(비화돈),2019.04.03,45년차 노부부의 애틋함  먹먹함  사랑할수 있음에 감사
re**0314,2019.04.03,"별생각없이 봤는데~
감동적이고 깊은 여운이 남는다.
부모님 생각이 많이 난다"
yh**e1849,2019.04.03,엄마랑 같이 보기에 좋았어요
nk**849,2019.04.03,가슴..먹먹한...
ne**q79,2019.04.03,이순재할아버지...ㅠㅠ
클c,2019.04.03,그 어떤말보다 영화를 추천하고프다. 너무 고마운 영화
하랑이 마미,2019.04.03,소중함을 잃었던 내가 미안해요. 고마워요
aa**075,2019.04.03,하나보다 둘이 낫지.. 강추합니다.
aa**011,2019.04.03,고마워요. 내곁에 있어줘서..
o2o0ry7,2019.04.02,잘 관람하고 왔습니다.
톨토리_,2019.04.02,저예산의 한계와 전형적인 흐름에도 불구하고 주연배우들의 연기가 마음을 울린다.
do**adan,2019.04.02,나라면 어떻게~ 부모님과 같이보세요.
daheemo,2019.04.02,오늘 시사회로 보고왔어요...걱정과 다르게 많이 슬프지만도 않고 ...눈물은 쏟았지만 ...진짜 현실감도 있고 치매를 일반 방송보다 조금이라도 아름답게 포장해주셔서 감사해요~~
hyun-♥,2019.04.02,"너무...슬플거 같았는데, 생각보다...안슬펐음"
파란별멜로디,2019.04.02,보면서 펑펑 눈물 쏟은 영화ㅠㅠ
ye**k0001,2019.04.02,영화를 보고서 부모님께 안부전화를 하였다..
ky**319,2019.04.02,부모님과 같이 보면 더욱 좋은영화
aooa1014,2019.04.02,관록이 느껴지는 노배우들의 아름다운 로망스를 보고 왔습니다. 서로 버팀목이 되어 의지하고 메세지로 소통하려는모습이 굉장히 귀엽게 느껴졌습니다.
태평성대,2019.04.02,가슴 찡하네요.좀 두렵기도하고 걱정도 되고.배우님들 연기는 물론 훌륭합니다.
al**qaf,2019.04.02,흠. 조금 별로였어요.
kh**1116,2019.04.02,전개빠른 드라마를 보는것같다
yu**suok,2019.04.02,"이제 세상에 단 둘만 있는 것처럼 삽니다
매일 기억이 흐릿해지지만, 먹고 사느라"
Wed A,2019.04.02,티슈는 필수입니다 ㅠㅠ
만코,2019.04.02,연기가 좋네요. 찡해요~
S.칼엘,2019.04.02,감동적인 이야기에 눈물이...
그랜저IG,2019.04.02,돌아가신 어머니 생각나게 하는작품
cinemascope,2019.04.02,가슴 따듯해지는 이야기입니다
Bluetooth,2019.04.02,감동적이고 가족적인 이야기였습니다
cestsibon,2019.04.02,이순재와 정영숙 두 노배우의 연기에 경의를
영법,2019.04.02,치매부부의 이야기가 그리 슬프기보다는 가족간의 관계를 생각케하는
취미가혼영,2019.04.02,세대마다 각각 다른 로망이 있다는걸 알려주네요. 오죽하면 자식들 밥 안 굶기는게 로망이었을까? 젊은 사람들은 그 점을 생각해야 노인 세대를 이해할 수 있을것 같습니다.
2s**blue,2019.04.02,실버영화가 더 많이 제작되는 계기가 되길
영화가 좋다,2019.04.02,두 노배우의 눈부신 로망
so**anna1229,2019.04.02,<눈이 부시게>에 이은 감동~
Bongs Lab,2019.04.02,<어웨이 프롬 허>에 비하면 얕은 깊이
me**y30,2019.04.02,눈이 부신 기억의 시간들
su**joonkjh,2019.04.02,괜찮았어요. 추천합니다.
al**d07090,2019.04.01,로망로망로망로망로망
jy**60,2019.04.01,로망로망로망로망로망
동동e,2019.04.01,재미있게 관람했습니다
헌터,2019.04.01,치매 부부가 끝내 선택한 길
고흐동생고갱,2019.03.31,로망은 멜로망스것이 아니었다.
TOTTENHAM,2019.03.30,좀 더 나이가 들 필요가 있다;;;
스윗허밍,2019.03.29,눈이 부시게 생각도 나고 슬프네요
이츠레드,2019.03.29,ㅜㅜㅜㅜ별로였어요..ㅠ
스누피,2019.03.29,영화 로망 화이팅^-^
cm**01,2019.03.28,좋아요좋아요좋아요~~~
jumup1125,2019.03.28,좋아요좋아요좋아요좋아요좋아요
zion.,2019.03.28,드라마 눈이부시게부터 요즘 노년들의 이야기가 더 깊은 울림을 주는것같아요. 눈물쏟으면서 봤습니다
jj**2164,2019.03.28,눈물 콧물 다 쏟아냄 ㅠㅠ 이순재 할아버지 자주 뵙고 싶어요
ss**520,2019.03.28,정말 많이 울었어요 ㅠ ㅠ 감동적이고 마음 따뜻해지는 신선한 로맨스네요.
oo**y4,2019.03.28,진짜 눈물 콧물 다 흘렸다 ㅜㅜㅜ
na**rt94,2019.03.28,"ㅠㅠㅠ배우분들 연기도 다좋고 올해 흘릴눈물 다흘렸어요,,ㅠㅠㅠ 너무감동적!"
joowwwww,2019.03.28,ㅠㅠㅠ  할머니 할아버지 생각나서 눈물났음 .. 뭉클하고 감동적이었어요
ni**lesin93,2019.03.28,ㅠㅠ 진짜 따뜻한 사랑이야기였습니다 ㅠㅠ 찾아오는 4월 모두 영화보시고 따뜻한 마음 받아가시길...
바로바로바로,2019.03.28,눈물나는 감동 어른 로맨스ㅜㅠ 담에 부모님이랑 또 오려구요ㅜㅠ
jojorla,2019.03.28,드라마 눈이부시게부터 요즘 노년들의 이야기가 더 깊은 울림을 주는것같아요. 눈물쏟으면서 봤습니다
qhdud5749,2019.03.28,봄처럼 너무나 따뜻한 영화..ㅠㅠ 가슴 한켠이 아릿한 영화네요
사스가갓스날,2019.03.28,따뜻한 봄날의 시작에 만난 감동적인 로맨스! 나이가 들면서 더 생각날 것 같은 아련한 로망
nh**hj92,2019.03.28,시사회로 봤는데 가슴 뭉클해지고 너무 좋았어요! 많은걸 느끼게 해주는 감동적이고 좋은 영화였습니다. ㅠㅠ
uriii79,2019.03.28,연기도 bbb 이런 착한 영화가 흥해야 한다!!
se**gpill90,2019.03.28,이런게 진짜 눈물 쏟는 영화...
ph**363,2019.03.28,가슴 먹먹해지는 영화~
sm**eally,2019.03.28,"So, very tired"
mo**lightoh,2019.03.28,감동적으로 잘봤습니다.
김머글,2019.03.28,오직 연기로 멱살 잡고 간다.
